[{"model": "admin.logentry", "pk": 1, "fields": {"action_time": "2026-02-23T13:14:32.478Z", "user": 1, "content_type": 10, "object_id": "f8596564-5c0f-4042-80ba-2aeca2fe5696", "object_repr": "Rule 1", "action_flag": 3, "change_message": ""}}, {"model": "admin.logentry", "pk": 2, "fields": {"action_time": "2026-02-23T13:14:32.480Z", "user": 1, "content_type": 10, "object_id": "f68728cf-d3a1-4515-8b32-129cc3a13aed", "object_repr": "Rule 7", "action_flag": 3, "change_message": ""}}, {"model": "admin.logentry", "pk": 3, "fields": {"action_time": "2026-02-23T13:14:32.482Z", "user": 1, "content_type": 10, "object_id": "ec1bcf1a-7f37-417f-9664-42e4545f570e", "object_repr": "Rule 7", "action_flag": 3, "change_message": ""}}, {"model": "admin.logentry", "pk": 4, "fields": {"action_time": "2026-02-23T13:14:32.484Z", "user": 1, "content_type": 10, "object_id": "d569cc09-94a6-4a50-b06d-664199396581", "object_repr": "Rule 6", "action_flag": 3, "change_message": ""}}, {"model": "admin.logentry", "pk": 5, "fields": {"action_time": "2026-02-23T13:14:32.486Z", "user": 1, "content_type": 10, "object_id": "cd1c5805-aa32-4d3e-a35d-3db0a4343628", "object_repr": "Rule 5", "action_flag": 3, "change_message": ""}}, {"model": "admin.logentry", "pk": 6, "fields": {"action_time": "2026-02-23T13:14:32.488Z", "user": 1, "content_type": 10, "object_id": "bdac234c-d29a-40ff-bd7b-1368a101cffc", "object_repr": "Rule 3", "action_flag": 3, "change_message": ""}}, {"model": "admin.logentry", "pk": 7, "fields": {"action_time": "2026-02-23T13:14:32.490Z", "user": 1, "content_type": 10, "object_id": "b9a8f1e0-8992-4f71-a03a-8748b35ef742", "object_repr": "Rule 2", "action_flag": 3, "change_message": ""}}, {"model": "admin.logentry", "pk": 8, "fields": {"action_time": "2026-02-23T13:14:32.492Z", "user": 1, "content_type": 10, "object_id": "87ba013b-e5c1-448f-807a-8f1bc7e87f91", "object_repr": "Rule 2", "action_flag": 3, "change_message": ""}}, {"model": "admin.logentry", "pk": 9, "fields": {"action_time": "2026-02-23T13:14:32.494Z", "user": 1, "content_type": 10, "object_id": "6fb1e6df-9e50-405d-95f3-47b0172e69e3", "object_repr": "Rule 10", "action_flag": 3, "change_message": ""}}, {"model": "admin.logentry", "pk": 10, "fields": {"action_time": "2026-02-23T13:14:32.496Z", "user": 1, "content_type": 10, "object_id": "6c30ee3d-26eb-446a-9f90-54086ef60aed", "object_repr": "Rule 8", "action_flag": 3, "change_message": ""}}, {"model": "admin.logentry", "pk": 11, "fields": {"action_time": "2026-02-23T13:14:32.498Z", "user": 1, "content_type": 10, "object_id": "65e7b176-5b3a-48fd-ba19-c2d247dbe28e", "object_repr": "Rule 6", "action_flag": 3, "change_message": ""}}, {"model": "admin.logentry", "pk": 12, "fields": {"action_time": "2026-02-23T13:14:32.500Z", "user": 1, "content_type": 10, "object_id": "4aa17e6c-b64b-41c7-8d88-ccc42a60d04b", "object_repr": "Rule 9", "action_flag": 3, "change_message": ""}}, {"model": "admin.logentry", "pk": 13, "fields": {"action_time": "2026-02-23T13:14:32.503Z", "user": 1, "content_type": 10, "object_id": "4279f9f0-d64f-4606-82c6-0545be2965dc", "object_repr": "Rule 10", "action_flag": 3, "change_message": ""}}, {"model": "admin.logentry", "pk": 14, "fields": {"action_time": "2026-02-23T13:14:32.505Z", "user": 1, "content_type": 10, "object_id": "3f8dd31c-5138-49b1-98d7-8dd161eed60a", "object_repr": "Rule 3", "action_flag": 3, "change_message": ""}}, {"model": "admin.logentry", "pk": 15, "fields": {"action_time": "2026-02-23T13:14:32.507Z", "user": 1, "content_type": 10, "object_id": "3e2f7f1b-c194-4e7c-a628-00f7ac943153", "object_repr": "Rule 4", "action_flag": 3, "change_message": ""}}, {"model": "admin.logentry", "pk": 16, "fields": {"action_time": "2026-02-23T13:14:32.509Z", "user": 1, "content_type": 10, "object_id": "373d65a5-d8a5-4991-a8bb-db3f12666879", "object_repr": "Rule 4", "action_flag": 3, "change_message": ""}}, {"model": "admin.logentry", "pk": 17, "fields": {"action_time": "2026-02-23T13:14:32.511Z", "user": 1, "content_type": 10, "object_id": "32000c1d-74ed-489b-8c5b-d53c8fa4f409", "object_repr": "Rule 8", "action_flag": 3, "change_message": ""}}, {"model": "admin.logentry", "pk": 18, "fields": {"action_time": "2026-02-23T13:14:32.513Z", "user": 1, "content_type": 10, "object_id": "22cb3686-9810-43b3-9fe6-6ad9d62cbc23", "object_repr": "Rule 1", "action_flag": 3, "change_message": ""}}, {"model": "admin.logentry", "pk": 19, "fields": {"action_time": "2026-02-23T13:14:32.515Z", "user": 1, "content_type": 10, "object_id": "16a2c0a0-7d8b-4124-a7de-1fa2149b1da9", "object_repr": "Rule 9", "action_flag": 3, "change_message": ""}}, {"model": "admin.logentry", "pk": 20, "fields": {"action_time": "2026-02-23T13:14:32.519Z", "user": 1, "content_type": 10, "object_id": "0462da0a-69d3-4b28-97c1-d6dfde10c630", "object_repr": "Rule 5", "action_flag": 3, "change_message": ""}}, {"model": "admin.logentry", "pk": 21, "fields": {"action_time": "2026-02-24T06:12:10.695Z", "user": 1, "content_type": 10, "object_id": "cb2766ff-6e7a-487e-9106-639c59950a73", "object_repr": "Rule 5", "action_flag": 2, "change_message": "[{\"changed\": {\"fields\": [\"Status\"]}}]"}}, {"model": "admin.logentry", "pk": 22, "fields": {"action_time": "2026-02-24T06:12:16.428Z", "user": 1, "content_type": 10, "object_id": "c8b6c6c1-5996-4467-a098-b787c41cdb85", "object_repr": "Rule 9", "action_flag": 2, "change_message": "[{\"changed\": {\"fields\": [\"Status\"]}}]"}}, {"model": "admin.logentry", "pk": 23, "fields": {"action_time": "2026-02-24T06:12:38.061Z", "user": 1, "content_type": 10, "object_id": "09765baf-4a7c-4859-bcec-da15562c6a5b", "object_repr": "Rule 9", "action_flag": 2, "change_message": "[{\"changed\": {\"fields\": [\"Status\"]}}]"}}, {"model": "admin.logentry", "pk": 24, "fields": {"action_time": "2026-02-24T06:12:45.380Z", "user": 1, "content_type": 10, "object_id": "09765baf-4a7c-4859-bcec-da15562c6a5b", "object_repr": "Rule 9", "action_flag": 2, "change_message": "[{\"changed\": {\"fields\": [\"Status\"]}}]"}}, {"model": "admin.logentry", "pk": 25, "fields": {"action_time": "2026-02-24T06:17:13.607Z", "user": 1, "content_type": 11, "object_id": "f4ed7247-7594-4644-a368-f17ce493da92", "object_repr": "asds", "action_flag": 1, "change_message": "[{\"added\": {}}]"}}, {"model": "admin.logentry", "pk": 26, "fields": {"action_time": "2026-02-24T06:17:26.160Z", "user": 1, "content_type": 11, "object_id": "f4ed7247-7594-4644-a368-f17ce493da92", "object_repr": "asds", "action_flag": 2, "change_message": "[{\"changed\": {\"fields\": [\"Status\"]}}]"}}, {"model": "admin.logentry", "pk": 27, "fields": {"action_time": "2026-02-24T06:17:57.782Z", "user": 1, "content_type": 11, "object_id": "f4ed7247-7594-4644-a368-f17ce493da92", "object_repr": "asds", "action_flag": 2, "change_message": "[{\"changed\": {\"fields\": [\"Status\", \"End date\"]}}]"}}, {"model": "admin.logentry", "pk": 28, "fields": {"action_time": "2026-02-24T06:18:07.178Z", "user": 1, "content_type": 11, "object_id": "f4ed7247-7594-4644-a368-f17ce493da92", "object_repr": "asds", "action_flag": 2, "change_message": "[{\"changed\": {\"fields\": [\"End date\"]}}]"}}, {"model": "admin.logentry", "pk": 29, "fields": {"action_time": "2026-02-24T06:19:49.372Z", "user": 1, "content_type": 11, "object_id": "dbe69db6-a83d-428f-9c0a-7f045c27d798", "object_repr": "Valley", "action_flag": 2, "change_message": "[{\"changed\": {\"fields\": [\"Status\"]}}]"}}, {"model": "admin.logentry", "pk": 30, "fields": {"action_time": "2026-02-24T06:21:06.666Z", "user": 1, "content_type": 11, "object_id": "f4ed7247-7594-4644-a368-f17ce493da92", "object_repr": "asds", "action_flag": 2, "change_message": "[{\"changed\": {\"fields\": [\"Status\", \"End date\"]}}]"}}, {"model": "admin.logentry", "pk": 31, "fields": {"action_time": "2026-02-24T06:34:43.406Z", "user": 1, "content_type": 13, "object_id": "1", "object_repr": "every minute", "action_flag": 1, "change_message": "[{\"added\": {}}]"}}, {"model": "admin.logentry", "pk": 32, "fields": {"action_time": "2026-02-24T06:40:27.505Z", "user": 1, "content_type": 14, "object_id": "2", "object_repr": "Expiry: every minute", "action_flag": 1, "change_message": "[{\"added\": {}}]"}}, {"model": "admin.logentry", "pk": 33, "fields": {"action_time": "2026-02-24T06:53:23.576Z", "user": 1, "content_type": 11, "object_id": "f4ed7247-7594-4644-a368-f17ce493da92", "object_repr": "asds", "action_flag": 2, "change_message": "[{\"changed\": {\"fields\": [\"Status\"]}}]"}}, {"model": "admin.logentry", "pk": 34, "fields": {"action_time": "2026-02-24T06:57:10.255Z", "user": 1, "content_type": 11, "object_id": "f4ed7247-7594-4644-a368-f17ce493da92", "object_repr": "asds", "action_flag": 2, "change_message": "[{\"changed\": {\"fields\": [\"Status\"]}}]"}}, {"model": "admin.logentry", "pk": 35, "fields": {"action_time": "2026-02-24T06:59:08.101Z", "user": 1, "content_type": 11, "object_id": "f4ed7247-7594-4644-a368-f17ce493da92", "object_repr": "asds", "action_flag": 2, "change_message": "[{\"changed\": {\"fields\": [\"End date\"]}}]"}}, {"model": "admin.logentry", "pk": 36, "fields": {"action_time": "2026-02-24T07:04:04.019Z", "user": 1, "content_type": 11, "object_id": "f4ed7247-7594-4644-a368-f17ce493da92", "object_repr": "asds", "action_flag": 2, "change_message": "[{\"changed\": {\"fields\": [\"Is active\"]}}]"}}, {"model": "admin.logentry", "pk": 37, "fields": {"action_time": "2026-02-24T07:06:39.821Z", "user": 1, "content_type": 11, "object_id": "f4ed7247-7594-4644-a368-f17ce493da92", "object_repr": "asds", "action_flag": 2, "change_message": "[{\"changed\": {\"fields\": [\"Is active\"]}}]"}}, {"model": "admin.logentry", "pk": 38, "fields": {"action_time": "2026-02-24T07:09:17.261Z", "user": 1, "content_type": 11, "object_id": "21fc36b5-3d80-4bdd-8382-097106449d45", "object_repr": "dfsdafsdfasdaf", "action_flag": 1, "change_message": "[{\"added\": {}}]"}}, {"model": "admin.logentry", "pk": 39, "fields": {"action_time": "2026-02-24T07:09:48.722Z", "user": 1, "content_type": 11, "object_id": "bee4b550-bf9c-4ebd-8b16-f632d6e816cc", "object_repr": "s", "action_flag": 1, "change_message": "[{\"added\": {}}]"}}, {"model": "admin.logentry", "pk": 40, "fields": {"action_time": "2026-02-24T07:10:00.209Z", "user": 1, "content_type": 11, "object_id": "f4ed7247-7594-4644-a368-f17ce493da92", "object_repr": "asds", "action_flag": 2, "change_message": "[{\"changed\": {\"fields\": [\"Year\", \"Is active\"]}}]"}}, {"model": "admin.logentry", "pk": 41, "fields": {"action_time": "2026-02-24T07:10:08.127Z", "user": 1, "content_type": 11, "object_id": "bee4b550-bf9c-4ebd-8b16-f632d6e816cc", "object_repr": "s", "action_flag": 2, "change_message": "[]"}}, {"model": "admin.logentry", "pk": 42, "fields": {"action_time": "2026-02-24T07:12:50.078Z", "user": 1, "content_type": 11, "object_id": "bee4b550-bf9c-4ebd-8b16-f632d6e816cc", "object_repr": "s", "action_flag": 2, "change_message": "[{\"changed\": {\"fields\": [\"Is active\", \"End date\"]}}]"}}, {"model": "admin.logentry", "pk": 43, "fields": {"action_time": "2026-02-24T07:20:40.721Z", "user": 1, "content_type": 11, "object_id": "bee4b550-bf9c-4ebd-8b16-f632d6e816cc", "object_repr": "s", "action_flag": 2, "change_message": "[{\"changed\": {\"fields\": [\"Is active\", \"End date\"]}}]"}}, {"model": "admin.logentry", "pk": 44, "fields": {"action_time": "2026-02-24T07:20:55.490Z", "user": 1, "content_type": 11, "object_id": "bee4b550-bf9c-4ebd-8b16-f632d6e816cc", "object_repr": "s", "action_flag": 2, "change_message": "[{\"changed\": {\"fields\": [\"End date\"]}}]"}}, {"model": "admin.logentry", "pk": 45, "fields": {"action_time": "2026-02-24T07:21:05.290Z", "user": 1, "content_type": 11, "object_id": "bee4b550-bf9c-4ebd-8b16-f632d6e816cc", "object_repr": "s", "action_flag": 2, "change_message": "[{\"changed\": {\"fields\": [\"Is active\", \"End date\"]}}]"}}, {"model": "admin.logentry", "pk": 46, "fields": {"action_time": "2026-02-24T07:31:17.243Z", "user": 1, "content_type": 11, "object_id": "f4ed7247-7594-4644-a368-f17ce493da92", "object_repr": "asds", "action_flag": 2, "change_message": "[{\"changed\": {\"fields\": [\"Is active\", \"End date\"]}}]"}}, {"model": "admin.logentry", "pk": 47, "fields": {"action_time": "2026-02-24T08:20:41.110Z", "user": 1, "content_type": 11, "object_id": "f4ed7247-7594-4644-a368-f17ce493da92", "object_repr": "asds", "action_flag": 2, "change_message": "[{\"changed\": {\"fields\": [\"End date\"]}}]"}}, {"model": "admin.logentry", "pk": 48, "fields": {"action_time": "2026-02-24T08:20:48.456Z", "user": 1, "content_type": 11, "object_id": "f4ed7247-7594-4644-a368-f17ce493da92", "object_repr": "asds", "action_flag": 2, "change_message": "[{\"changed\": {\"fields\": [\"Is active\"]}}]"}}, {"model": "admin.logentry", "pk": 49, "fields": {"action_time": "2026-02-24T09:35:15.726Z", "user": 1, "content_type": 18, "object_id": "62620af7-9fba-409b-9e78-e4fbe128dad6", "object_repr": "Sample Site 2", "action_flag": 2, "change_message": "[{\"changed\": {\"fields\": [\"Program solvents\", \"Program solvents start date\", \"Program solvents end date\", \"Program pesticides\", \"Program pesticides start date\", \"Program pesticides end date\", \"Material solvents\", \"Material solvents start date\", \"Material solvents end date\", \"Material fertilizers\", \"Material fertilizers start date\", \"Material fertilizers end date\", \"Material pesticides\", \"Material pesticides start date\", \"Material pesticides end date\", \"Material lights\", \"Material lights start date\", \"Material lights end date\", \"Material paintShare\", \"Material paintShare start date\", \"Material paintShare end date\", \"Industrial\", \"Industrial start date\", \"Industrial end date\", \"Institutional\", \"Institutional start date\", \"Institutional end date\"]}}]"}}, {"model": "admin.logentry", "pk": 50, "fields": {"action_time": "2026-02-24T09:54:01.413Z", "user": 1, "content_type": 18, "object_id": "c461c7d1-0c1c-4afc-ad6d-600aebfa8a31", "object_repr": "Sample Site 3", "action_flag": 2, "change_message": "[]"}}, {"model": "admin.logentry", "pk": 51, "fields": {"action_time": "2026-02-24T10:01:53.368Z", "user": 1, "content_type": 18, "object_id": "9ed6ff7b-d6ec-4691-a0e7-434f05bdc7db", "object_repr": "Sample Site 10", "action_flag": 2, "change_message": "[{\"changed\": {\"fields\": [\"Site end date\", \"Program solvents end date\"]}}]"}}, {"model": "admin.logentry", "pk": 52, "fields": {"action_time": "2026-02-24T10:15:35.521Z", "user": 1, "content_type": 18, "object_id": "4f66792c-1eec-4e56-83e8-2d9a7de5af9c", "object_repr": "Sample Site 10", "action_flag": 2, "change_message": "[{\"changed\": {\"fields\": [\"Site end date\", \"Program solvents end date\"]}}]"}}, {"model": "admin.logentry", "pk": 53, "fields": {"action_time": "2026-02-24T10:15:55.052Z", "user": 1, "content_type": 18, "object_id": "61e8c398-4ecb-410d-ad83-373d50944278", "object_repr": "Sample Site 7", "action_flag": 2, "change_message": "[{\"changed\": {\"fields\": [\"Is active\"]}}]"}}, {"model": "admin.logentry", "pk": 54, "fields": {"action_time": "2026-02-24T10:15:59.873Z", "user": 1, "content_type": 18, "object_id": "93288d55-e878-49a2-90c5-4887cc8d06a2", "object_repr": "Sample Site 5", "action_flag": 2, "change_message": "[{\"changed\": {\"fields\": [\"Is active\"]}}]"}}, {"model": "admin.logentry", "pk": 55, "fields": {"action_time": "2026-02-24T10:16:08.616Z", "user": 1, "content_type": 18, "object_id": "52ab5b8f-a011-4108-8e73-7d3964978b7a", "object_repr": "Sample Site 2", "action_flag": 2, "change_message": "[{\"changed\": {\"fields\": [\"Is active\"]}}]"}}, {"model": "admin.logentry", "pk": 56, "fields": {"action_time": "2026-02-24T10:17:02.393Z", "user": 1, "content_type": 11, "object_id": "f4ed7247-7594-4644-a368-f17ce493da92", "object_repr": "asds", "action_flag": 2, "change_message": "[{\"changed\": {\"fields\": [\"Is active\", \"End date\"]}}]"}}, {"model": "admin.logentry", "pk": 57, "fields": {"action_time": "2026-02-24T10:17:15.917Z", "user": 1, "content_type": 18, "object_id": "4f66792c-1eec-4e56-83e8-2d9a7de5af9c", "object_repr": "Sample Site 10", "action_flag": 2, "change_message": "[{\"changed\": {\"fields\": [\"Site end date\"]}}]"}}, {"model": "admin.logentry", "pk": 58, "fields": {"action_time": "2026-02-24T10:23:36.720Z", "user": 1, "content_type": 18, "object_id": "4f66792c-1eec-4e56-83e8-2d9a7de5af9c", "object_repr": "Sample Site 10", "action_flag": 2, "change_message": "[{\"changed\": {\"fields\": [\"Site end date\", \"Program solvents end date\", \"Program pesticides\", \"Program pesticides start date\", \"Program pesticides end date\"]}}]"}}, {"model": "admin.logentry", "pk": 59, "fields": {"action_time": "2026-02-24T10:28:32.948Z", "user": 1, "content_type": 18, "object_id": "4f66792c-1eec-4e56-83e8-2d9a7de5af9c", "object_repr": "Sample Site 10", "action_flag": 2, "change_message": "[{\"changed\": {\"fields\": [\"Is active\", \"Site end date\"]}}]"}}, {"model": "admin.logentry", "pk": 60, "fields": {"action_time": "2026-02-24T10:30:15.691Z", "user": 1, "content_type": 10, "object_id": "f205a925-ece3-4640-8b01-d72f06bd93d1", "object_repr": "Rule 10", "action_flag": 2, "change_message": "[{\"changed\": {\"fields\": [\"Is active\", \"End date\"]}}]"}}, {"model": "admin.logentry", "pk": 61, "fields": {"action_time": "2026-02-24T10:30:27.524Z", "user": 1, "content_type": 18, "object_id": "4f66792c-1eec-4e56-83e8-2d9a7de5af9c", "object_repr": "Sample Site 10", "action_flag": 2, "change_message": "[{\"changed\": {\"fields\": [\"Site end date\"]}}]"}}, {"model": "admin.logentry", "pk": 62, "fields": {"action_time": "2026-02-24T10:30:36.941Z", "user": 1, "content_type": 11, "object_id": "f4ed7247-7594-4644-a368-f17ce493da92", "object_repr": "asds", "action_flag": 2, "change_message": "[{\"changed\": {\"fields\": [\"Is active\", \"End date\"]}}]"}}, {"model": "admin.logentry", "pk": 63, "fields": {"action_time": "2026-02-24T10:30:44.257Z", "user": 1, "content_type": 18, "object_id": "4f66792c-1eec-4e56-83e8-2d9a7de5af9c", "object_repr": "Sample Site 10", "action_flag": 2, "change_message": "[{\"changed\": {\"fields\": [\"Is active\"]}}]"}}, {"model": "admin.logentry", "pk": 64, "fields": {"action_time": "2026-02-24T10:39:24.084Z", "user": 1, "content_type": 18, "object_id": "4f66792c-1eec-4e56-83e8-2d9a7de5af9c", "object_repr": "Sample Site 10", "action_flag": 2, "change_message": "[{\"changed\": {\"fields\": [\"Program solvents end date\"]}}]"}}, {"model": "admin.logentry", "pk": 65, "fields": {"action_time": "2026-02-24T10:39:29.080Z", "user": 1, "content_type": 18, "object_id": "4f66792c-1eec-4e56-83e8-2d9a7de5af9c", "object_repr": "Sample Site 10", "action_flag": 2, "change_message": "[]"}}, {"model": "admin.logentry", "pk": 66, "fields": {"action_time": "2026-02-24T10:41:34.617Z", "user": 1, "content_type": 18, "object_id": "4f66792c-1eec-4e56-83e8-2d9a7de5af9c", "object_repr": "Sample Site 10", "action_flag": 2, "change_message": "[{\"changed\": {\"fields\": [\"Program solvents\", \"Program solvents end date\"]}}]"}}, {"model": "admin.logentry", "pk": 67, "fields": {"action_time": "2026-02-24T10:44:59.281Z", "user": 1, "content_type": 18, "object_id": "4f66792c-1eec-4e56-83e8-2d9a7de5af9c", "object_repr": "Sample Site 10", "action_flag": 2, "change_message": "[{\"changed\": {\"fields\": [\"Program solvents\", \"Program solvents end date\"]}}]"}}, {"model": "admin.logentry", "pk": 68, "fields": {"action_time": "2026-02-24T10:54:17.896Z", "user": 1, "content_type": 18, "object_id": "4f66792c-1eec-4e56-83e8-2d9a7de5af9c", "object_repr": "Sample Site 10", "action_flag": 2, "change_message": "[{\"changed\": {\"fields\": [\"Program paint\", \"Program paint start date\", \"Program paint end date\"]}}]"}}, {"model": "admin.logentry", "pk": 69, "fields": {"action_time": "2026-02-24T10:57:37.074Z", "user": 1, "content_type": 18, "object_id": "4f66792c-1eec-4e56-83e8-2d9a7de5af9c", "object_repr": "Sample Site 10", "action_flag": 2, "change_message": "[{\"changed\": {\"fields\": [\"Is active\", \"Site end date\", \"Community\", \"Program paint\", \"Program paint start date\", \"Program paint end date\"]}}]"}}, {"model": "admin.logentry", "pk": 70, "fields": {"action_time": "2026-02-25T05:33:43.870Z", "user": 1, "content_type": 19, "object_id": "104", "object_repr": "Updated Community pkill -f celery - Pesticides: 0.00%", "action_flag": 3, "change_message": ""}}, {"model": "admin.logentry", "pk": 71, "fields": {"action_time": "2026-02-25T05:33:43.872Z", "user": 1, "content_type": 19, "object_id": "103", "object_repr": "Updated Community pkill -f celery - Solvents: 0.00%", "action_flag": 3, "change_message": ""}}, {"model": "admin.logentry", "pk": 72, "fields": {"action_time": "2026-02-25T05:33:43.874Z", "user": 1, "content_type": 19, "object_id": "102", "object_repr": "Updated Community pkill -f celery - Lighting: 0.00%", "action_flag": 3, "change_message": ""}}, {"model": "admin.logentry", "pk": 73, "fields": {"action_time": "2026-02-25T05:33:43.877Z", "user": 1, "content_type": 19, "object_id": "101", "object_repr": "Updated Community pkill -f celery - Paint: 0.00%", "action_flag": 3, "change_message": ""}}, {"model": "admin.logentry", "pk": 74, "fields": {"action_time": "2026-02-25T05:33:43.879Z", "user": 1, "content_type": 19, "object_id": "100", "object_repr": "Forest - Solvents: 68.75%", "action_flag": 3, "change_message": ""}}, {"model": "admin.logentry", "pk": 75, "fields": {"action_time": "2026-02-25T05:33:43.881Z", "user": 1, "content_type": 19, "object_id": "99", "object_repr": "Riverside - Paint: 11.11%", "action_flag": 3, "change_message": ""}}, {"model": "admin.logentry", "pk": 76, "fields": {"action_time": "2026-02-25T05:33:43.884Z", "user": 1, "content_type": 19, "object_id": "98", "object_repr": "Hilltop - Solvents: 0.00%", "action_flag": 3, "change_message": ""}}, {"model": "admin.logentry", "pk": 77, "fields": {"action_time": "2026-02-25T05:33:43.888Z", "user": 1, "content_type": 19, "object_id": "97", "object_repr": "Hilltop - Solvents: 100.00%", "action_flag": 3, "change_message": ""}}, {"model": "admin.logentry", "pk": 78, "fields": {"action_time": "2026-02-25T05:33:43.890Z", "user": 1, "content_type": 19, "object_id": "96", "object_repr": "Springfield - Lighting: 50.00%", "action_flag": 3, "change_message": ""}}, {"model": "admin.logentry", "pk": 79, "fields": {"action_time": "2026-02-25T05:33:43.892Z", "user": 1, "content_type": 19, "object_id": "95", "object_repr": "Hilltop - Pesticides: 50.00%", "action_flag": 3, "change_message": ""}}, {"model": "admin.logentry", "pk": 80, "fields": {"action_time": "2026-02-25T05:33:43.894Z", "user": 1, "content_type": 19, "object_id": "94", "object_repr": "Riverside - Solvents: 0.00%", "action_flag": 3, "change_message": ""}}, {"model": "admin.logentry", "pk": 81, "fields": {"action_time": "2026-02-25T05:33:43.896Z", "user": 1, "content_type": 19, "object_id": "93", "object_repr": "Mountainview - Pesticides: 20.00%", "action_flag": 3, "change_message": ""}}, {"model": "admin.logentry", "pk": 82, "fields": {"action_time": "2026-02-25T05:33:43.898Z", "user": 1, "content_type": 19, "object_id": "92", "object_repr": "s - Lighting: 42.86%", "action_flag": 3, "change_message": ""}}, {"model": "admin.logentry", "pk": 83, "fields": {"action_time": "2026-02-25T05:33:43.900Z", "user": 1, "content_type": 19, "object_id": "91", "object_repr": "Bayview - Paint: 78.57%", "action_flag": 3, "change_message": ""}}, {"model": "admin.logentry", "pk": 84, "fields": {"action_time": "2026-02-25T05:33:43.902Z", "user": 1, "content_type": 19, "object_id": "90", "object_repr": "Hilltop - Pesticides: 88.89%", "action_flag": 3, "change_message": ""}}, {"model": "admin.logentry", "pk": 85, "fields": {"action_time": "2026-02-25T05:33:43.904Z", "user": 1, "content_type": 19, "object_id": "89", "object_repr": "Hilltop - Pesticides: 50.00%", "action_flag": 3, "change_message": ""}}, {"model": "admin.logentry", "pk": 86, "fields": {"action_time": "2026-02-25T05:33:43.906Z", "user": 1, "content_type": 19, "object_id": "88", "object_repr": "Riverside - Lighting: 68.42%", "action_flag": 3, "change_message": ""}}, {"model": "admin.logentry", "pk": 87, "fields": {"action_time": "2026-02-25T05:33:43.908Z", "user": 1, "content_type": 19, "object_id": "87", "object_repr": "Bayview - Paint: 30.00%", "action_flag": 3, "change_message": ""}}, {"model": "admin.logentry", "pk": 88, "fields": {"action_time": "2026-02-25T05:33:43.910Z", "user": 1, "content_type": 19, "object_id": "86", "object_repr": "Riverside - Paint: 66.67%", "action_flag": 3, "change_message": ""}}, {"model": "admin.logentry", "pk": 89, "fields": {"action_time": "2026-02-25T05:33:43.912Z", "user": 1, "content_type": 19, "object_id": "85", "object_repr": "Hilltop - Solvents: 0.00%", "action_flag": 3, "change_message": ""}}, {"model": "admin.logentry", "pk": 90, "fields": {"action_time": "2026-02-25T05:33:43.914Z", "user": 1, "content_type": 19, "object_id": "84", "object_repr": "Forest - Pesticides: 36.84%", "action_flag": 3, "change_message": ""}}, {"model": "admin.logentry", "pk": 91, "fields": {"action_time": "2026-02-25T05:33:43.916Z", "user": 1, "content_type": 19, "object_id": "83", "object_repr": "Riverside - Paint: 16.67%", "action_flag": 3, "change_message": ""}}, {"model": "admin.logentry", "pk": 92, "fields": {"action_time": "2026-02-25T05:33:43.918Z", "user": 1, "content_type": 19, "object_id": "82", "object_repr": "Springfield - Solvents: 66.67%", "action_flag": 3, "change_message": ""}}, {"model": "admin.logentry", "pk": 93, "fields": {"action_time": "2026-02-25T05:33:43.920Z", "user": 1, "content_type": 19, "object_id": "81", "object_repr": "s - Lighting: 33.33%", "action_flag": 3, "change_message": ""}}, {"model": "admin.logentry", "pk": 94, "fields": {"action_time": "2026-02-25T05:33:43.922Z", "user": 1, "content_type": 19, "object_id": "80", "object_repr": "Riverside - Paint: 66.67%", "action_flag": 3, "change_message": ""}}, {"model": "admin.logentry", "pk": 95, "fields": {"action_time": "2026-02-25T05:33:43.924Z", "user": 1, "content_type": 19, "object_id": "79", "object_repr": "Bayview - Paint: 90.91%", "action_flag": 3, "change_message": ""}}, {"model": "admin.logentry", "pk": 96, "fields": {"action_time": "2026-02-25T05:33:43.926Z", "user": 1, "content_type": 19, "object_id": "78", "object_repr": "Bayview - Paint: 0.00%", "action_flag": 3, "change_message": ""}}, {"model": "admin.logentry", "pk": 97, "fields": {"action_time": "2026-02-25T05:33:43.928Z", "user": 1, "content_type": 19, "object_id": "77", "object_repr": "Forest - Lighting: 86.67%", "action_flag": 3, "change_message": ""}}, {"model": "admin.logentry", "pk": 98, "fields": {"action_time": "2026-02-25T05:33:43.930Z", "user": 1, "content_type": 19, "object_id": "76", "object_repr": "Mountainview - Solvents: 80.00%", "action_flag": 3, "change_message": ""}}, {"model": "admin.logentry", "pk": 99, "fields": {"action_time": "2026-02-25T05:33:43.933Z", "user": 1, "content_type": 19, "object_id": "75", "object_repr": "Lakeside - Paint: 83.33%", "action_flag": 3, "change_message": ""}}, {"model": "admin.logentry", "pk": 100, "fields": {"action_time": "2026-02-25T05:33:43.937Z", "user": 1, "content_type": 19, "object_id": "74", "object_repr": "Updated Community pkill -f celery - Lighting: 93.75%", "action_flag": 3, "change_message": ""}}, {"model": "admin.logentry", "pk": 101, "fields": {"action_time": "2026-02-25T05:33:43.940Z", "user": 1, "content_type": 19, "object_id": "73", "object_repr": "Lakeside - Lighting: 0.00%", "action_flag": 3, "change_message": ""}}, {"model": "admin.logentry", "pk": 102, "fields": {"action_time": "2026-02-25T05:33:43.942Z", "user": 1, "content_type": 19, "object_id": "72", "object_repr": "dfsdafsdfasdaf - Pesticides: 28.57%", "action_flag": 3, "change_message": ""}}, {"model": "admin.logentry", "pk": 103, "fields": {"action_time": "2026-02-25T05:33:43.944Z", "user": 1, "content_type": 19, "object_id": "71", "object_repr": "Prairie - Pesticides: 83.33%", "action_flag": 3, "change_message": ""}}, {"model": "admin.logentry", "pk": 104, "fields": {"action_time": "2026-02-25T05:33:43.946Z", "user": 1, "content_type": 19, "object_id": "70", "object_repr": "dfsdafsdfasdaf - Pesticides: 50.00%", "action_flag": 3, "change_message": ""}}, {"model": "admin.logentry", "pk": 105, "fields": {"action_time": "2026-02-25T05:33:43.948Z", "user": 1, "content_type": 19, "object_id": "69", "object_repr": "s - Solvents: 100.00%", "action_flag": 3, "change_message": ""}}, {"model": "admin.logentry", "pk": 106, "fields": {"action_time": "2026-02-25T05:33:43.951Z", "user": 1, "content_type": 19, "object_id": "68", "object_repr": "Updated Community pkill -f celery - Solvents: 0.00%", "action_flag": 3, "change_message": ""}}, {"model": "admin.logentry", "pk": 107, "fields": {"action_time": "2026-02-25T05:33:43.953Z", "user": 1, "content_type": 19, "object_id": "67", "object_repr": "Lakeside - Lighting: 30.00%", "action_flag": 3, "change_message": ""}}, {"model": "admin.logentry", "pk": 108, "fields": {"action_time": "2026-02-25T05:33:43.954Z", "user": 1, "content_type": 19, "object_id": "66", "object_repr": "s - Pesticides: 62.50%", "action_flag": 3, "change_message": ""}}, {"model": "admin.logentry", "pk": 109, "fields": {"action_time": "2026-02-25T05:33:43.957Z", "user": 1, "content_type": 19, "object_id": "65", "object_repr": "Springfield - Paint: 87.50%", "action_flag": 3, "change_message": ""}}, {"model": "admin.logentry", "pk": 110, "fields": {"action_time": "2026-02-25T05:33:43.959Z", "user": 1, "content_type": 19, "object_id": "64", "object_repr": "Updated Community pkill -f celery - Paint: 50.00%", "action_flag": 3, "change_message": ""}}, {"model": "admin.logentry", "pk": 111, "fields": {"action_time": "2026-02-25T05:33:43.960Z", "user": 1, "content_type": 19, "object_id": "63", "object_repr": "Bayview - Lighting: 10.00%", "action_flag": 3, "change_message": ""}}, {"model": "admin.logentry", "pk": 112, "fields": {"action_time": "2026-02-25T05:33:43.962Z", "user": 1, "content_type": 19, "object_id": "62", "object_repr": "s - Paint: 100.00%", "action_flag": 3, "change_message": ""}}, {"model": "admin.logentry", "pk": 113, "fields": {"action_time": "2026-02-25T05:33:43.964Z", "user": 1, "content_type": 19, "object_id": "61", "object_repr": "Sunset - Paint: 53.85%", "action_flag": 3, "change_message": ""}}, {"model": "admin.logentry", "pk": 114, "fields": {"action_time": "2026-02-25T05:33:43.967Z", "user": 1, "content_type": 19, "object_id": "60", "object_repr": "Mountainview - Paint: 100.00%", "action_flag": 3, "change_message": ""}}, {"model": "admin.logentry", "pk": 115, "fields": {"action_time": "2026-02-25T05:33:43.969Z", "user": 1, "content_type": 19, "object_id": "59", "object_repr": "Prairie - Lighting: 80.00%", "action_flag": 3, "change_message": ""}}, {"model": "admin.logentry", "pk": 116, "fields": {"action_time": "2026-02-25T05:33:43.971Z", "user": 1, "content_type": 19, "object_id": "58", "object_repr": "Valley - Paint: 5.00%", "action_flag": 3, "change_message": ""}}, {"model": "admin.logentry", "pk": 117, "fields": {"action_time": "2026-02-25T05:33:43.973Z", "user": 1, "content_type": 19, "object_id": "57", "object_repr": "Prairie - Solvents: 100.00%", "action_flag": 3, "change_message": ""}}, {"model": "admin.logentry", "pk": 118, "fields": {"action_time": "2026-02-25T05:33:43.975Z", "user": 1, "content_type": 19, "object_id": "56", "object_repr": "dfsdafsdfasdaf - Paint: 8.33%", "action_flag": 3, "change_message": ""}}, {"model": "admin.logentry", "pk": 119, "fields": {"action_time": "2026-02-25T05:33:43.977Z", "user": 1, "content_type": 19, "object_id": "55", "object_repr": "s - Paint: 33.33%", "action_flag": 3, "change_message": ""}}, {"model": "admin.logentry", "pk": 120, "fields": {"action_time": "2026-02-25T05:33:43.979Z", "user": 1, "content_type": 19, "object_id": "54", "object_repr": "Forest - Lighting: 8.33%", "action_flag": 3, "change_message": ""}}, {"model": "admin.logentry", "pk": 121, "fields": {"action_time": "2026-02-25T05:33:43.981Z", "user": 1, "content_type": 19, "object_id": "53", "object_repr": "Springfield - Solvents: 78.57%", "action_flag": 3, "change_message": ""}}, {"model": "admin.logentry", "pk": 122, "fields": {"action_time": "2026-02-25T05:33:43.984Z", "user": 1, "content_type": 19, "object_id": "52", "object_repr": "Hilltop - Solvents: 72.22%", "action_flag": 3, "change_message": ""}}, {"model": "admin.logentry", "pk": 123, "fields": {"action_time": "2026-02-25T05:33:43.987Z", "user": 1, "content_type": 19, "object_id": "51", "object_repr": "Springfield - Solvents: 100.00%", "action_flag": 3, "change_message": ""}}, {"model": "admin.logentry", "pk": 124, "fields": {"action_time": "2026-02-25T05:33:43.990Z", "user": 1, "content_type": 19, "object_id": "50", "object_repr": "Bayview - Pesticides: 50.00%", "action_flag": 3, "change_message": ""}}, {"model": "admin.logentry", "pk": 125, "fields": {"action_time": "2026-02-25T05:33:43.992Z", "user": 1, "content_type": 19, "object_id": "49", "object_repr": "Updated Community pkill -f celery - Paint: 44.44%", "action_flag": 3, "change_message": ""}}, {"model": "admin.logentry", "pk": 126, "fields": {"action_time": "2026-02-25T05:33:43.994Z", "user": 1, "content_type": 19, "object_id": "48", "object_repr": "Updated Community pkill -f celery - Solvents: 0.00%", "action_flag": 3, "change_message": ""}}, {"model": "admin.logentry", "pk": 127, "fields": {"action_time": "2026-02-25T05:33:43.996Z", "user": 1, "content_type": 19, "object_id": "47", "object_repr": "Springfield - Solvents: 100.00%", "action_flag": 3, "change_message": ""}}, {"model": "admin.logentry", "pk": 128, "fields": {"action_time": "2026-02-25T05:33:43.998Z", "user": 1, "content_type": 19, "object_id": "46", "object_repr": "Lakeside - Solvents: 0.00%", "action_flag": 3, "change_message": ""}}, {"model": "admin.logentry", "pk": 129, "fields": {"action_time": "2026-02-25T05:33:44.001Z", "user": 1, "content_type": 19, "object_id": "45", "object_repr": "Forest - Paint: 100.00%", "action_flag": 3, "change_message": ""}}, {"model": "admin.logentry", "pk": 130, "fields": {"action_time": "2026-02-25T05:33:44.003Z", "user": 1, "content_type": 19, "object_id": "44", "object_repr": "Updated Community pkill -f celery - Paint: 15.38%", "action_flag": 3, "change_message": ""}}, {"model": "admin.logentry", "pk": 131, "fields": {"action_time": "2026-02-25T05:33:44.005Z", "user": 1, "content_type": 19, "object_id": "43", "object_repr": "Updated Community pkill -f celery - Solvents: 100.00%", "action_flag": 3, "change_message": ""}}, {"model": "admin.logentry", "pk": 132, "fields": {"action_time": "2026-02-25T05:33:44.007Z", "user": 1, "content_type": 19, "object_id": "42", "object_repr": "Riverside - Lighting: 33.33%", "action_flag": 3, "change_message": ""}}, {"model": "admin.logentry", "pk": 133, "fields": {"action_time": "2026-02-25T05:33:44.009Z", "user": 1, "content_type": 19, "object_id": "41", "object_repr": "Updated Community pkill -f celery - Solvents: 88.89%", "action_flag": 3, "change_message": ""}}, {"model": "admin.logentry", "pk": 134, "fields": {"action_time": "2026-02-25T05:33:44.011Z", "user": 1, "content_type": 19, "object_id": "40", "object_repr": "Valley - Solvents: 35.00%", "action_flag": 3, "change_message": ""}}, {"model": "admin.logentry", "pk": 135, "fields": {"action_time": "2026-02-25T05:33:44.013Z", "user": 1, "content_type": 19, "object_id": "39", "object_repr": "Updated Community pkill -f celery - Lighting: 50.00%", "action_flag": 3, "change_message": ""}}, {"model": "admin.logentry", "pk": 136, "fields": {"action_time": "2026-02-25T05:33:44.016Z", "user": 1, "content_type": 19, "object_id": "38", "object_repr": "Prairie - Pesticides: 33.33%", "action_flag": 3, "change_message": ""}}, {"model": "admin.logentry", "pk": 137, "fields": {"action_time": "2026-02-25T05:33:44.018Z", "user": 1, "content_type": 19, "object_id": "37", "object_repr": "Forest - Solvents: 100.00%", "action_flag": 3, "change_message": ""}}, {"model": "admin.logentry", "pk": 138, "fields": {"action_time": "2026-02-25T05:33:44.020Z", "user": 1, "content_type": 19, "object_id": "36", "object_repr": "Updated Community pkill -f celery - Lighting: 40.00%", "action_flag": 3, "change_message": ""}}, {"model": "admin.logentry", "pk": 139, "fields": {"action_time": "2026-02-25T05:33:44.022Z", "user": 1, "content_type": 19, "object_id": "35", "object_repr": "Riverside - Lighting: 16.67%", "action_flag": 3, "change_message": ""}}, {"model": "admin.logentry", "pk": 140, "fields": {"action_time": "2026-02-25T05:33:44.024Z", "user": 1, "content_type": 19, "object_id": "34", "object_repr": "dfsdafsdfasdaf - Solvents: 33.33%", "action_flag": 3, "change_message": ""}}, {"model": "admin.logentry", "pk": 141, "fields": {"action_time": "2026-02-25T05:33:44.026Z", "user": 1, "content_type": 19, "object_id": "33", "object_repr": "Sunset - Paint: 40.00%", "action_flag": 3, "change_message": ""}}, {"model": "admin.logentry", "pk": 142, "fields": {"action_time": "2026-02-25T05:33:44.028Z", "user": 1, "content_type": 19, "object_id": "32", "object_repr": "Bayview - Lighting: 94.44%", "action_flag": 3, "change_message": ""}}, {"model": "admin.logentry", "pk": 143, "fields": {"action_time": "2026-02-25T05:33:44.030Z", "user": 1, "content_type": 19, "object_id": "31", "object_repr": "Lakeside - Solvents: 66.67%", "action_flag": 3, "change_message": ""}}, {"model": "admin.logentry", "pk": 144, "fields": {"action_time": "2026-02-25T05:33:44.032Z", "user": 1, "content_type": 19, "object_id": "30", "object_repr": "dfsdafsdfasdaf - Pesticides: 87.50%", "action_flag": 3, "change_message": ""}}, {"model": "admin.logentry", "pk": 145, "fields": {"action_time": "2026-02-25T05:33:44.034Z", "user": 1, "content_type": 19, "object_id": "29", "object_repr": "Hilltop - Lighting: 66.67%", "action_flag": 3, "change_message": ""}}, {"model": "admin.logentry", "pk": 146, "fields": {"action_time": "2026-02-25T05:33:44.037Z", "user": 1, "content_type": 19, "object_id": "28", "object_repr": "Riverside - Solvents: 87.50%", "action_flag": 3, "change_message": ""}}, {"model": "admin.logentry", "pk": 147, "fields": {"action_time": "2026-02-25T05:33:44.040Z", "user": 1, "content_type": 19, "object_id": "27", "object_repr": "Hilltop - Paint: 33.33%", "action_flag": 3, "change_message": ""}}, {"model": "admin.logentry", "pk": 148, "fields": {"action_time": "2026-02-25T05:33:44.043Z", "user": 1, "content_type": 19, "object_id": "26", "object_repr": "Updated Community pkill -f celery - Lighting: 50.00%", "action_flag": 3, "change_message": ""}}, {"model": "admin.logentry", "pk": 149, "fields": {"action_time": "2026-02-25T05:33:44.045Z", "user": 1, "content_type": 19, "object_id": "25", "object_repr": "Hilltop - Paint: 100.00%", "action_flag": 3, "change_message": ""}}, {"model": "admin.logentry", "pk": 150, "fields": {"action_time": "2026-02-25T05:33:44.047Z", "user": 1, "content_type": 19, "object_id": "24", "object_repr": "Mountainview - Paint: 30.00%", "action_flag": 3, "change_message": ""}}, {"model": "admin.logentry", "pk": 151, "fields": {"action_time": "2026-02-25T05:33:44.049Z", "user": 1, "content_type": 19, "object_id": "23", "object_repr": "Forest - Paint: 11.11%", "action_flag": 3, "change_message": ""}}, {"model": "admin.logentry", "pk": 152, "fields": {"action_time": "2026-02-25T05:33:44.051Z", "user": 1, "content_type": 19, "object_id": "22", "object_repr": "Updated Community pkill -f celery - Solvents: 45.45%", "action_flag": 3, "change_message": ""}}, {"model": "admin.logentry", "pk": 153, "fields": {"action_time": "2026-02-25T05:33:44.054Z", "user": 1, "content_type": 19, "object_id": "21", "object_repr": "Sunset - Paint: 22.22%", "action_flag": 3, "change_message": ""}}, {"model": "admin.logentry", "pk": 154, "fields": {"action_time": "2026-02-25T05:33:44.055Z", "user": 1, "content_type": 19, "object_id": "20", "object_repr": "Riverside - Paint: 0.00%", "action_flag": 3, "change_message": ""}}, {"model": "admin.logentry", "pk": 155, "fields": {"action_time": "2026-02-25T05:33:44.057Z", "user": 1, "content_type": 19, "object_id": "19", "object_repr": "Bayview - Lighting: 80.00%", "action_flag": 3, "change_message": ""}}, {"model": "admin.logentry", "pk": 156, "fields": {"action_time": "2026-02-25T05:33:44.059Z", "user": 1, "content_type": 19, "object_id": "18", "object_repr": "Sunset - Pesticides: 22.22%", "action_flag": 3, "change_message": ""}}, {"model": "admin.logentry", "pk": 157, "fields": {"action_time": "2026-02-25T05:33:44.061Z", "user": 1, "content_type": 19, "object_id": "17", "object_repr": "Sunset - Paint: 15.38%", "action_flag": 3, "change_message": ""}}, {"model": "admin.logentry", "pk": 158, "fields": {"action_time": "2026-02-25T05:33:44.063Z", "user": 1, "content_type": 19, "object_id": "16", "object_repr": "Lakeside - Paint: 100.00%", "action_flag": 3, "change_message": ""}}, {"model": "admin.logentry", "pk": 159, "fields": {"action_time": "2026-02-25T05:33:44.066Z", "user": 1, "content_type": 19, "object_id": "15", "object_repr": "Lakeside - Solvents: 58.33%", "action_flag": 3, "change_message": ""}}, {"model": "admin.logentry", "pk": 160, "fields": {"action_time": "2026-02-25T05:33:44.070Z", "user": 1, "content_type": 19, "object_id": "14", "object_repr": "Prairie - Pesticides: 92.86%", "action_flag": 3, "change_message": ""}}, {"model": "admin.logentry", "pk": 161, "fields": {"action_time": "2026-02-25T05:33:44.072Z", "user": 1, "content_type": 19, "object_id": "13", "object_repr": "Sunset - Lighting: 0.00%", "action_flag": 3, "change_message": ""}}, {"model": "admin.logentry", "pk": 162, "fields": {"action_time": "2026-02-25T05:33:44.074Z", "user": 1, "content_type": 19, "object_id": "12", "object_repr": "Forest - Lighting: 100.00%", "action_flag": 3, "change_message": ""}}, {"model": "admin.logentry", "pk": 163, "fields": {"action_time": "2026-02-25T05:33:44.076Z", "user": 1, "content_type": 19, "object_id": "11", "object_repr": "Prairie - Pesticides: 66.67%", "action_flag": 3, "change_message": ""}}, {"model": "admin.logentry", "pk": 164, "fields": {"action_time": "2026-02-25T05:33:44.078Z", "user": 1, "content_type": 19, "object_id": "10", "object_repr": "Valley - Lighting: 33.33%", "action_flag": 3, "change_message": ""}}, {"model": "admin.logentry", "pk": 165, "fields": {"action_time": "2026-02-25T05:33:44.080Z", "user": 1, "content_type": 19, "object_id": "9", "object_repr": "dfsdafsdfasdaf - Solvents: 0.00%", "action_flag": 3, "change_message": ""}}, {"model": "admin.logentry", "pk": 166, "fields": {"action_time": "2026-02-25T05:33:44.082Z", "user": 1, "content_type": 19, "object_id": "8", "object_repr": "Sunset - Lighting: 46.67%", "action_flag": 3, "change_message": ""}}, {"model": "admin.logentry", "pk": 167, "fields": {"action_time": "2026-02-25T05:33:44.085Z", "user": 1, "content_type": 19, "object_id": "7", "object_repr": "Forest - Pesticides: 90.00%", "action_flag": 3, "change_message": ""}}, {"model": "admin.logentry", "pk": 168, "fields": {"action_time": "2026-02-25T05:33:44.087Z", "user": 1, "content_type": 19, "object_id": "6", "object_repr": "Forest - Pesticides: 37.50%", "action_flag": 3, "change_message": ""}}, {"model": "admin.logentry", "pk": 169, "fields": {"action_time": "2026-02-25T05:33:44.089Z", "user": 1, "content_type": 19, "object_id": "5", "object_repr": "Valley - Solvents: 100.00%", "action_flag": 3, "change_message": ""}}, {"model": "admin.logentry", "pk": 170, "fields": {"action_time": "2026-02-25T05:33:50.391Z", "user": 1, "content_type": 19, "object_id": "4", "object_repr": "Updated Community pkill -f celery - Pesticides: 0.00%", "action_flag": 3, "change_message": ""}}, {"model": "admin.logentry", "pk": 171, "fields": {"action_time": "2026-02-25T05:33:50.394Z", "user": 1, "content_type": 19, "object_id": "3", "object_repr": "dfsdafsdfasdaf - Solvents: 0.00%", "action_flag": 3, "change_message": ""}}, {"model": "admin.logentry", "pk": 172, "fields": {"action_time": "2026-02-25T05:33:50.396Z", "user": 1, "content_type": 19, "object_id": "2", "object_repr": "Riverside - Paint: 75.00%", "action_flag": 3, "change_message": ""}}, {"model": "admin.logentry", "pk": 173, "fields": {"action_time": "2026-02-25T05:33:50.399Z", "user": 1, "content_type": 19, "object_id": "1", "object_repr": "Sunset - Pesticides: 62.50%", "action_flag": 3, "change_message": ""}}, {"model": "admin.logentry", "pk": 174, "fields": {"action_time": "2026-02-25T05:40:45.408Z", "user": 1, "content_type": 19, "object_id": "112", "object_repr": "Updated Community pkill -f celery 111 - Pesticides: 0.00%", "action_flag": 3, "change_message": ""}}, {"model": "admin.logentry", "pk": 175, "fields": {"action_time": "2026-02-25T05:40:45.411Z", "user": 1, "content_type": 19, "object_id": "111", "object_repr": "Updated Community pkill -f celery 111 - Solvents: 0.00%", "action_flag": 3, "change_message": ""}}, {"model": "admin.logentry", "pk": 176, "fields": {"action_time": "2026-02-25T05:40:45.414Z", "user": 1, "content_type": 19, "object_id": "110", "object_repr": "Updated Community pkill -f celery 111 - Lighting: 0.00%", "action_flag": 3, "change_message": ""}}, {"model": "admin.logentry", "pk": 177, "fields": {"action_time": "2026-02-25T05:40:45.417Z", "user": 1, "content_type": 19, "object_id": "109", "object_repr": "Updated Community pkill -f celery 111 - Paint: 0.00%", "action_flag": 3, "change_message": ""}}, {"model": "admin.logentry", "pk": 178, "fields": {"action_time": "2026-02-25T05:40:45.419Z", "user": 1, "content_type": 19, "object_id": "108", "object_repr": "Updated Community pkill -f celery 111 - Pesticides: 0.00%", "action_flag": 3, "change_message": ""}}, {"model": "admin.logentry", "pk": 179, "fields": {"action_time": "2026-02-25T05:40:45.421Z", "user": 1, "content_type": 19, "object_id": "107", "object_repr": "Updated Community pkill -f celery 111 - Solvents: 0.00%", "action_flag": 3, "change_message": ""}}, {"model": "admin.logentry", "pk": 180, "fields": {"action_time": "2026-02-25T05:40:45.423Z", "user": 1, "content_type": 19, "object_id": "106", "object_repr": "Updated Community pkill -f celery 111 - Lighting: 0.00%", "action_flag": 3, "change_message": ""}}, {"model": "admin.logentry", "pk": 181, "fields": {"action_time": "2026-02-25T05:40:45.425Z", "user": 1, "content_type": 19, "object_id": "105", "object_repr": "Updated Community pkill -f celery 111 - Paint: 0.00%", "action_flag": 3, "change_message": ""}}, {"model": "admin.logentry", "pk": 182, "fields": {"action_time": "2026-02-25T05:43:15.068Z", "user": 1, "content_type": 11, "object_id": "a5eb9afa-b831-423d-97a3-3c1f687cb2e8", "object_repr": "New Community for backgorund task", "action_flag": 2, "change_message": "[{\"changed\": {\"fields\": [\"Start date\", \"End date\"]}}]"}}, {"model": "admin.logentry", "pk": 183, "fields": {"action_time": "2026-02-25T05:43:22.121Z", "user": 1, "content_type": 11, "object_id": "f4ed7247-7594-4644-a368-f17ce493da92", "object_repr": "Updated Community pkill -f celery 111", "action_flag": 2, "change_message": "[{\"changed\": {\"fields\": [\"Is active\"]}}]"}}, {"model": "admin.logentry", "pk": 184, "fields": {"action_time": "2026-02-25T05:44:45.956Z", "user": 1, "content_type": 11, "object_id": "f4ed7247-7594-4644-a368-f17ce493da92", "object_repr": "Updated Community pkill -f celery 111", "action_flag": 2, "change_message": "[{\"changed\": {\"fields\": [\"Is active\"]}}]"}}, {"model": "admin.logentry", "pk": 185, "fields": {"action_time": "2026-02-25T05:47:34.843Z", "user": 1, "content_type": 11, "object_id": "f4ed7247-7594-4644-a368-f17ce493da92", "object_repr": "Updated Community pkill -f celery 111", "action_flag": 2, "change_message": "[{\"changed\": {\"fields\": [\"Is active\"]}}]"}}, {"model": "admin.logentry", "pk": 186, "fields": {"action_time": "2026-02-25T05:49:01.493Z", "user": 1, "content_type": 11, "object_id": "f4ed7247-7594-4644-a368-f17ce493da92", "object_repr": "Updated Community pkill -f celery 111", "action_flag": 2, "change_message": "[{\"changed\": {\"fields\": [\"Is active\", \"End date\"]}}]"}}, {"model": "admin.logentry", "pk": 187, "fields": {"action_time": "2026-02-25T05:55:37.576Z", "user": 1, "content_type": 18, "object_id": "da2e5ec8-38fb-482c-838a-f7b290f6a254", "object_repr": "Sample Site 9", "action_flag": 2, "change_message": "[{\"changed\": {\"fields\": [\"Community\", \"Program solvents\", \"Program fertilizers\"]}}]"}}, {"model": "admin.logentry", "pk": 188, "fields": {"action_time": "2026-02-25T06:11:28.091Z", "user": 1, "content_type": 18, "object_id": "da2e5ec8-38fb-482c-838a-f7b290f6a254", "object_repr": "Sample Site 9", "action_flag": 2, "change_message": "[{\"changed\": {\"fields\": [\"Community\"]}}]"}}, {"model": "admin.logentry", "pk": 189, "fields": {"action_time": "2026-02-25T06:11:53.308Z", "user": 1, "content_type": 18, "object_id": "da2e5ec8-38fb-482c-838a-f7b290f6a254", "object_repr": "Sample Site 9", "action_flag": 2, "change_message": "[{\"changed\": {\"fields\": [\"Community\"]}}]"}}, {"model": "admin.logentry", "pk": 190, "fields": {"action_time": "2026-02-25T06:19:05.167Z", "user": 1, "content_type": 18, "object_id": "06dae40d-f608-4938-9baf-f84d818746c3", "object_repr": "Sample Collection Site", "action_flag": 2, "change_message": "[{\"changed\": {\"fields\": [\"Program lights\", \"Program lights start date\", \"Program lights end date\"]}}]"}}, {"model": "admin.logentry", "pk": 191, "fields": {"action_time": "2026-02-25T06:19:26.740Z", "user": 1, "content_type": 18, "object_id": "e37c8522-071d-43cd-bcc3-33b8b29b3640", "object_repr": "Sample Site 8", "action_flag": 2, "change_message": "[{\"changed\": {\"fields\": [\"Community\"]}}]"}}, {"model": "admin.logentry", "pk": 192, "fields": {"action_time": "2026-02-25T06:26:28.661Z", "user": 1, "content_type": 19, "object_id": "152", "object_repr": "Bayview - Pesticides: 0.00%", "action_flag": 3, "change_message": ""}}, {"model": "admin.logentry", "pk": 193, "fields": {"action_time": "2026-02-25T06:26:28.664Z", "user": 1, "content_type": 19, "object_id": "151", "object_repr": "Bayview - Solvents: 0.00%", "action_flag": 3, "change_message": ""}}, {"model": "admin.logentry", "pk": 194, "fields": {"action_time": "2026-02-25T06:26:28.666Z", "user": 1, "content_type": 19, "object_id": "150", "object_repr": "Bayview - Lighting: 14.29%", "action_flag": 3, "change_message": ""}}, {"model": "admin.logentry", "pk": 195, "fields": {"action_time": "2026-02-25T06:26:28.668Z", "user": 1, "content_type": 19, "object_id": "149", "object_repr": "Bayview - Paint: 20.00%", "action_flag": 3, "change_message": ""}}, {"model": "admin.logentry", "pk": 196, "fields": {"action_time": "2026-02-25T06:26:28.671Z", "user": 1, "content_type": 19, "object_id": "148", "object_repr": "Bayview - Pesticides: 0.00%", "action_flag": 3, "change_message": ""}}, {"model": "admin.logentry", "pk": 197, "fields": {"action_time": "2026-02-25T06:26:28.673Z", "user": 1, "content_type": 19, "object_id": "147", "object_repr": "Bayview - Solvents: 0.00%", "action_flag": 3, "change_message": ""}}, {"model": "admin.logentry", "pk": 198, "fields": {"action_time": "2026-02-25T06:26:28.675Z", "user": 1, "content_type": 19, "object_id": "146", "object_repr": "Bayview - Lighting: 100.00%", "action_flag": 3, "change_message": ""}}, {"model": "admin.logentry", "pk": 199, "fields": {"action_time": "2026-02-25T06:26:28.677Z", "user": 1, "content_type": 19, "object_id": "145", "object_repr": "Bayview - Paint: 100.00%", "action_flag": 3, "change_message": ""}}, {"model": "admin.logentry", "pk": 200, "fields": {"action_time": "2026-02-25T06:26:28.679Z", "user": 1, "content_type": 19, "object_id": "144", "object_repr": "Bayview - Pesticides: 0.00%", "action_flag": 3, "change_message": ""}}, {"model": "admin.logentry", "pk": 201, "fields": {"action_time": "2026-02-25T06:26:28.682Z", "user": 1, "content_type": 19, "object_id": "143", "object_repr": "Bayview - Solvents: 0.00%", "action_flag": 3, "change_message": ""}}, {"model": "admin.logentry", "pk": 202, "fields": {"action_time": "2026-02-25T06:26:28.685Z", "user": 1, "content_type": 19, "object_id": "142", "object_repr": "Bayview - Lighting: 50.00%", "action_flag": 3, "change_message": ""}}, {"model": "admin.logentry", "pk": 203, "fields": {"action_time": "2026-02-25T06:26:28.687Z", "user": 1, "content_type": 19, "object_id": "141", "object_repr": "Bayview - Paint: 100.00%", "action_flag": 3, "change_message": ""}}, {"model": "admin.logentry", "pk": 204, "fields": {"action_time": "2026-02-25T06:26:28.689Z", "user": 1, "content_type": 19, "object_id": "140", "object_repr": "Bayview - Pesticides: 0.00%", "action_flag": 3, "change_message": ""}}, {"model": "admin.logentry", "pk": 205, "fields": {"action_time": "2026-02-25T06:26:28.691Z", "user": 1, "content_type": 19, "object_id": "139", "object_repr": "Bayview - Solvents: 0.00%", "action_flag": 3, "change_message": ""}}, {"model": "admin.logentry", "pk": 206, "fields": {"action_time": "2026-02-25T06:26:28.693Z", "user": 1, "content_type": 19, "object_id": "138", "object_repr": "Bayview - Lighting: 0.00%", "action_flag": 3, "change_message": ""}}, {"model": "admin.logentry", "pk": 207, "fields": {"action_time": "2026-02-25T06:26:28.695Z", "user": 1, "content_type": 19, "object_id": "137", "object_repr": "Bayview - Paint: 100.00%", "action_flag": 3, "change_message": ""}}, {"model": "admin.logentry", "pk": 208, "fields": {"action_time": "2026-02-25T06:26:28.697Z", "user": 1, "content_type": 19, "object_id": "136", "object_repr": "Updated Community pkill -f celery 111 - Pesticides: 0.00%", "action_flag": 3, "change_message": ""}}, {"model": "admin.logentry", "pk": 209, "fields": {"action_time": "2026-02-25T06:26:28.699Z", "user": 1, "content_type": 19, "object_id": "135", "object_repr": "Updated Community pkill -f celery 111 - Solvents: 0.00%", "action_flag": 3, "change_message": ""}}, {"model": "admin.logentry", "pk": 210, "fields": {"action_time": "2026-02-25T06:26:28.701Z", "user": 1, "content_type": 19, "object_id": "134", "object_repr": "Updated Community pkill -f celery 111 - Lighting: 0.00%", "action_flag": 3, "change_message": ""}}, {"model": "admin.logentry", "pk": 211, "fields": {"action_time": "2026-02-25T06:26:28.703Z", "user": 1, "content_type": 19, "object_id": "133", "object_repr": "Updated Community pkill -f celery 111 - Paint: 0.00%", "action_flag": 3, "change_message": ""}}, {"model": "admin.logentry", "pk": 212, "fields": {"action_time": "2026-02-25T06:26:28.705Z", "user": 1, "content_type": 19, "object_id": "132", "object_repr": "New Community for backgorund task - Pesticides: 0.00%", "action_flag": 3, "change_message": ""}}, {"model": "admin.logentry", "pk": 213, "fields": {"action_time": "2026-02-25T06:26:28.707Z", "user": 1, "content_type": 19, "object_id": "131", "object_repr": "New Community for backgorund task - Solvents: 0.00%", "action_flag": 3, "change_message": ""}}, {"model": "admin.logentry", "pk": 214, "fields": {"action_time": "2026-02-25T06:26:28.709Z", "user": 1, "content_type": 19, "object_id": "130", "object_repr": "New Community for backgorund task - Lighting: 0.00%", "action_flag": 3, "change_message": ""}}, {"model": "admin.logentry", "pk": 215, "fields": {"action_time": "2026-02-25T06:26:28.711Z", "user": 1, "content_type": 19, "object_id": "129", "object_repr": "New Community for backgorund task - Paint: 33.33%", "action_flag": 3, "change_message": ""}}, {"model": "admin.logentry", "pk": 216, "fields": {"action_time": "2026-02-25T06:26:28.713Z", "user": 1, "content_type": 19, "object_id": "128", "object_repr": "Updated Community pkill -f celery 111 - Pesticides: 0.00%", "action_flag": 3, "change_message": ""}}, {"model": "admin.logentry", "pk": 217, "fields": {"action_time": "2026-02-25T06:26:28.715Z", "user": 1, "content_type": 19, "object_id": "127", "object_repr": "Updated Community pkill -f celery 111 - Solvents: 0.00%", "action_flag": 3, "change_message": ""}}, {"model": "admin.logentry", "pk": 218, "fields": {"action_time": "2026-02-25T06:26:28.717Z", "user": 1, "content_type": 19, "object_id": "126", "object_repr": "Updated Community pkill -f celery 111 - Lighting: 0.00%", "action_flag": 3, "change_message": ""}}, {"model": "admin.logentry", "pk": 219, "fields": {"action_time": "2026-02-25T06:26:28.719Z", "user": 1, "content_type": 19, "object_id": "125", "object_repr": "Updated Community pkill -f celery 111 - Paint: 100.00%", "action_flag": 3, "change_message": ""}}, {"model": "admin.logentry", "pk": 220, "fields": {"action_time": "2026-02-25T06:26:28.721Z", "user": 1, "content_type": 19, "object_id": "124", "object_repr": "Valley - Pesticides: 0.00%", "action_flag": 3, "change_message": ""}}, {"model": "admin.logentry", "pk": 221, "fields": {"action_time": "2026-02-25T06:26:28.723Z", "user": 1, "content_type": 19, "object_id": "123", "object_repr": "Valley - Solvents: 0.00%", "action_flag": 3, "change_message": ""}}, {"model": "admin.logentry", "pk": 222, "fields": {"action_time": "2026-02-25T06:26:28.725Z", "user": 1, "content_type": 19, "object_id": "122", "object_repr": "Valley - Lighting: 0.00%", "action_flag": 3, "change_message": ""}}, {"model": "admin.logentry", "pk": 223, "fields": {"action_time": "2026-02-25T06:26:28.727Z", "user": 1, "content_type": 19, "object_id": "121", "object_repr": "Valley - Paint: 0.00%", "action_flag": 3, "change_message": ""}}, {"model": "admin.logentry", "pk": 224, "fields": {"action_time": "2026-02-25T06:26:28.729Z", "user": 1, "content_type": 19, "object_id": "120", "object_repr": "New Community for backgorund task - Pesticides: 0.00%", "action_flag": 3, "change_message": ""}}, {"model": "admin.logentry", "pk": 225, "fields": {"action_time": "2026-02-25T06:26:28.732Z", "user": 1, "content_type": 19, "object_id": "119", "object_repr": "New Community for backgorund task - Solvents: 0.00%", "action_flag": 3, "change_message": ""}}, {"model": "admin.logentry", "pk": 226, "fields": {"action_time": "2026-02-25T06:26:28.735Z", "user": 1, "content_type": 19, "object_id": "118", "object_repr": "New Community for backgorund task - Lighting: 0.00%", "action_flag": 3, "change_message": ""}}, {"model": "admin.logentry", "pk": 227, "fields": {"action_time": "2026-02-25T06:26:28.737Z", "user": 1, "content_type": 19, "object_id": "117", "object_repr": "New Community for backgorund task - Paint: 0.00%", "action_flag": 3, "change_message": ""}}, {"model": "admin.logentry", "pk": 228, "fields": {"action_time": "2026-02-25T06:26:28.739Z", "user": 1, "content_type": 19, "object_id": "116", "object_repr": "Updated Community pkill -f celery 111 - Pesticides: 0.00%", "action_flag": 3, "change_message": ""}}, {"model": "admin.logentry", "pk": 229, "fields": {"action_time": "2026-02-25T06:26:28.741Z", "user": 1, "content_type": 19, "object_id": "115", "object_repr": "Updated Community pkill -f celery 111 - Solvents: 0.00%", "action_flag": 3, "change_message": ""}}, {"model": "admin.logentry", "pk": 230, "fields": {"action_time": "2026-02-25T06:26:28.743Z", "user": 1, "content_type": 19, "object_id": "114", "object_repr": "Updated Community pkill -f celery 111 - Lighting: 0.00%", "action_flag": 3, "change_message": ""}}, {"model": "admin.logentry", "pk": 231, "fields": {"action_time": "2026-02-25T06:26:28.746Z", "user": 1, "content_type": 19, "object_id": "113", "object_repr": "Updated Community pkill -f celery 111 - Paint: 0.00%", "action_flag": 3, "change_message": ""}}, {"model": "admin.logentry", "pk": 232, "fields": {"action_time": "2026-02-25T06:27:56.830Z", "user": 1, "content_type": 18, "object_id": "61e8c398-4ecb-410d-ad83-373d50944278", "object_repr": "Sample Site 7", "action_flag": 2, "change_message": "[{\"changed\": {\"fields\": [\"Community\", \"Program fertilizers\", \"Program fertilizers start date\", \"Program fertilizers end date\"]}}]"}}, {"model": "admin.logentry", "pk": 233, "fields": {"action_time": "2026-02-25T06:33:01.494Z", "user": 1, "content_type": 18, "object_id": "f8e3afaa-3cf3-4c3f-a9fd-7d486fbba3d0", "object_repr": "Sample Site 6", "action_flag": 2, "change_message": "[{\"changed\": {\"fields\": [\"Community\", \"Program paint\", \"Program paint start date\", \"Program paint end date\", \"Program fertilizers\", \"Program fertilizers start date\", \"Program fertilizers end date\"]}}]"}}, {"model": "admin.logentry", "pk": 234, "fields": {"action_time": "2026-02-25T06:35:34.070Z", "user": 1, "content_type": 18, "object_id": "f8e3afaa-3cf3-4c3f-a9fd-7d486fbba3d0", "object_repr": "Sample Site 6", "action_flag": 2, "change_message": "[]"}}, {"model": "admin.logentry", "pk": 235, "fields": {"action_time": "2026-02-25T06:36:12.177Z", "user": 1, "content_type": 18, "object_id": "93288d55-e878-49a2-90c5-4887cc8d06a2", "object_repr": "Sample Site 5", "action_flag": 2, "change_message": "[{\"changed\": {\"fields\": [\"Community\"]}}]"}}, {"model": "admin.logentry", "pk": 236, "fields": {"action_time": "2026-02-25T06:36:23.440Z", "user": 1, "content_type": 18, "object_id": "93288d55-e878-49a2-90c5-4887cc8d06a2", "object_repr": "Sample Site 5", "action_flag": 2, "change_message": "[{\"changed\": {\"fields\": [\"Community\"]}}]"}}, {"model": "admin.logentry", "pk": 237, "fields": {"action_time": "2026-02-25T06:57:53.059Z", "user": 1, "content_type": 19, "object_id": "158", "object_repr": "shaurya - Lighting: 7.14%", "action_flag": 3, "change_message": ""}}, {"model": "admin.logentry", "pk": 238, "fields": {"action_time": "2026-02-25T06:57:53.062Z", "user": 1, "content_type": 19, "object_id": "157", "object_repr": "shaurya - Paint: 20.00%", "action_flag": 3, "change_message": ""}}, {"model": "admin.logentry", "pk": 239, "fields": {"action_time": "2026-02-25T06:57:53.064Z", "user": 1, "content_type": 19, "object_id": "162", "object_repr": "Riverside - Lighting: 0.00%", "action_flag": 3, "change_message": ""}}, {"model": "admin.logentry", "pk": 240, "fields": {"action_time": "2026-02-25T06:57:53.067Z", "user": 1, "content_type": 19, "object_id": "164", "object_repr": "Riverside - Pesticides: 0.00%", "action_flag": 3, "change_message": ""}}, {"model": "admin.logentry", "pk": 241, "fields": {"action_time": "2026-02-25T06:57:53.069Z", "user": 1, "content_type": 19, "object_id": "163", "object_repr": "Riverside - Solvents: 100.00%", "action_flag": 3, "change_message": ""}}, {"model": "admin.logentry", "pk": 242, "fields": {"action_time": "2026-02-25T06:57:53.071Z", "user": 1, "content_type": 19, "object_id": "161", "object_repr": "Riverside - Paint: 100.00%", "action_flag": 3, "change_message": ""}}, {"model": "admin.logentry", "pk": 243, "fields": {"action_time": "2026-02-25T06:57:53.074Z", "user": 1, "content_type": 19, "object_id": "160", "object_repr": "shaurya - Pesticides: 0.00%", "action_flag": 3, "change_message": ""}}, {"model": "admin.logentry", "pk": 244, "fields": {"action_time": "2026-02-25T06:57:53.076Z", "user": 1, "content_type": 19, "object_id": "159", "object_repr": "shaurya - Solvents: 100.00%", "action_flag": 3, "change_message": ""}}, {"model": "admin.logentry", "pk": 245, "fields": {"action_time": "2026-02-25T06:58:12.226Z", "user": 1, "content_type": 18, "object_id": "93288d55-e878-49a2-90c5-4887cc8d06a2", "object_repr": "Sample Site 5", "action_flag": 2, "change_message": "[{\"changed\": {\"fields\": [\"Community\"]}}]"}}, {"model": "admin.logentry", "pk": 246, "fields": {"action_time": "2026-02-25T06:58:45.052Z", "user": 1, "content_type": 18, "object_id": "7d2a6f7f-dc2b-44ca-ae98-5c4bc83dd2a3", "object_repr": "Sample Site 4", "action_flag": 2, "change_message": "[{\"changed\": {\"fields\": [\"Community\"]}}]"}}, {"model": "admin.logentry", "pk": 247, "fields": {"action_time": "2026-02-25T06:58:59.071Z", "user": 1, "content_type": 11, "object_id": "d59d82f6-4621-4d46-b632-cce15b292088", "object_repr": "Riverside", "action_flag": 2, "change_message": "[{\"changed\": {\"fields\": [\"Is active\", \"End date\"]}}]"}}, {"model": "admin.logentry", "pk": 248, "fields": {"action_time": "2026-02-25T06:59:56.539Z", "user": 1, "content_type": 11, "object_id": "d59d82f6-4621-4d46-b632-cce15b292088", "object_repr": "Riverside", "action_flag": 2, "change_message": "[{\"changed\": {\"fields\": [\"Is active\"]}}]"}}, {"model": "admin.logentry", "pk": 249, "fields": {"action_time": "2026-02-25T07:00:09.944Z", "user": 1, "content_type": 11, "object_id": "d59d82f6-4621-4d46-b632-cce15b292088", "object_repr": "Riverside", "action_flag": 2, "change_message": "[{\"changed\": {\"fields\": [\"Is active\"]}}]"}}, {"model": "admin.logentry", "pk": 250, "fields": {"action_time": "2026-02-25T07:00:37.876Z", "user": 1, "content_type": 18, "object_id": "7d2a6f7f-dc2b-44ca-ae98-5c4bc83dd2a3", "object_repr": "Sample Site 4", "action_flag": 2, "change_message": "[{\"changed\": {\"fields\": [\"Program lights\", \"Program lights start date\", \"Program lights end date\", \"Program solvents\", \"Program solvents start date\", \"Program solvents end date\"]}}]"}}, {"model": "admin.logentry", "pk": 251, "fields": {"action_time": "2026-02-25T07:01:18.055Z", "user": 1, "content_type": 11, "object_id": "d59d82f6-4621-4d46-b632-cce15b292088", "object_repr": "Riverside", "action_flag": 2, "change_message": "[{\"changed\": {\"fields\": [\"End date\"]}}]"}}, {"model": "admin.logentry", "pk": 252, "fields": {"action_time": "2026-02-25T07:06:33.705Z", "user": 1, "content_type": 11, "object_id": "d59d82f6-4621-4d46-b632-cce15b292088", "object_repr": "Riverside", "action_flag": 2, "change_message": "[{\"changed\": {\"fields\": [\"Is active\", \"End date\"]}}]"}}, {"model": "admin.logentry", "pk": 253, "fields": {"action_time": "2026-02-25T07:10:00.699Z", "user": 1, "content_type": 11, "object_id": "d59d82f6-4621-4d46-b632-cce15b292088", "object_repr": "Riverside", "action_flag": 2, "change_message": "[{\"changed\": {\"fields\": [\"Is active\"]}}]"}}, {"model": "admin.logentry", "pk": 254, "fields": {"action_time": "2026-02-25T07:10:08.452Z", "user": 1, "content_type": 11, "object_id": "d59d82f6-4621-4d46-b632-cce15b292088", "object_repr": "Riverside", "action_flag": 2, "change_message": "[{\"changed\": {\"fields\": [\"Is active\"]}}]"}}, {"model": "admin.logentry", "pk": 255, "fields": {"action_time": "2026-02-25T07:10:23.781Z", "user": 1, "content_type": 11, "object_id": "d59d82f6-4621-4d46-b632-cce15b292088", "object_repr": "Riverside", "action_flag": 2, "change_message": "[{\"changed\": {\"fields\": [\"Is active\", \"End date\"]}}]"}}, {"model": "admin.logentry", "pk": 256, "fields": {"action_time": "2026-02-25T07:22:02.417Z", "user": 1, "content_type": 11, "object_id": "d59d82f6-4621-4d46-b632-cce15b292088", "object_repr": "Riverside", "action_flag": 2, "change_message": "[{\"changed\": {\"fields\": [\"Is active\", \"End date\"]}}]"}}, {"model": "admin.logentry", "pk": 257, "fields": {"action_time": "2026-02-25T07:26:42.447Z", "user": 1, "content_type": 11, "object_id": "d59d82f6-4621-4d46-b632-cce15b292088", "object_repr": "Riverside", "action_flag": 2, "change_message": "[{\"changed\": {\"fields\": [\"Is active\", \"End date\"]}}]"}}, {"model": "admin.logentry", "pk": 258, "fields": {"action_time": "2026-02-25T07:29:13.211Z", "user": 1, "content_type": 11, "object_id": "d59d82f6-4621-4d46-b632-cce15b292088", "object_repr": "Riverside", "action_flag": 2, "change_message": "[{\"changed\": {\"fields\": [\"Is active\"]}}]"}}, {"model": "admin.logentry", "pk": 259, "fields": {"action_time": "2026-02-25T07:29:23.600Z", "user": 1, "content_type": 11, "object_id": "d59d82f6-4621-4d46-b632-cce15b292088", "object_repr": "Riverside", "action_flag": 2, "change_message": "[{\"changed\": {\"fields\": [\"Is active\"]}}]"}}, {"model": "admin.logentry", "pk": 260, "fields": {"action_time": "2026-02-25T07:29:30.827Z", "user": 1, "content_type": 11, "object_id": "d59d82f6-4621-4d46-b632-cce15b292088", "object_repr": "Riverside", "action_flag": 2, "change_message": "[{\"changed\": {\"fields\": [\"Is active\"]}}]"}}, {"model": "admin.logentry", "pk": 261, "fields": {"action_time": "2026-02-25T07:29:58.379Z", "user": 1, "content_type": 11, "object_id": "d59d82f6-4621-4d46-b632-cce15b292088", "object_repr": "Riverside", "action_flag": 2, "change_message": "[{\"changed\": {\"fields\": [\"Is active\", \"End date\"]}}]"}}, {"model": "admin.logentry", "pk": 262, "fields": {"action_time": "2026-02-25T07:38:41.604Z", "user": 1, "content_type": 18, "object_id": "93288d55-e878-49a2-90c5-4887cc8d06a2", "object_repr": "Sample Site 5", "action_flag": 2, "change_message": "[{\"changed\": {\"fields\": [\"Program solvents end date\"]}}]"}}, {"model": "admin.logentry", "pk": 263, "fields": {"action_time": "2026-02-25T07:41:37.198Z", "user": 1, "content_type": 18, "object_id": "93288d55-e878-49a2-90c5-4887cc8d06a2", "object_repr": "Sample Site 5", "action_flag": 2, "change_message": "[{\"changed\": {\"fields\": [\"Program solvents end date\"]}}]"}}, {"model": "admin.logentry", "pk": 264, "fields": {"action_time": "2026-02-25T07:44:21.326Z", "user": 1, "content_type": 18, "object_id": "93288d55-e878-49a2-90c5-4887cc8d06a2", "object_repr": "Sample Site 5", "action_flag": 2, "change_message": "[]"}}, {"model": "admin.logentry", "pk": 265, "fields": {"action_time": "2026-02-25T07:44:38.844Z", "user": 1, "content_type": 18, "object_id": "93288d55-e878-49a2-90c5-4887cc8d06a2", "object_repr": "Sample Site 5", "action_flag": 2, "change_message": "[{\"changed\": {\"fields\": [\"Program lights\", \"Program lights start date\", \"Program lights end date\"]}}]"}}, {"model": "admin.logentry", "pk": 266, "fields": {"action_time": "2026-02-25T07:47:17.839Z", "user": 1, "content_type": 18, "object_id": "93288d55-e878-49a2-90c5-4887cc8d06a2", "object_repr": "Sample Site 5", "action_flag": 2, "change_message": "[{\"changed\": {\"fields\": [\"Program lights\", \"Program lights start date\", \"Program lights end date\"]}}]"}}, {"model": "admin.logentry", "pk": 267, "fields": {"action_time": "2026-02-25T07:49:20.466Z", "user": 1, "content_type": 18, "object_id": "93288d55-e878-49a2-90c5-4887cc8d06a2", "object_repr": "Sample Site 5", "action_flag": 2, "change_message": "[]"}}, {"model": "admin.logentry", "pk": 268, "fields": {"action_time": "2026-02-25T07:49:39.488Z", "user": 1, "content_type": 18, "object_id": "93288d55-e878-49a2-90c5-4887cc8d06a2", "object_repr": "Sample Site 5", "action_flag": 2, "change_message": "[{\"changed\": {\"fields\": [\"Is active\"]}}]"}}, {"model": "admin.logentry", "pk": 269, "fields": {"action_time": "2026-02-25T07:49:50.032Z", "user": 1, "content_type": 18, "object_id": "93288d55-e878-49a2-90c5-4887cc8d06a2", "object_repr": "Sample Site 5", "action_flag": 2, "change_message": "[{\"changed\": {\"fields\": [\"Is active\"]}}]"}}, {"model": "admin.logentry", "pk": 270, "fields": {"action_time": "2026-02-25T07:51:55.553Z", "user": 1, "content_type": 18, "object_id": "93288d55-e878-49a2-90c5-4887cc8d06a2", "object_repr": "Sample Site 5", "action_flag": 2, "change_message": "[{\"changed\": {\"fields\": [\"Program lights\", \"Program lights start date\", \"Program lights end date\"]}}]"}}, {"model": "admin.logentry", "pk": 271, "fields": {"action_time": "2026-02-25T07:54:05.493Z", "user": 1, "content_type": 18, "object_id": "93288d55-e878-49a2-90c5-4887cc8d06a2", "object_repr": "Sample Site 5", "action_flag": 2, "change_message": "[]"}}, {"model": "admin.logentry", "pk": 272, "fields": {"action_time": "2026-02-25T07:54:24.363Z", "user": 1, "content_type": 18, "object_id": "93288d55-e878-49a2-90c5-4887cc8d06a2", "object_repr": "Sample Site 5", "action_flag": 2, "change_message": "[{\"changed\": {\"fields\": [\"Program lights\", \"Program lights start date\", \"Program lights end date\"]}}]"}}, {"model": "admin.logentry", "pk": 273, "fields": {"action_time": "2026-02-25T09:18:22.156Z", "user": 1, "content_type": 11, "object_id": "f4ed7247-7594-4644-a368-f17ce493da92", "object_repr": "Updated Community pkill -f celery 111", "action_flag": 2, "change_message": "[{\"changed\": {\"fields\": [\"End date\"]}}]"}}, {"model": "admin.logentry", "pk": 274, "fields": {"action_time": "2026-02-25T09:18:43.154Z", "user": 1, "content_type": 18, "object_id": "eb86f80a-b59a-4b8e-a211-10651cfc7242", "object_repr": "Sample Site 3", "action_flag": 2, "change_message": "[{\"changed\": {\"fields\": [\"Community\", \"Program fertilizers\", \"Program fertilizers start date\", \"Program fertilizers end date\"]}}]"}}, {"model": "admin.logentry", "pk": 275, "fields": {"action_time": "2026-02-25T09:20:29.316Z", "user": 1, "content_type": 11, "object_id": "f4ed7247-7594-4644-a368-f17ce493da92", "object_repr": "Updated Community pkill -f celery 111", "action_flag": 2, "change_message": "[{\"changed\": {\"fields\": [\"End date\"]}}]"}}, {"model": "admin.logentry", "pk": 276, "fields": {"action_time": "2026-02-25T09:22:04.595Z", "user": 1, "content_type": 11, "object_id": "f4ed7247-7594-4644-a368-f17ce493da92", "object_repr": "Updated Community pkill -f celery 111", "action_flag": 2, "change_message": "[{\"changed\": {\"fields\": [\"Is active\"]}}]"}}, {"model": "admin.logentry", "pk": 277, "fields": {"action_time": "2026-02-25T09:23:39.239Z", "user": 1, "content_type": 18, "object_id": "eb86f80a-b59a-4b8e-a211-10651cfc7242", "object_repr": "Sample Site 3", "action_flag": 2, "change_message": "[{\"changed\": {\"fields\": [\"Program paint\", \"Program paint start date\", \"Program paint end date\"]}}]"}}, {"model": "admin.logentry", "pk": 278, "fields": {"action_time": "2026-02-25T09:23:58.430Z", "user": 1, "content_type": 11, "object_id": "f4ed7247-7594-4644-a368-f17ce493da92", "object_repr": "Updated Community pkill -f celery 111", "action_flag": 2, "change_message": "[{\"changed\": {\"fields\": [\"End date\"]}}]"}}, {"model": "admin.logentry", "pk": 279, "fields": {"action_time": "2026-02-25T09:24:07.467Z", "user": 1, "content_type": 11, "object_id": "f4ed7247-7594-4644-a368-f17ce493da92", "object_repr": "Updated Community pkill -f celery 111", "action_flag": 2, "change_message": "[{\"changed\": {\"fields\": [\"Is active\"]}}]"}}, {"model": "admin.logentry", "pk": 280, "fields": {"action_time": "2026-02-25T09:25:06.094Z", "user": 1, "content_type": 18, "object_id": "eb86f80a-b59a-4b8e-a211-10651cfc7242", "object_repr": "Sample Site 3", "action_flag": 2, "change_message": "[{\"changed\": {\"fields\": [\"Program paint start date\", \"Program paint end date\"]}}]"}}, {"model": "admin.logentry", "pk": 281, "fields": {"action_time": "2026-02-25T09:31:53.073Z", "user": 1, "content_type": 18, "object_id": "eb86f80a-b59a-4b8e-a211-10651cfc7242", "object_repr": "Sample Site 3", "action_flag": 2, "change_message": "[{\"changed\": {\"fields\": [\"Is active\"]}}]"}}, {"model": "admin.logentry", "pk": 282, "fields": {"action_time": "2026-02-25T09:32:29.550Z", "user": 1, "content_type": 18, "object_id": "eb86f80a-b59a-4b8e-a211-10651cfc7242", "object_repr": "Sample Site 3", "action_flag": 2, "change_message": "[{\"changed\": {\"fields\": [\"Is active\"]}}]"}}, {"model": "admin.logentry", "pk": 283, "fields": {"action_time": "2026-02-25T09:32:53.951Z", "user": 1, "content_type": 18, "object_id": "eb86f80a-b59a-4b8e-a211-10651cfc7242", "object_repr": "Sample Site 3", "action_flag": 2, "change_message": "[{\"changed\": {\"fields\": [\"Program lights\", \"Program lights start date\", \"Program lights end date\"]}}]"}}, {"model": "admin.logentry", "pk": 284, "fields": {"action_time": "2026-02-26T10:28:33.945Z", "user": 1, "content_type": 21, "object_id": "1", "object_repr": "2004", "action_flag": 1, "change_message": "[{\"added\": {}}]"}}, {"model": "admin.logentry", "pk": 285, "fields": {"action_time": "2026-02-26T10:28:37.256Z", "user": 1, "content_type": 21, "object_id": "2", "object_repr": "2011", "action_flag": 1, "change_message": "[{\"added\": {}}]"}}, {"model": "admin.logentry", "pk": 286, "fields": {"action_time": "2026-02-26T10:29:15.392Z", "user": 1, "content_type": 22, "object_id": "f5c54b20-daa1-4494-9bc9-28b985cd7461", "object_repr": "a", "action_flag": 1, "change_message": "[{\"added\": {}}]"}}, {"model": "admin.logentry", "pk": 287, "fields": {"action_time": "2026-02-26T10:29:42.532Z", "user": 1, "content_type": 22, "object_id": "f5c54b20-daa1-4494-9bc9-28b985cd7461", "object_repr": "a", "action_flag": 2, "change_message": "[{\"changed\": {\"fields\": [\"Census years\"]}}]"}}, {"model": "admin.logentry", "pk": 288, "fields": {"action_time": "2026-02-26T10:32:53.664Z", "user": 1, "content_type": 20, "object_id": "0ced8571-b3d2-4e3c-bc54-ed1b266d9095", "object_repr": "aaaa", "action_flag": 1, "change_message": "[{\"added\": {}}]"}}, {"model": "admin.logentry", "pk": 289, "fields": {"action_time": "2026-02-26T10:33:32.396Z", "user": 1, "content_type": 20, "object_id": "0ced8571-b3d2-4e3c-bc54-ed1b266d9095", "object_repr": "aaaa", "action_flag": 2, "change_message": "[{\"changed\": {\"fields\": [\"Census years\"]}}]"}}, {"model": "admin.logentry", "pk": 290, "fields": {"action_time": "2026-02-26T10:43:09.956Z", "user": 1, "content_type": 22, "object_id": "e4d4e632-06b2-480e-abb6-500312a2d9d4", "object_repr": "aaa", "action_flag": 1, "change_message": "[{\"added\": {}}]"}}, {"model": "admin.logentry", "pk": 291, "fields": {"action_time": "2026-02-26T10:47:58.239Z", "user": 1, "content_type": 21, "object_id": "2", "object_repr": "2011", "action_flag": 3, "change_message": ""}}, {"model": "admin.logentry", "pk": 292, "fields": {"action_time": "2026-02-26T10:47:58.242Z", "user": 1, "content_type": 21, "object_id": "1", "object_repr": "2004", "action_flag": 3, "change_message": ""}}, {"model": "admin.logentry", "pk": 293, "fields": {"action_time": "2026-02-26T10:48:11.341Z", "user": 1, "content_type": 21, "object_id": "3", "object_repr": "2021", "action_flag": 1, "change_message": "[{\"added\": {}}]"}}, {"model": "admin.logentry", "pk": 294, "fields": {"action_time": "2026-02-26T10:48:18.367Z", "user": 1, "content_type": 21, "object_id": "4", "object_repr": "2012", "action_flag": 1, "change_message": "[{\"added\": {}}]"}}, {"model": "admin.logentry", "pk": 295, "fields": {"action_time": "2026-02-26T10:49:01.163Z", "user": 1, "content_type": 22, "object_id": "f5c54b20-daa1-4494-9bc9-28b985cd7461", "object_repr": "a", "action_flag": 2, "change_message": "[]"}}, {"model": "admin.logentry", "pk": 296, "fields": {"action_time": "2026-02-26T12:21:01.088Z", "user": 1, "content_type": 22, "object_id": "f5c54b20-daa1-4494-9bc9-28b985cd7461", "object_repr": "a", "action_flag": 2, "change_message": "[{\"changed\": {\"fields\": [\"Census years\"]}}]"}}, {"model": "admin.logentry", "pk": 297, "fields": {"action_time": "2026-02-26T12:33:17.667Z", "user": 1, "content_type": 22, "object_id": "f5c54b20-daa1-4494-9bc9-28b985cd7461", "object_repr": "a", "action_flag": 2, "change_message": "[{\"changed\": {\"fields\": [\"Census years\", \"Sites\"]}}]"}}, {"model": "admin.logentry", "pk": 298, "fields": {"action_time": "2026-02-26T12:37:12.735Z", "user": 1, "content_type": 22, "object_id": "f5c54b20-daa1-4494-9bc9-28b985cd7461", "object_repr": "a", "action_flag": 2, "change_message": "[{\"changed\": {\"fields\": [\"Is active\"]}}]"}}, {"model": "admin.logentry", "pk": 299, "fields": {"action_time": "2026-02-26T12:37:38.315Z", "user": 1, "content_type": 21, "object_id": "5", "object_repr": "2000", "action_flag": 1, "change_message": "[{\"added\": {}}]"}}, {"model": "admin.logentry", "pk": 300, "fields": {"action_time": "2026-02-26T12:44:12.207Z", "user": 1, "content_type": 20, "object_id": "0ced8571-b3d2-4e3c-bc54-ed1b266d9095", "object_repr": "aaaa", "action_flag": 2, "change_message": "[{\"changed\": {\"fields\": [\"Is active\", \"Program paint\"]}}]"}}, {"model": "admin.logentry", "pk": 301, "fields": {"action_time": "2026-02-26T12:44:23.200Z", "user": 1, "content_type": 21, "object_id": "7", "object_repr": "2555", "action_flag": 1, "change_message": "[{\"added\": {}}]"}}, {"model": "admin.logentry", "pk": 302, "fields": {"action_time": "2026-02-26T12:53:36.455Z", "user": 1, "content_type": 21, "object_id": "5", "object_repr": "2000", "action_flag": 2, "change_message": "[{\"changed\": {\"fields\": [\"Sites\"]}}]"}}, {"model": "admin.logentry", "pk": 303, "fields": {"action_time": "2026-02-27T09:12:39.758Z", "user": 1, "content_type": 20, "object_id": "0ced8571-b3d2-4e3c-bc54-ed1b266d9095", "object_repr": "aaaa", "action_flag": 2, "change_message": "[{\"changed\": {\"fields\": [\"Is active\"]}}]"}}, {"model": "admin.logentry", "pk": 304, "fields": {"action_time": "2026-02-27T09:13:15.456Z", "user": 1, "content_type": 21, "object_id": "8", "object_repr": "2019", "action_flag": 3, "change_message": ""}}, {"model": "admin.logentry", "pk": 305, "fields": {"action_time": "2026-02-27T09:13:15.458Z", "user": 1, "content_type": 21, "object_id": "7", "object_repr": "2555", "action_flag": 3, "change_message": ""}}, {"model": "admin.logentry", "pk": 306, "fields": {"action_time": "2026-02-27T09:13:15.460Z", "user": 1, "content_type": 21, "object_id": "5", "object_repr": "2000", "action_flag": 3, "change_message": ""}}, {"model": "admin.logentry", "pk": 307, "fields": {"action_time": "2026-02-27T09:30:39.435Z", "user": 1, "content_type": 23, "object_id": "1", "object_repr": "2000", "action_flag": 1, "change_message": "[{\"added\": {}}]"}}, {"model": "admin.logentry", "pk": 308, "fields": {"action_time": "2026-02-27T09:30:47.715Z", "user": 1, "content_type": 11, "object_id": "f4ed7247-7594-4644-a368-f17ce493da92", "object_repr": "Updated Community pkill -f celery 111", "action_flag": 2, "change_message": "[{\"changed\": {\"fields\": [\"Census years\"]}}]"}}, {"model": "admin.logentry", "pk": 309, "fields": {"action_time": "2026-02-27T09:40:25.726Z", "user": 1, "content_type": 11, "object_id": "dbe69db6-a83d-428f-9c0a-7f045c27d798", "object_repr": "Valley", "action_flag": 2, "change_message": "[{\"changed\": {\"fields\": [\"Is active\"]}}]"}}, {"model": "admin.logentry", "pk": 310, "fields": {"action_time": "2026-02-27T09:40:32.218Z", "user": 1, "content_type": 11, "object_id": "dbe69db6-a83d-428f-9c0a-7f045c27d798", "object_repr": "Valley", "action_flag": 2, "change_message": "[]"}}, {"model": "admin.logentry", "pk": 311, "fields": {"action_time": "2026-02-27T09:40:51.607Z", "user": 1, "content_type": 11, "object_id": "dbe69db6-a83d-428f-9c0a-7f045c27d798", "object_repr": "Valley", "action_flag": 2, "change_message": "[{\"changed\": {\"fields\": [\"Census years\"]}}]"}}, {"model": "admin.logentry", "pk": 312, "fields": {"action_time": "2026-02-27T09:41:11.971Z", "user": 1, "content_type": 23, "object_id": "2", "object_repr": "1970", "action_flag": 1, "change_message": "[{\"added\": {}}]"}}, {"model": "admin.logentry", "pk": 313, "fields": {"action_time": "2026-02-27T09:41:22.760Z", "user": 1, "content_type": 11, "object_id": "f4ed7247-7594-4644-a368-f17ce493da92", "object_repr": "Updated Community pkill -f celery 111", "action_flag": 2, "change_message": "[{\"changed\": {\"fields\": [\"Census years\"]}}]"}}, {"model": "admin.logentry", "pk": 314, "fields": {"action_time": "2026-02-27T10:00:10.117Z", "user": 1, "content_type": 25, "object_id": "1", "object_repr": "Bayview - 2000", "action_flag": 1, "change_message": "[{\"added\": {}}]"}}, {"model": "admin.logentry", "pk": 315, "fields": {"action_time": "2026-02-27T10:01:00.953Z", "user": 1, "content_type": 25, "object_id": "2", "object_repr": "Bayview - 1970", "action_flag": 1, "change_message": "[{\"added\": {}}]"}}, {"model": "admin.logentry", "pk": 316, "fields": {"action_time": "2026-02-27T10:02:47.098Z", "user": 1, "content_type": 26, "object_id": "1", "object_repr": "Sample Site 10 - 2000", "action_flag": 1, "change_message": "[{\"added\": {}}]"}}, {"model": "admin.logentry", "pk": 317, "fields": {"action_time": "2026-02-27T10:46:05.754Z", "user": 1, "content_type": 25, "object_id": "4", "object_repr": "Bayview - 2000", "action_flag": 1, "change_message": "[{\"added\": {}}]"}}, {"model": "admin.logentry", "pk": 318, "fields": {"action_time": "2026-02-27T11:27:39.312Z", "user": 1, "content_type": 26, "object_id": "2", "object_repr": "Sample Site 10 - 1970", "action_flag": 1, "change_message": "[{\"added\": {}}]"}}, {"model": "admin.logentry", "pk": 319, "fields": {"action_time": "2026-02-27T11:53:00.703Z", "user": 1, "content_type": 11, "object_id": "db23d502-9258-40ae-89d7-81ea2587e8ba", "object_repr": "qqqqq", "action_flag": 1, "change_message": "[{\"added\": {}}]"}}, {"model": "admin.logentry", "pk": 320, "fields": {"action_time": "2026-03-02T05:22:26.344Z", "user": 1, "content_type": 23, "object_id": "3", "object_repr": "2015", "action_flag": 1, "change_message": "[{\"added\": {}}]"}}, {"model": "admin.logentry", "pk": 321, "fields": {"action_time": "2026-03-02T05:24:48.128Z", "user": 1, "content_type": 23, "object_id": "2", "object_repr": "1970", "action_flag": 3, "change_message": ""}}, {"model": "admin.logentry", "pk": 322, "fields": {"action_time": "2026-03-02T05:25:47.919Z", "user": 1, "content_type": 23, "object_id": "4", "object_repr": "2026", "action_flag": 1, "change_message": "[{\"added\": {}}]"}}, {"model": "admin.logentry", "pk": 323, "fields": {"action_time": "2026-03-02T05:27:44.787Z", "user": 1, "content_type": 25, "object_id": "8", "object_repr": "Bayview a - 2026", "action_flag": 2, "change_message": "[{\"changed\": {\"fields\": [\"Is active\"]}}]"}}, {"model": "admin.logentry", "pk": 324, "fields": {"action_time": "2026-03-02T05:38:34.875Z", "user": 1, "content_type": 26, "object_id": "4", "object_repr": "Sample Site 10 - 2026", "action_flag": 2, "change_message": "[{\"changed\": {\"fields\": [\"Is active\"]}}]"}}, {"model": "admin.logentry", "pk": 325, "fields": {"action_time": "2026-03-02T05:38:53.035Z", "user": 1, "content_type": 23, "object_id": "5", "object_repr": "2030", "action_flag": 1, "change_message": "[{\"added\": {}}]"}}, {"model": "admin.logentry", "pk": 326, "fields": {"action_time": "2026-03-02T05:39:19.104Z", "user": 1, "content_type": 23, "object_id": "5", "object_repr": "2030", "action_flag": 3, "change_message": ""}}, {"model": "admin.logentry", "pk": 327, "fields": {"action_time": "2026-03-02T05:39:19.108Z", "user": 1, "content_type": 23, "object_id": "3", "object_repr": "2015", "action_flag": 3, "change_message": ""}}, {"model": "admin.logentry", "pk": 328, "fields": {"action_time": "2026-03-02T05:39:19.110Z", "user": 1, "content_type": 23, "object_id": "1", "object_repr": "2000", "action_flag": 3, "change_message": ""}}, {"model": "admin.logentry", "pk": 329, "fields": {"action_time": "2026-03-02T05:40:11.687Z", "user": 1, "content_type": 23, "object_id": "6", "object_repr": "2030", "action_flag": 1, "change_message": "[{\"added\": {}}]"}}, {"model": "admin.logentry", "pk": 330, "fields": {"action_time": "2026-03-02T05:41:22.608Z", "user": 1, "content_type": 26, "object_id": "4", "object_repr": "Sample Site 10 - 2026", "action_flag": 2, "change_message": "[{\"changed\": {\"fields\": [\"Is active\"]}}]"}}, {"model": "admin.logentry", "pk": 331, "fields": {"action_time": "2026-03-02T05:41:49.391Z", "user": 1, "content_type": 23, "object_id": "7", "object_repr": "2035", "action_flag": 1, "change_message": "[{\"added\": {}}]"}}, {"model": "admin.logentry", "pk": 332, "fields": {"action_time": "2026-03-02T05:57:04.392Z", "user": 1, "content_type": 23, "object_id": "7", "object_repr": "2035", "action_flag": 3, "change_message": ""}}, {"model": "admin.logentry", "pk": 333, "fields": {"action_time": "2026-03-02T05:57:04.394Z", "user": 1, "content_type": 23, "object_id": "6", "object_repr": "2030", "action_flag": 3, "change_message": ""}}, {"model": "admin.logentry", "pk": 334, "fields": {"action_time": "2026-03-02T05:57:15.631Z", "user": 1, "content_type": 25, "object_id": "7", "object_repr": "Bayview - 2026", "action_flag": 2, "change_message": "[{\"changed\": {\"fields\": [\"Is active\"]}}]"}}, {"model": "admin.logentry", "pk": 335, "fields": {"action_time": "2026-03-02T05:57:20.961Z", "user": 1, "content_type": 25, "object_id": "8", "object_repr": "Bayview a - 2026", "action_flag": 2, "change_message": "[{\"changed\": {\"fields\": [\"Is active\"]}}]"}}, {"model": "admin.logentry", "pk": 336, "fields": {"action_time": "2026-03-02T05:57:24.010Z", "user": 1, "content_type": 25, "object_id": "7", "object_repr": "Bayview - 2026", "action_flag": 2, "change_message": "[{\"changed\": {\"fields\": [\"Is active\"]}}]"}}, {"model": "admin.logentry", "pk": 337, "fields": {"action_time": "2026-03-02T05:58:17.234Z", "user": 1, "content_type": 26, "object_id": "7", "object_repr": "Sample Site 9 - 2026", "action_flag": 1, "change_message": "[{\"added\": {}}]"}}, {"model": "admin.logentry", "pk": 338, "fields": {"action_time": "2026-03-02T05:58:51.734Z", "user": 1, "content_type": 23, "object_id": "8", "object_repr": "2030", "action_flag": 1, "change_message": "[{\"added\": {}}]"}}, {"model": "admin.logentry", "pk": 339, "fields": {"action_time": "2026-03-02T05:59:10.166Z", "user": 1, "content_type": 26, "object_id": "8", "object_repr": "Sample Site 10 - 2030", "action_flag": 2, "change_message": "[{\"changed\": {\"fields\": [\"Is active\", \"Program paint\"]}}]"}}, {"model": "admin.logentry", "pk": 340, "fields": {"action_time": "2026-03-02T05:59:22.540Z", "user": 1, "content_type": 25, "object_id": "13", "object_repr": "Bayview - 2030", "action_flag": 2, "change_message": "[{\"changed\": {\"fields\": [\"Is active\"]}}]"}}, {"model": "admin.logentry", "pk": 341, "fields": {"action_time": "2026-03-02T05:59:36.430Z", "user": 1, "content_type": 23, "object_id": "9", "object_repr": "2035", "action_flag": 1, "change_message": "[{\"added\": {}}]"}}, {"model": "admin.logentry", "pk": 342, "fields": {"action_time": "2026-03-02T06:01:28.445Z", "user": 1, "content_type": 26, "object_id": "10", "object_repr": "Sample Site 10 - 2035", "action_flag": 2, "change_message": "[{\"changed\": {\"fields\": [\"Is active\"]}}]"}}, {"model": "admin.logentry", "pk": 343, "fields": {"action_time": "2026-03-02T06:01:45.182Z", "user": 1, "content_type": 26, "object_id": "10", "object_repr": "Sample Site 10 - 2035", "action_flag": 2, "change_message": "[{\"changed\": {\"fields\": [\"Is active\"]}}]"}}, {"model": "admin.logentry", "pk": 344, "fields": {"action_time": "2026-03-02T06:02:02.073Z", "user": 1, "content_type": 26, "object_id": "10", "object_repr": "Sample Site 10 - 2035", "action_flag": 2, "change_message": "[{\"changed\": {\"fields\": [\"Is active\"]}}]"}}, {"model": "admin.logentry", "pk": 345, "fields": {"action_time": "2026-03-02T06:02:19.768Z", "user": 1, "content_type": 25, "object_id": "16", "object_repr": "Bayview a - 2035", "action_flag": 2, "change_message": "[{\"changed\": {\"fields\": [\"Is active\"]}}]"}}, {"model": "admin.logentry", "pk": 346, "fields": {"action_time": "2026-03-02T06:02:34.425Z", "user": 1, "content_type": 23, "object_id": "10", "object_repr": "2040", "action_flag": 1, "change_message": "[{\"added\": {}}]"}}, {"model": "admin.logentry", "pk": 347, "fields": {"action_time": "2026-03-02T06:04:06.194Z", "user": 1, "content_type": 23, "object_id": "10", "object_repr": "2040", "action_flag": 3, "change_message": ""}}, {"model": "admin.logentry", "pk": 348, "fields": {"action_time": "2026-03-02T06:04:06.196Z", "user": 1, "content_type": 23, "object_id": "9", "object_repr": "2035", "action_flag": 3, "change_message": ""}}, {"model": "admin.logentry", "pk": 349, "fields": {"action_time": "2026-03-02T06:04:06.199Z", "user": 1, "content_type": 23, "object_id": "8", "object_repr": "2030", "action_flag": 3, "change_message": ""}}, {"model": "admin.logentry", "pk": 350, "fields": {"action_time": "2026-03-02T06:04:20.289Z", "user": 1, "content_type": 23, "object_id": "11", "object_repr": "2030", "action_flag": 1, "change_message": "[{\"added\": {}}]"}}, {"model": "admin.logentry", "pk": 351, "fields": {"action_time": "2026-03-02T06:04:34.239Z", "user": 1, "content_type": 26, "object_id": "14", "object_repr": "Sample Site 10 - 2030", "action_flag": 2, "change_message": "[{\"changed\": {\"fields\": [\"Is active\", \"Program paint\"]}}]"}}, {"model": "admin.logentry", "pk": 352, "fields": {"action_time": "2026-03-02T06:04:41.003Z", "user": 1, "content_type": 25, "object_id": "19", "object_repr": "Bayview - 2030", "action_flag": 2, "change_message": "[{\"changed\": {\"fields\": [\"Is active\"]}}]"}}, {"model": "admin.logentry", "pk": 353, "fields": {"action_time": "2026-03-02T06:04:56.584Z", "user": 1, "content_type": 23, "object_id": "12", "object_repr": "2035", "action_flag": 1, "change_message": "[{\"added\": {}}]"}}, {"model": "admin.logentry", "pk": 354, "fields": {"action_time": "2026-03-02T06:07:30.975Z", "user": 1, "content_type": 26, "object_id": "17", "object_repr": "Sample Collection Site - 2035", "action_flag": 1, "change_message": "[{\"added\": {}}]"}}, {"model": "admin.logentry", "pk": 355, "fields": {"action_time": "2026-03-02T06:07:46.027Z", "user": 1, "content_type": 23, "object_id": "13", "object_repr": "2040", "action_flag": 1, "change_message": "[{\"added\": {}}]"}}, {"model": "admin.logentry", "pk": 356, "fields": {"action_time": "2026-03-02T06:14:09.390Z", "user": 1, "content_type": 24, "object_id": "1", "object_repr": "New Rule - 2026", "action_flag": 1, "change_message": "[{\"added\": {}}]"}}, {"model": "admin.logentry", "pk": 357, "fields": {"action_time": "2026-03-02T06:21:07.407Z", "user": 1, "content_type": 23, "object_id": "14", "object_repr": "2045", "action_flag": 1, "change_message": "[{\"added\": {}}]"}}, {"model": "admin.logentry", "pk": 358, "fields": {"action_time": "2026-03-02T06:24:03.711Z", "user": 1, "content_type": 25, "object_id": "20", "object_repr": "Bayview a - 2030", "action_flag": 2, "change_message": "[{\"changed\": {\"fields\": [\"Population\"]}}]"}}, {"model": "admin.logentry", "pk": 359, "fields": {"action_time": "2026-03-02T07:04:09.600Z", "user": 1, "content_type": 23, "object_id": "14", "object_repr": "2045", "action_flag": 3, "change_message": ""}}, {"model": "admin.logentry", "pk": 360, "fields": {"action_time": "2026-03-02T08:48:16.422Z", "user": 1, "content_type": 19, "object_id": "188", "object_repr": "Bayview - Pesticides: 0.00%", "action_flag": 3, "change_message": ""}}, {"model": "admin.logentry", "pk": 361, "fields": {"action_time": "2026-03-02T08:48:16.443Z", "user": 1, "content_type": 19, "object_id": "187", "object_repr": "Bayview - Solvents: 0.00%", "action_flag": 3, "change_message": ""}}, {"model": "admin.logentry", "pk": 362, "fields": {"action_time": "2026-03-02T08:48:16.460Z", "user": 1, "content_type": 19, "object_id": "186", "object_repr": "Bayview - Lighting: 0.00%", "action_flag": 3, "change_message": ""}}, {"model": "admin.logentry", "pk": 363, "fields": {"action_time": "2026-03-02T08:48:16.470Z", "user": 1, "content_type": 19, "object_id": "185", "object_repr": "Bayview - Paint: 0.00%", "action_flag": 3, "change_message": ""}}, {"model": "admin.logentry", "pk": 364, "fields": {"action_time": "2026-03-02T08:48:16.473Z", "user": 1, "content_type": 19, "object_id": "184", "object_repr": "Bayview a - Pesticides: 0.00%", "action_flag": 3, "change_message": ""}}, {"model": "admin.logentry", "pk": 365, "fields": {"action_time": "2026-03-02T08:48:16.475Z", "user": 1, "content_type": 19, "object_id": "183", "object_repr": "Bayview a - Solvents: 0.00%", "action_flag": 3, "change_message": ""}}, {"model": "admin.logentry", "pk": 366, "fields": {"action_time": "2026-03-02T08:48:16.477Z", "user": 1, "content_type": 19, "object_id": "182", "object_repr": "Bayview a - Lighting: 0.00%", "action_flag": 3, "change_message": ""}}, {"model": "admin.logentry", "pk": 367, "fields": {"action_time": "2026-03-02T08:48:16.479Z", "user": 1, "content_type": 19, "object_id": "181", "object_repr": "Bayview a - Paint: 6.67%", "action_flag": 3, "change_message": ""}}, {"model": "admin.logentry", "pk": 368, "fields": {"action_time": "2026-03-02T08:48:16.481Z", "user": 1, "content_type": 19, "object_id": "180", "object_repr": "Valley - Pesticides: 0.00%", "action_flag": 3, "change_message": ""}}, {"model": "admin.logentry", "pk": 369, "fields": {"action_time": "2026-03-02T08:48:16.483Z", "user": 1, "content_type": 19, "object_id": "179", "object_repr": "Valley - Solvents: 0.00%", "action_flag": 3, "change_message": ""}}, {"model": "admin.logentry", "pk": 370, "fields": {"action_time": "2026-03-02T08:48:16.485Z", "user": 1, "content_type": 19, "object_id": "178", "object_repr": "Valley - Lighting: 0.00%", "action_flag": 3, "change_message": ""}}, {"model": "admin.logentry", "pk": 371, "fields": {"action_time": "2026-03-02T08:48:16.488Z", "user": 1, "content_type": 19, "object_id": "177", "object_repr": "Valley - Paint: 0.00%", "action_flag": 3, "change_message": ""}}, {"model": "admin.logentry", "pk": 372, "fields": {"action_time": "2026-03-02T08:48:16.490Z", "user": 1, "content_type": 19, "object_id": "176", "object_repr": "Updated Community pkill -f celery 111 - Pesticides: 0.00%", "action_flag": 3, "change_message": ""}}, {"model": "admin.logentry", "pk": 373, "fields": {"action_time": "2026-03-02T08:48:16.492Z", "user": 1, "content_type": 19, "object_id": "175", "object_repr": "Updated Community pkill -f celery 111 - Solvents: 100.00%", "action_flag": 3, "change_message": ""}}, {"model": "admin.logentry", "pk": 374, "fields": {"action_time": "2026-03-02T08:48:16.494Z", "user": 1, "content_type": 19, "object_id": "174", "object_repr": "Updated Community pkill -f celery 111 - Lighting: 50.00%", "action_flag": 3, "change_message": ""}}, {"model": "admin.logentry", "pk": 375, "fields": {"action_time": "2026-03-02T08:48:16.496Z", "user": 1, "content_type": 19, "object_id": "173", "object_repr": "Updated Community pkill -f celery 111 - Paint: 0.00%", "action_flag": 3, "change_message": ""}}, {"model": "admin.logentry", "pk": 376, "fields": {"action_time": "2026-03-02T08:48:16.498Z", "user": 1, "content_type": 19, "object_id": "172", "object_repr": "New Community for backgorund task - Pesticides: 0.00%", "action_flag": 3, "change_message": ""}}, {"model": "admin.logentry", "pk": 377, "fields": {"action_time": "2026-03-02T08:48:16.500Z", "user": 1, "content_type": 19, "object_id": "171", "object_repr": "New Community for backgorund task - Solvents: 0.00%", "action_flag": 3, "change_message": ""}}, {"model": "admin.logentry", "pk": 378, "fields": {"action_time": "2026-03-02T08:48:16.502Z", "user": 1, "content_type": 19, "object_id": "170", "object_repr": "New Community for backgorund task - Lighting: 0.00%", "action_flag": 3, "change_message": ""}}, {"model": "admin.logentry", "pk": 379, "fields": {"action_time": "2026-03-02T08:48:16.504Z", "user": 1, "content_type": 19, "object_id": "169", "object_repr": "New Community for backgorund task - Paint: 66.67%", "action_flag": 3, "change_message": ""}}, {"model": "admin.logentry", "pk": 380, "fields": {"action_time": "2026-03-02T08:48:16.507Z", "user": 1, "content_type": 19, "object_id": "168", "object_repr": "Riverside - Pesticides: 0.00%", "action_flag": 3, "change_message": ""}}, {"model": "admin.logentry", "pk": 381, "fields": {"action_time": "2026-03-02T08:48:16.509Z", "user": 1, "content_type": 19, "object_id": "167", "object_repr": "Riverside - Solvents: 0.00%", "action_flag": 3, "change_message": ""}}, {"model": "admin.logentry", "pk": 382, "fields": {"action_time": "2026-03-02T08:48:16.510Z", "user": 1, "content_type": 19, "object_id": "166", "object_repr": "Riverside - Lighting: 0.00%", "action_flag": 3, "change_message": ""}}, {"model": "admin.logentry", "pk": 383, "fields": {"action_time": "2026-03-02T08:48:16.513Z", "user": 1, "content_type": 19, "object_id": "165", "object_repr": "Riverside - Paint: 0.00%", "action_flag": 3, "change_message": ""}}, {"model": "admin.logentry", "pk": 384, "fields": {"action_time": "2026-03-02T08:48:34.846Z", "user": 1, "content_type": 25, "object_id": "22", "object_repr": "Bayview a - 2040", "action_flag": 2, "change_message": "[{\"changed\": {\"fields\": [\"Population\"]}}]"}}, {"model": "admin.logentry", "pk": 385, "fields": {"action_time": "2026-03-02T08:58:53.770Z", "user": 1, "content_type": 26, "object_id": "14", "object_repr": "Sample Site 10 - 2030", "action_flag": 2, "change_message": "[{\"changed\": {\"fields\": [\"Is active\", \"Program lights\"]}}]"}}, {"model": "admin.logentry", "pk": 386, "fields": {"action_time": "2026-03-02T09:06:06.944Z", "user": 1, "content_type": 25, "object_id": "19", "object_repr": "Bayview - 2030", "action_flag": 2, "change_message": "[{\"changed\": {\"fields\": [\"Is active\"]}}]"}}, {"model": "admin.logentry", "pk": 387, "fields": {"action_time": "2026-03-02T09:13:12.132Z", "user": 1, "content_type": 26, "object_id": "22", "object_repr": "Sample Site 7 - 2040", "action_flag": 1, "change_message": "[{\"added\": {}}]"}}, {"model": "admin.logentry", "pk": 388, "fields": {"action_time": "2026-03-02T09:15:00.927Z", "user": 1, "content_type": 25, "object_id": "24", "object_repr": "Lakeside - 2040", "action_flag": 1, "change_message": "[{\"added\": {}}]"}}, {"model": "admin.logentry", "pk": 389, "fields": {"action_time": "2026-03-02T09:19:55.952Z", "user": 1, "content_type": 25, "object_id": "24", "object_repr": "Lakeside - 2040", "action_flag": 2, "change_message": "[{\"changed\": {\"fields\": [\"Is active\"]}}]"}}, {"model": "admin.logentry", "pk": 390, "fields": {"action_time": "2026-03-02T09:20:04.561Z", "user": 1, "content_type": 25, "object_id": "24", "object_repr": "Lakeside - 2040", "action_flag": 2, "change_message": "[{\"changed\": {\"fields\": [\"Is active\"]}}]"}}, {"model": "admin.logentry", "pk": 391, "fields": {"action_time": "2026-03-02T09:35:28.226Z", "user": 1, "content_type": 25, "object_id": "24", "object_repr": "Lakeside - 2040", "action_flag": 2, "change_message": "[{\"changed\": {\"fields\": [\"Is active\"]}}]"}}, {"model": "admin.logentry", "pk": 392, "fields": {"action_time": "2026-03-02T09:35:36.555Z", "user": 1, "content_type": 25, "object_id": "24", "object_repr": "Lakeside - 2040", "action_flag": 2, "change_message": "[{\"changed\": {\"fields\": [\"Is active\"]}}]"}}, {"model": "admin.logentry", "pk": 393, "fields": {"action_time": "2026-03-02T09:45:35.027Z", "user": 1, "content_type": 25, "object_id": "24", "object_repr": "Lakeside - 2040", "action_flag": 2, "change_message": "[{\"changed\": {\"fields\": [\"Is active\"]}}]"}}, {"model": "admin.logentry", "pk": 394, "fields": {"action_time": "2026-03-02T09:56:26.329Z", "user": 1, "content_type": 25, "object_id": "24", "object_repr": "Lakeside - 2040", "action_flag": 2, "change_message": "[{\"changed\": {\"fields\": [\"Is active\"]}}]"}}, {"model": "admin.logentry", "pk": 395, "fields": {"action_time": "2026-03-02T09:56:39.186Z", "user": 1, "content_type": 25, "object_id": "24", "object_repr": "Lakeside - 2040", "action_flag": 2, "change_message": "[{\"changed\": {\"fields\": [\"Is active\"]}}]"}}, {"model": "admin.logentry", "pk": 396, "fields": {"action_time": "2026-03-02T09:56:45.939Z", "user": 1, "content_type": 25, "object_id": "24", "object_repr": "Lakeside - 2040", "action_flag": 2, "change_message": "[{\"changed\": {\"fields\": [\"Is active\"]}}]"}}, {"model": "admin.logentry", "pk": 397, "fields": {"action_time": "2026-03-02T09:57:02.184Z", "user": 1, "content_type": 25, "object_id": "24", "object_repr": "Lakeside - 2040", "action_flag": 2, "change_message": "[{\"changed\": {\"fields\": [\"Is active\"]}}]"}}, {"model": "admin.logentry", "pk": 398, "fields": {"action_time": "2026-03-02T09:57:19.859Z", "user": 1, "content_type": 25, "object_id": "24", "object_repr": "Lakeside - 2040", "action_flag": 2, "change_message": "[{\"changed\": {\"fields\": [\"Is active\"]}}]"}}, {"model": "admin.logentry", "pk": 399, "fields": {"action_time": "2026-03-02T09:57:28.942Z", "user": 1, "content_type": 25, "object_id": "24", "object_repr": "Lakeside - 2040", "action_flag": 2, "change_message": "[{\"changed\": {\"fields\": [\"Is active\"]}}]"}}, {"model": "admin.logentry", "pk": 400, "fields": {"action_time": "2026-03-02T10:01:01.172Z", "user": 1, "content_type": 25, "object_id": "24", "object_repr": "Lakeside - 2040", "action_flag": 2, "change_message": "[{\"changed\": {\"fields\": [\"Is active\"]}}]"}}, {"model": "admin.logentry", "pk": 401, "fields": {"action_time": "2026-03-02T10:01:09.051Z", "user": 1, "content_type": 25, "object_id": "24", "object_repr": "Lakeside - 2040", "action_flag": 2, "change_message": "[{\"changed\": {\"fields\": [\"Is active\"]}}]"}}, {"model": "admin.logentry", "pk": 402, "fields": {"action_time": "2026-03-02T10:03:38.775Z", "user": 1, "content_type": 25, "object_id": "24", "object_repr": "Lakeside - 2040", "action_flag": 2, "change_message": "[{\"changed\": {\"fields\": [\"Is active\"]}}]"}}, {"model": "admin.logentry", "pk": 403, "fields": {"action_time": "2026-03-02T10:03:57.410Z", "user": 1, "content_type": 25, "object_id": "24", "object_repr": "Lakeside - 2040", "action_flag": 2, "change_message": "[]"}}, {"model": "admin.logentry", "pk": 404, "fields": {"action_time": "2026-03-02T10:04:25.377Z", "user": 1, "content_type": 25, "object_id": "24", "object_repr": "Lakeside - 2040", "action_flag": 2, "change_message": "[{\"changed\": {\"fields\": [\"Is active\"]}}]"}}, {"model": "admin.logentry", "pk": 405, "fields": {"action_time": "2026-03-02T10:04:33.669Z", "user": 1, "content_type": 25, "object_id": "24", "object_repr": "Lakeside - 2040", "action_flag": 2, "change_message": "[{\"changed\": {\"fields\": [\"Is active\"]}}]"}}, {"model": "admin.logentry", "pk": 406, "fields": {"action_time": "2026-03-02T10:15:34.213Z", "user": 1, "content_type": 25, "object_id": "24", "object_repr": "Lakeside - 2040", "action_flag": 2, "change_message": "[]"}}, {"model": "admin.logentry", "pk": 407, "fields": {"action_time": "2026-03-02T10:15:40.890Z", "user": 1, "content_type": 25, "object_id": "24", "object_repr": "Lakeside - 2040", "action_flag": 2, "change_message": "[{\"changed\": {\"fields\": [\"Is active\"]}}]"}}, {"model": "admin.logentry", "pk": 408, "fields": {"action_time": "2026-03-02T10:15:47.819Z", "user": 1, "content_type": 25, "object_id": "24", "object_repr": "Lakeside - 2040", "action_flag": 2, "change_message": "[{\"changed\": {\"fields\": [\"Is active\"]}}]"}}, {"model": "admin.logentry", "pk": 409, "fields": {"action_time": "2026-03-02T10:20:38.890Z", "user": 1, "content_type": 25, "object_id": "24", "object_repr": "Lakeside - 2040", "action_flag": 2, "change_message": "[{\"changed\": {\"fields\": [\"Is active\"]}}]"}}, {"model": "admin.logentry", "pk": 410, "fields": {"action_time": "2026-03-02T10:20:53.393Z", "user": 1, "content_type": 25, "object_id": "24", "object_repr": "Lakeside - 2040", "action_flag": 2, "change_message": "[{\"changed\": {\"fields\": [\"Is active\"]}}]"}}, {"model": "admin.logentry", "pk": 411, "fields": {"action_time": "2026-03-02T10:22:17.638Z", "user": 1, "content_type": 26, "object_id": "23", "object_repr": "Sample Site 10 - 2040", "action_flag": 1, "change_message": "[{\"added\": {}}]"}}, {"model": "admin.logentry", "pk": 412, "fields": {"action_time": "2026-03-02T10:23:03.630Z", "user": 1, "content_type": 26, "object_id": "22", "object_repr": "Sample Site 7 - 2040", "action_flag": 2, "change_message": "[{\"changed\": {\"fields\": [\"Community\"]}}]"}}, {"model": "admin.logentry", "pk": 413, "fields": {"action_time": "2026-03-02T10:23:53.425Z", "user": 1, "content_type": 25, "object_id": "25", "object_repr": "Forest - 2040", "action_flag": 1, "change_message": "[{\"added\": {}}]"}}, {"model": "admin.logentry", "pk": 414, "fields": {"action_time": "2026-03-02T10:37:00.807Z", "user": 1, "content_type": 25, "object_id": "22", "object_repr": "Bayview a - 2040", "action_flag": 2, "change_message": "[{\"changed\": {\"fields\": [\"Start date\"]}}]"}}, {"model": "admin.logentry", "pk": 415, "fields": {"action_time": "2026-03-02T10:41:50.136Z", "user": 1, "content_type": 24, "object_id": "3", "object_repr": "Rule 1 - 2040", "action_flag": 1, "change_message": "[{\"added\": {}}]"}}, {"model": "admin.logentry", "pk": 416, "fields": {"action_time": "2026-03-02T10:43:11.375Z", "user": 1, "content_type": 24, "object_id": "3", "object_repr": "Rule 1 - 2040", "action_flag": 2, "change_message": "[{\"changed\": {\"fields\": [\"Base required sites\"]}}]"}}, {"model": "admin.logentry", "pk": 417, "fields": {"action_time": "2026-03-02T10:48:31.681Z", "user": 1, "content_type": 24, "object_id": "3", "object_repr": "Rule 1 - 2040", "action_flag": 2, "change_message": "[{\"changed\": {\"fields\": [\"Base required sites\"]}}]"}}, {"model": "admin.logentry", "pk": 418, "fields": {"action_time": "2026-03-02T10:48:49.672Z", "user": 1, "content_type": 24, "object_id": "3", "object_repr": "Rule 1 - 2040", "action_flag": 2, "change_message": "[{\"changed\": {\"fields\": [\"Base required sites\"]}}]"}}, {"model": "admin.logentry", "pk": 419, "fields": {"action_time": "2026-03-02T10:59:37.700Z", "user": 1, "content_type": 26, "object_id": "4", "object_repr": "Sample Site 10 - 2026", "action_flag": 2, "change_message": "[{\"changed\": {\"fields\": [\"Program paint\", \"Program paint start date\", \"Program lights\", \"Program lights start date\", \"Program solvents\", \"Program solvents start date\", \"Program pesticides\", \"Program pesticides start date\"]}}]"}}, {"model": "admin.logentry", "pk": 420, "fields": {"action_time": "2026-03-02T11:20:13.629Z", "user": 1, "content_type": 24, "object_id": "1", "object_repr": "New Rule - 2026", "action_flag": 2, "change_message": "[{\"changed\": {\"fields\": [\"Site per population\", \"Base required sites\"]}}]"}}, {"model": "admin.logentry", "pk": 421, "fields": {"action_time": "2026-03-02T12:40:33.940Z", "user": 1, "content_type": 25, "object_id": "24", "object_repr": "Lakeside - 2040", "action_flag": 2, "change_message": "[{\"changed\": {\"fields\": [\"End date\"]}}]"}}, {"model": "admin.logentry", "pk": 422, "fields": {"action_time": "2026-03-02T12:51:41.827Z", "user": 1, "content_type": 25, "object_id": "24", "object_repr": "Lakeside - 2040", "action_flag": 2, "change_message": "[{\"changed\": {\"fields\": [\"Is active\"]}}]"}}, {"model": "admin.logentry", "pk": 423, "fields": {"action_time": "2026-03-02T12:51:53.482Z", "user": 1, "content_type": 25, "object_id": "24", "object_repr": "Lakeside - 2040", "action_flag": 2, "change_message": "[{\"changed\": {\"fields\": [\"Is active\", \"End date\"]}}]"}}, {"model": "admin.logentry", "pk": 424, "fields": {"action_time": "2026-03-02T12:53:39.128Z", "user": 1, "content_type": 26, "object_id": "23", "object_repr": "Sample Site 10 - 2040", "action_flag": 2, "change_message": "[{\"changed\": {\"fields\": [\"Program solvents\", \"Program solvents start date\", \"Program solvents end date\"]}}]"}}, {"model": "admin.logentry", "pk": 425, "fields": {"action_time": "2026-03-02T12:54:02.932Z", "user": 1, "content_type": 26, "object_id": "18", "object_repr": "Sample Collection Site - 2040", "action_flag": 2, "change_message": "[{\"changed\": {\"fields\": [\"Program solvents\", \"Program solvents start date\", \"Program solvents end date\"]}}]"}}, {"model": "admin.logentry", "pk": 426, "fields": {"action_time": "2026-03-02T12:56:10.641Z", "user": 1, "content_type": 26, "object_id": "18", "object_repr": "Sample Collection Site - 2040", "action_flag": 2, "change_message": "[{\"changed\": {\"fields\": [\"Program solvents\", \"Program solvents start date\", \"Program solvents end date\"]}}]"}}, {"model": "admin.logentry", "pk": 427, "fields": {"action_time": "2026-03-02T12:56:22.073Z", "user": 1, "content_type": 26, "object_id": "18", "object_repr": "Sample Collection Site - 2040", "action_flag": 2, "change_message": "[]"}}, {"model": "admin.logentry", "pk": 428, "fields": {"action_time": "2026-03-02T12:56:50.230Z", "user": 1, "content_type": 26, "object_id": "18", "object_repr": "Sample Collection Site - 2040", "action_flag": 2, "change_message": "[{\"changed\": {\"fields\": [\"Program solvents\", \"Program solvents start date\", \"Program solvents end date\"]}}]"}}, {"model": "admin.logentry", "pk": 429, "fields": {"action_time": "2026-03-02T12:57:21.132Z", "user": 1, "content_type": 26, "object_id": "23", "object_repr": "Sample Site 10 - 2040", "action_flag": 2, "change_message": "[{\"changed\": {\"fields\": [\"Program solvents\", \"Program solvents start date\", \"Program solvents end date\"]}}]"}}, {"model": "admin.logentry", "pk": 430, "fields": {"action_time": "2026-03-05T09:24:43.687Z", "user": 1, "content_type": 24, "object_id": "8", "object_repr": "Expired Rule - 2035", "action_flag": 1, "change_message": "[{\"added\": {}}]"}}, {"model": "admin.logentry", "pk": 431, "fields": {"action_time": "2026-03-05T09:26:00.480Z", "user": 1, "content_type": 24, "object_id": "8", "object_repr": "Expired Rule - 2035", "action_flag": 2, "change_message": "[{\"changed\": {\"fields\": [\"Is active\"]}}]"}}, {"model": "admin.logentry", "pk": 432, "fields": {"action_time": "2026-03-05T09:54:29.743Z", "user": 1, "content_type": 24, "object_id": "8", "object_repr": "Expired Rule - 2040", "action_flag": 2, "change_message": "[{\"changed\": {\"fields\": [\"Census year\"]}}]"}}, {"model": "admin.logentry", "pk": 433, "fields": {"action_time": "2026-03-05T10:21:22.715Z", "user": 1, "content_type": 25, "object_id": "22", "object_repr": "Bayview a - 2040", "action_flag": 2, "change_message": "[{\"changed\": {\"fields\": [\"Is active\"]}}]"}}, {"model": "admin.logentry", "pk": 434, "fields": {"action_time": "2026-03-05T11:21:16.800Z", "user": 1, "content_type": 24, "object_id": "9", "object_repr": "Expired Rule - 2040", "action_flag": 1, "change_message": "[{\"added\": {}}]"}}, {"model": "admin.logentry", "pk": 435, "fields": {"action_time": "2026-03-05T11:25:12.064Z", "user": 1, "content_type": 25, "object_id": "34", "object_repr": "Hilltop - 2035", "action_flag": 1, "change_message": "[{\"added\": {}}]"}}, {"model": "admin.logentry", "pk": 436, "fields": {"action_time": "2026-03-05T11:27:20.815Z", "user": 1, "content_type": 25, "object_id": "35", "object_repr": "Hilltop - 2035", "action_flag": 1, "change_message": "[{\"added\": {}}]"}}, {"model": "admin.logentry", "pk": 437, "fields": {"action_time": "2026-03-05T11:36:14.567Z", "user": 1, "content_type": 19, "object_id": "236", "object_repr": "Hilltop - Pesticides (2035): 0.00%", "action_flag": 3, "change_message": ""}}, {"model": "admin.logentry", "pk": 438, "fields": {"action_time": "2026-03-05T11:36:14.569Z", "user": 1, "content_type": 19, "object_id": "235", "object_repr": "Hilltop - Solvents (2035): 0.00%", "action_flag": 3, "change_message": ""}}, {"model": "admin.logentry", "pk": 439, "fields": {"action_time": "2026-03-05T11:36:14.572Z", "user": 1, "content_type": 19, "object_id": "234", "object_repr": "Hilltop - Lighting (2035): 0.00%", "action_flag": 3, "change_message": ""}}, {"model": "admin.logentry", "pk": 440, "fields": {"action_time": "2026-03-05T11:36:14.575Z", "user": 1, "content_type": 19, "object_id": "233", "object_repr": "Hilltop - Paint (2035): 0.00%", "action_flag": 3, "change_message": ""}}, {"model": "admin.logentry", "pk": 441, "fields": {"action_time": "2026-03-05T11:40:54.004Z", "user": 1, "content_type": 26, "object_id": "32", "object_repr": "Sample Site 2 - 2040", "action_flag": 1, "change_message": "[{\"added\": {}}]"}}, {"model": "admin.logentry", "pk": 442, "fields": {"action_time": "2026-03-05T11:42:08.235Z", "user": 1, "content_type": 26, "object_id": "18", "object_repr": "Sample Collection Site - 2040", "action_flag": 2, "change_message": "[]"}}, {"model": "admin.logentry", "pk": 443, "fields": {"action_time": "2026-03-05T11:47:05.321Z", "user": 1, "content_type": 26, "object_id": "18", "object_repr": "Sample Collection Site - 2040", "action_flag": 2, "change_message": "[{\"changed\": {\"fields\": [\"Program solvents\", \"Program solvents start date\"]}}]"}}, {"model": "admin.logentry", "pk": 444, "fields": {"action_time": "2026-03-05T11:49:45.543Z", "user": 1, "content_type": 26, "object_id": "18", "object_repr": "Sample Collection Site - 2040", "action_flag": 2, "change_message": "[]"}}, {"model": "admin.logentry", "pk": 445, "fields": {"action_time": "2026-03-05T11:50:30.847Z", "user": 1, "content_type": 26, "object_id": "18", "object_repr": "Sample Collection Site - 2040", "action_flag": 2, "change_message": "[]"}}, {"model": "admin.logentry", "pk": 446, "fields": {"action_time": "2026-03-05T11:52:02.435Z", "user": 1, "content_type": 26, "object_id": "18", "object_repr": "Sample Collection Site - 2040", "action_flag": 2, "change_message": "[]"}}, {"model": "admin.logentry", "pk": 447, "fields": {"action_time": "2026-03-05T11:52:40.465Z", "user": 1, "content_type": 25, "object_id": "36", "object_repr": "Forest - 2040", "action_flag": 1, "change_message": "[{\"added\": {}}]"}}, {"model": "admin.logentry", "pk": 448, "fields": {"action_time": "2026-03-05T11:53:11.928Z", "user": 1, "content_type": 25, "object_id": "36", "object_repr": "Forest - 2040", "action_flag": 2, "change_message": "[{\"changed\": {\"fields\": [\"Population\"]}}]"}}, {"model": "admin.logentry", "pk": 449, "fields": {"action_time": "2026-03-05T11:59:35.869Z", "user": 1, "content_type": 26, "object_id": "22", "object_repr": "Sample Site 7 - 2040", "action_flag": 2, "change_message": "[{\"changed\": {\"fields\": [\"Program lights start date\"]}}]"}}, {"model": "admin.logentry", "pk": 450, "fields": {"action_time": "2026-03-05T12:00:16.746Z", "user": 1, "content_type": 26, "object_id": "23", "object_repr": "Sample Site 10 - 2040", "action_flag": 2, "change_message": "[]"}}, {"model": "admin.logentry", "pk": 451, "fields": {"action_time": "2026-03-05T13:05:11.066Z", "user": 1, "content_type": 26, "object_id": "7", "object_repr": "Sample Site 9 - 2026", "action_flag": 2, "change_message": "[{\"changed\": {\"fields\": [\"Is active\"]}}]"}}, {"model": "admin.logentry", "pk": 452, "fields": {"action_time": "2026-03-05T13:05:33.733Z", "user": 1, "content_type": 26, "object_id": "7", "object_repr": "Sample Site 9 - 2026", "action_flag": 2, "change_message": "[{\"changed\": {\"fields\": [\"Is active\"]}}]"}}, {"model": "admin.logentry", "pk": 453, "fields": {"action_time": "2026-03-05T14:08:57.303Z", "user": 1, "content_type": 24, "object_id": "3", "object_repr": "Rule 1 - 2040", "action_flag": 2, "change_message": "[{\"changed\": {\"fields\": [\"Site per population\"]}}]"}}, {"model": "admin.logentry", "pk": 454, "fields": {"action_time": "2026-03-05T14:13:29.967Z", "user": 1, "content_type": 24, "object_id": "3", "object_repr": "Rule 1 - 2040", "action_flag": 2, "change_message": "[]"}}, {"model": "admin.logentry", "pk": 455, "fields": {"action_time": "2026-03-05T14:26:47.453Z", "user": 1, "content_type": 24, "object_id": "3", "object_repr": "Rule 1 - 2040", "action_flag": 2, "change_message": "[]"}}, {"model": "admin.logentry", "pk": 456, "fields": {"action_time": "2026-03-05T14:29:49.863Z", "user": 1, "content_type": 25, "object_id": "36", "object_repr": "Forest - 2040", "action_flag": 2, "change_message": "[{\"changed\": {\"fields\": [\"Is active\"]}}]"}}, {"model": "admin.logentry", "pk": 457, "fields": {"action_time": "2026-03-05T14:29:56.145Z", "user": 1, "content_type": 24, "object_id": "3", "object_repr": "Rule 1 - 2040", "action_flag": 2, "change_message": "[]"}}, {"model": "admin.logentry", "pk": 458, "fields": {"action_time": "2026-03-05T14:30:46.482Z", "user": 1, "content_type": 24, "object_id": "3", "object_repr": "Rule 1 - 2040", "action_flag": 2, "change_message": "[{\"changed\": {\"fields\": [\"Site per population\"]}}]"}}, {"model": "admin.logentry", "pk": 459, "fields": {"action_time": "2026-03-05T14:31:04.441Z", "user": 1, "content_type": 25, "object_id": "36", "object_repr": "Forest - 2040", "action_flag": 2, "change_message": "[{\"changed\": {\"fields\": [\"Is active\"]}}]"}}, {"model": "admin.logentry", "pk": 460, "fields": {"action_time": "2026-03-09T09:07:00.089Z", "user": 1, "content_type": 27, "object_id": "8", "object_repr": "AdjacentCommunity object (8)", "action_flag": 1, "change_message": "[{\"added\": {}}]"}}, {"model": "admin.logentry", "pk": 461, "fields": {"action_time": "2026-03-09T09:07:14.759Z", "user": 1, "content_type": 27, "object_id": "8", "object_repr": "AdjacentCommunity object (8)", "action_flag": 3, "change_message": ""}}, {"model": "admin.logentry", "pk": 462, "fields": {"action_time": "2026-03-09T09:07:14.761Z", "user": 1, "content_type": 27, "object_id": "7", "object_repr": "AdjacentCommunity object (7)", "action_flag": 3, "change_message": ""}}, {"model": "admin.logentry", "pk": 463, "fields": {"action_time": "2026-03-09T09:07:14.762Z", "user": 1, "content_type": 27, "object_id": "6", "object_repr": "AdjacentCommunity object (6)", "action_flag": 3, "change_message": ""}}, {"model": "admin.logentry", "pk": 464, "fields": {"action_time": "2026-03-09T09:07:14.763Z", "user": 1, "content_type": 27, "object_id": "5", "object_repr": "AdjacentCommunity object (5)", "action_flag": 3, "change_message": ""}}, {"model": "admin.logentry", "pk": 465, "fields": {"action_time": "2026-03-09T09:07:14.764Z", "user": 1, "content_type": 27, "object_id": "4", "object_repr": "AdjacentCommunity object (4)", "action_flag": 3, "change_message": ""}}, {"model": "admin.logentry", "pk": 466, "fields": {"action_time": "2026-03-09T09:07:14.765Z", "user": 1, "content_type": 27, "object_id": "3", "object_repr": "AdjacentCommunity object (3)", "action_flag": 3, "change_message": ""}}, {"model": "admin.logentry", "pk": 467, "fields": {"action_time": "2026-03-09T09:07:20.535Z", "user": 1, "content_type": 27, "object_id": "1", "object_repr": "AdjacentCommunity object (1)", "action_flag": 2, "change_message": "[{\"changed\": {\"fields\": [\"To communities\"]}}]"}}, {"model": "admin.logentry", "pk": 468, "fields": {"action_time": "2026-03-09T09:07:26.734Z", "user": 1, "content_type": 27, "object_id": "2", "object_repr": "AdjacentCommunity object (2)", "action_flag": 2, "change_message": "[{\"changed\": {\"fields\": [\"To communities\"]}}]"}}, {"model": "admin.logentry", "pk": 469, "fields": {"action_time": "2026-03-09T09:35:12.582Z", "user": 1, "content_type": 27, "object_id": "12", "object_repr": "AdjacentCommunity object (12)", "action_flag": 1, "change_message": "[{\"added\": {}}]"}}, {"model": "admin.logentry", "pk": 470, "fields": {"action_time": "2026-03-09T13:54:02.249Z", "user": 1, "content_type": 26, "object_id": "43", "object_repr": "Sample Site 1 - 2040", "action_flag": 1, "change_message": "[{\"added\": {}}]"}}, {"model": "admin.logentry", "pk": 471, "fields": {"action_time": "2026-03-09T13:54:21.630Z", "user": 1, "content_type": 26, "object_id": "43", "object_repr": "Sample Site 1 - 2040", "action_flag": 2, "change_message": "[{\"changed\": {\"fields\": [\"Is active\"]}}]"}}, {"model": "admin.logentry", "pk": 472, "fields": {"action_time": "2026-03-09T13:59:11.438Z", "user": 1, "content_type": 25, "object_id": "64", "object_repr": "Hilltop - 2040", "action_flag": 1, "change_message": "[{\"added\": {}}]"}}, {"model": "admin.logentry", "pk": 473, "fields": {"action_time": "2026-03-09T14:00:38.580Z", "user": 1, "content_type": 26, "object_id": "43", "object_repr": "Sample Site 1 - 2040", "action_flag": 2, "change_message": "[{\"changed\": {\"fields\": [\"Is active\"]}}]"}}, {"model": "admin.logentry", "pk": 474, "fields": {"action_time": "2026-03-09T14:00:42.334Z", "user": 1, "content_type": 26, "object_id": "43", "object_repr": "Sample Site 1 - 2040", "action_flag": 2, "change_message": "[]"}}, {"model": "admin.logentry", "pk": 475, "fields": {"action_time": "2026-03-09T14:01:00.897Z", "user": 1, "content_type": 26, "object_id": "43", "object_repr": "Sample Site 1 - 2040", "action_flag": 2, "change_message": "[{\"changed\": {\"fields\": [\"Event approved\"]}}]"}}, {"model": "admin.logentry", "pk": 476, "fields": {"action_time": "2026-03-09T14:01:11.939Z", "user": 1, "content_type": 26, "object_id": "43", "object_repr": "Sample Site 1 - 2040", "action_flag": 2, "change_message": "[{\"changed\": {\"fields\": [\"Is active\", \"Event approved\"]}}]"}}, {"model": "admin.logentry", "pk": 477, "fields": {"action_time": "2026-03-09T14:07:00.259Z", "user": 1, "content_type": 26, "object_id": "44", "object_repr": "Sample Site 3 - 2040", "action_flag": 1, "change_message": "[{\"added\": {}}]"}}, {"model": "admin.logentry", "pk": 478, "fields": {"action_time": "2026-03-09T14:08:15.731Z", "user": 1, "content_type": 26, "object_id": "44", "object_repr": "Sample Site 3 - 2040", "action_flag": 2, "change_message": "[{\"changed\": {\"fields\": [\"Is active\"]}}]"}}, {"model": "admin.logentry", "pk": 479, "fields": {"action_time": "2026-03-09T14:08:40.460Z", "user": 1, "content_type": 26, "object_id": "44", "object_repr": "Sample Site 3 - 2040", "action_flag": 2, "change_message": "[]"}}, {"model": "admin.logentry", "pk": 480, "fields": {"action_time": "2026-03-09T14:09:25.164Z", "user": 1, "content_type": 26, "object_id": "44", "object_repr": "Sample Site 3 - 2040", "action_flag": 2, "change_message": "[]"}}, {"model": "admin.logentry", "pk": 481, "fields": {"action_time": "2026-03-09T14:10:39.771Z", "user": 1, "content_type": 26, "object_id": "44", "object_repr": "Sample Site 3 - 2040", "action_flag": 2, "change_message": "[{\"changed\": {\"fields\": [\"Site start date\"]}}]"}}, {"model": "admin.logentry", "pk": 482, "fields": {"action_time": "2026-03-09T14:15:13.168Z", "user": 1, "content_type": 26, "object_id": "44", "object_repr": "Sample Site 3 - 2040", "action_flag": 2, "change_message": "[]"}}, {"model": "admin.logentry", "pk": 483, "fields": {"action_time": "2026-03-09T14:17:06.787Z", "user": 1, "content_type": 26, "object_id": "44", "object_repr": "Sample Site 3 - 2040", "action_flag": 3, "change_message": ""}}, {"model": "admin.logentry", "pk": 484, "fields": {"action_time": "2026-03-09T14:18:17.820Z", "user": 1, "content_type": 26, "object_id": "45", "object_repr": "Sample Site 3 - 2040", "action_flag": 1, "change_message": "[{\"added\": {}}]"}}, {"model": "admin.logentry", "pk": 485, "fields": {"action_time": "2026-03-09T14:18:56.272Z", "user": 1, "content_type": 26, "object_id": "45", "object_repr": "Sample Site 3 - 2040", "action_flag": 2, "change_message": "[{\"changed\": {\"fields\": [\"Is active\"]}}]"}}, {"model": "admin.logentry", "pk": 486, "fields": {"action_time": "2026-03-09T14:23:03.336Z", "user": 1, "content_type": 26, "object_id": "45", "object_repr": "Sample Site 3 - 2040", "action_flag": 2, "change_message": "[]"}}, {"model": "admin.logentry", "pk": 487, "fields": {"action_time": "2026-03-09T14:24:12.120Z", "user": 1, "content_type": 26, "object_id": "45", "object_repr": "Sample Site 3 - 2040", "action_flag": 2, "change_message": "[]"}}, {"model": "admin.logentry", "pk": 488, "fields": {"action_time": "2026-03-09T14:25:13.276Z", "user": 1, "content_type": 26, "object_id": "45", "object_repr": "Sample Site 3 - 2040", "action_flag": 2, "change_message": "[]"}}, {"model": "auth.permission", "pk": 1, "fields": {"name": "Can add log entry", "content_type": 1, "codename": "add_logentry"}}, {"model": "auth.permission", "pk": 2, "fields": {"name": "Can change log entry", "content_type": 1, "codename": "change_logentry"}}, {"model": "auth.permission", "pk": 3, "fields": {"name": "Can delete log entry", "content_type": 1, "codename": "delete_logentry"}}, {"model": "auth.permission", "pk": 4, "fields": {"name": "Can view log entry", "content_type": 1, "codename": "view_logentry"}}, {"model": "auth.permission", "pk": 5, "fields": {"name": "Can add permission", "content_type": 2, "codename": "add_permission"}}, {"model": "auth.permission", "pk": 6, "fields": {"name": "Can change permission", "content_type": 2, "codename": "change_permission"}}, {"model": "auth.permission", "pk": 7, "fields": {"name": "Can delete permission", "content_type": 2, "codename": "delete_permission"}}, {"model": "auth.permission", "pk": 8, "fields": {"name": "Can view permission", "content_type": 2, "codename": "view_permission"}}, {"model": "auth.permission", "pk": 9, "fields": {"name": "Can add group", "content_type": 3, "codename": "add_group"}}, {"model": "auth.permission", "pk": 10, "fields": {"name": "Can change group", "content_type": 3, "codename": "change_group"}}, {"model": "auth.permission", "pk": 11, "fields": {"name": "Can delete group", "content_type": 3, "codename": "delete_group"}}, {"model": "auth.permission", "pk": 12, "fields": {"name": "Can view group", "content_type": 3, "codename": "view_group"}}, {"model": "auth.permission", "pk": 13, "fields": {"name": "Can add user", "content_type": 4, "codename": "add_user"}}, {"model": "auth.permission", "pk": 14, "fields": {"name": "Can change user", "content_type": 4, "codename": "change_user"}}, {"model": "auth.permission", "pk": 15, "fields": {"name": "Can delete user", "content_type": 4, "codename": "delete_user"}}, {"model": "auth.permission", "pk": 16, "fields": {"name": "Can view user", "content_type": 4, "codename": "view_user"}}, {"model": "auth.permission", "pk": 17, "fields": {"name": "Can add content type", "content_type": 5, "codename": "add_contenttype"}}, {"model": "auth.permission", "pk": 18, "fields": {"name": "Can change content type", "content_type": 5, "codename": "change_contenttype"}}, {"model": "auth.permission", "pk": 19, "fields": {"name": "Can delete content type", "content_type": 5, "codename": "delete_contenttype"}}, {"model": "auth.permission", "pk": 20, "fields": {"name": "Can view content type", "content_type": 5, "codename": "view_contenttype"}}, {"model": "auth.permission", "pk": 21, "fields": {"name": "Can add session", "content_type": 6, "codename": "add_session"}}, {"model": "auth.permission", "pk": 22, "fields": {"name": "Can change session", "content_type": 6, "codename": "change_session"}}, {"model": "auth.permission", "pk": 23, "fields": {"name": "Can delete session", "content_type": 6, "codename": "delete_session"}}, {"model": "auth.permission", "pk": 24, "fields": {"name": "Can view session", "content_type": 6, "codename": "view_session"}}, {"model": "auth.permission", "pk": 25, "fields": {"name": "Can add regulatory category", "content_type": 7, "codename": "add_regulatorycategory"}}, {"model": "auth.permission", "pk": 26, "fields": {"name": "Can change regulatory category", "content_type": 7, "codename": "change_regulatorycategory"}}, {"model": "auth.permission", "pk": 27, "fields": {"name": "Can delete regulatory category", "content_type": 7, "codename": "delete_regulatorycategory"}}, {"model": "auth.permission", "pk": 28, "fields": {"name": "Can view regulatory category", "content_type": 7, "codename": "view_regulatorycategory"}}, {"model": "auth.permission", "pk": 29, "fields": {"name": "Can add regulatory program", "content_type": 8, "codename": "add_regulatoryprogram"}}, {"model": "auth.permission", "pk": 30, "fields": {"name": "Can change regulatory program", "content_type": 8, "codename": "change_regulatoryprogram"}}, {"model": "auth.permission", "pk": 31, "fields": {"name": "Can delete regulatory program", "content_type": 8, "codename": "delete_regulatoryprogram"}}, {"model": "auth.permission", "pk": 32, "fields": {"name": "Can view regulatory program", "content_type": 8, "codename": "view_regulatoryprogram"}}, {"model": "auth.permission", "pk": 33, "fields": {"name": "Can add regulatory rule type", "content_type": 9, "codename": "add_regulatoryruletype"}}, {"model": "auth.permission", "pk": 34, "fields": {"name": "Can change regulatory rule type", "content_type": 9, "codename": "change_regulatoryruletype"}}, {"model": "auth.permission", "pk": 35, "fields": {"name": "Can delete regulatory rule type", "content_type": 9, "codename": "delete_regulatoryruletype"}}, {"model": "auth.permission", "pk": 36, "fields": {"name": "Can view regulatory rule type", "content_type": 9, "codename": "view_regulatoryruletype"}}, {"model": "auth.permission", "pk": 37, "fields": {"name": "Can add regulatory rule", "content_type": 10, "codename": "add_regulatoryrule"}}, {"model": "auth.permission", "pk": 38, "fields": {"name": "Can change regulatory rule", "content_type": 10, "codename": "change_regulatoryrule"}}, {"model": "auth.permission", "pk": 39, "fields": {"name": "Can delete regulatory rule", "content_type": 10, "codename": "delete_regulatoryrule"}}, {"model": "auth.permission", "pk": 40, "fields": {"name": "Can view regulatory rule", "content_type": 10, "codename": "view_regulatoryrule"}}, {"model": "auth.permission", "pk": 41, "fields": {"name": "Can add community", "content_type": 11, "codename": "add_community"}}, {"model": "auth.permission", "pk": 42, "fields": {"name": "Can change community", "content_type": 11, "codename": "change_community"}}, {"model": "auth.permission", "pk": 43, "fields": {"name": "Can delete community", "content_type": 11, "codename": "delete_community"}}, {"model": "auth.permission", "pk": 44, "fields": {"name": "Can view community", "content_type": 11, "codename": "view_community"}}, {"model": "auth.permission", "pk": 45, "fields": {"name": "Can add crontab", "content_type": 12, "codename": "add_crontabschedule"}}, {"model": "auth.permission", "pk": 46, "fields": {"name": "Can change crontab", "content_type": 12, "codename": "change_crontabschedule"}}, {"model": "auth.permission", "pk": 47, "fields": {"name": "Can delete crontab", "content_type": 12, "codename": "delete_crontabschedule"}}, {"model": "auth.permission", "pk": 48, "fields": {"name": "Can view crontab", "content_type": 12, "codename": "view_crontabschedule"}}, {"model": "auth.permission", "pk": 49, "fields": {"name": "Can add interval", "content_type": 13, "codename": "add_intervalschedule"}}, {"model": "auth.permission", "pk": 50, "fields": {"name": "Can change interval", "content_type": 13, "codename": "change_intervalschedule"}}, {"model": "auth.permission", "pk": 51, "fields": {"name": "Can delete interval", "content_type": 13, "codename": "delete_intervalschedule"}}, {"model": "auth.permission", "pk": 52, "fields": {"name": "Can view interval", "content_type": 13, "codename": "view_intervalschedule"}}, {"model": "auth.permission", "pk": 53, "fields": {"name": "Can add periodic task", "content_type": 14, "codename": "add_periodictask"}}, {"model": "auth.permission", "pk": 54, "fields": {"name": "Can change periodic task", "content_type": 14, "codename": "change_periodictask"}}, {"model": "auth.permission", "pk": 55, "fields": {"name": "Can delete periodic task", "content_type": 14, "codename": "delete_periodictask"}}, {"model": "auth.permission", "pk": 56, "fields": {"name": "Can view periodic task", "content_type": 14, "codename": "view_periodictask"}}, {"model": "auth.permission", "pk": 57, "fields": {"name": "Can add periodic task track", "content_type": 15, "codename": "add_periodictasks"}}, {"model": "auth.permission", "pk": 58, "fields": {"name": "Can change periodic task track", "content_type": 15, "codename": "change_periodictasks"}}, {"model": "auth.permission", "pk": 59, "fields": {"name": "Can delete periodic task track", "content_type": 15, "codename": "delete_periodictasks"}}, {"model": "auth.permission", "pk": 60, "fields": {"name": "Can view periodic task track", "content_type": 15, "codename": "view_periodictasks"}}, {"model": "auth.permission", "pk": 61, "fields": {"name": "Can add solar event", "content_type": 16, "codename": "add_solarschedule"}}, {"model": "auth.permission", "pk": 62, "fields": {"name": "Can change solar event", "content_type": 16, "codename": "change_solarschedule"}}, {"model": "auth.permission", "pk": 63, "fields": {"name": "Can delete solar event", "content_type": 16, "codename": "delete_solarschedule"}}, {"model": "auth.permission", "pk": 64, "fields": {"name": "Can view solar event", "content_type": 16, "codename": "view_solarschedule"}}, {"model": "auth.permission", "pk": 65, "fields": {"name": "Can add clocked", "content_type": 17, "codename": "add_clockedschedule"}}, {"model": "auth.permission", "pk": 66, "fields": {"name": "Can change clocked", "content_type": 17, "codename": "change_clockedschedule"}}, {"model": "auth.permission", "pk": 67, "fields": {"name": "Can delete clocked", "content_type": 17, "codename": "delete_clockedschedule"}}, {"model": "auth.permission", "pk": 68, "fields": {"name": "Can view clocked", "content_type": 17, "codename": "view_clockedschedule"}}, {"model": "auth.permission", "pk": 69, "fields": {"name": "Can add site", "content_type": 18, "codename": "add_site"}}, {"model": "auth.permission", "pk": 70, "fields": {"name": "Can change site", "content_type": 18, "codename": "change_site"}}, {"model": "auth.permission", "pk": 71, "fields": {"name": "Can delete site", "content_type": 18, "codename": "delete_site"}}, {"model": "auth.permission", "pk": 72, "fields": {"name": "Can view site", "content_type": 18, "codename": "view_site"}}, {"model": "auth.permission", "pk": 73, "fields": {"name": "Can add compliance calculation", "content_type": 19, "codename": "add_compliancecalculation"}}, {"model": "auth.permission", "pk": 74, "fields": {"name": "Can change compliance calculation", "content_type": 19, "codename": "change_compliancecalculation"}}, {"model": "auth.permission", "pk": 75, "fields": {"name": "Can delete compliance calculation", "content_type": 19, "codename": "delete_compliancecalculation"}}, {"model": "auth.permission", "pk": 76, "fields": {"name": "Can view compliance calculation", "content_type": 19, "codename": "view_compliancecalculation"}}, {"model": "auth.permission", "pk": 77, "fields": {"name": "Can add site", "content_type": 20, "codename": "add_site"}}, {"model": "auth.permission", "pk": 78, "fields": {"name": "Can change site", "content_type": 20, "codename": "change_site"}}, {"model": "auth.permission", "pk": 79, "fields": {"name": "Can delete site", "content_type": 20, "codename": "delete_site"}}, {"model": "auth.permission", "pk": 80, "fields": {"name": "Can view site", "content_type": 20, "codename": "view_site"}}, {"model": "auth.permission", "pk": 81, "fields": {"name": "Can add census year", "content_type": 21, "codename": "add_censusyear"}}, {"model": "auth.permission", "pk": 82, "fields": {"name": "Can change census year", "content_type": 21, "codename": "change_censusyear"}}, {"model": "auth.permission", "pk": 83, "fields": {"name": "Can delete census year", "content_type": 21, "codename": "delete_censusyear"}}, {"model": "auth.permission", "pk": 84, "fields": {"name": "Can view census year", "content_type": 21, "codename": "view_censusyear"}}, {"model": "auth.permission", "pk": 85, "fields": {"name": "Can add community", "content_type": 22, "codename": "add_community"}}, {"model": "auth.permission", "pk": 86, "fields": {"name": "Can change community", "content_type": 22, "codename": "change_community"}}, {"model": "auth.permission", "pk": 87, "fields": {"name": "Can delete community", "content_type": 22, "codename": "delete_community"}}, {"model": "auth.permission", "pk": 88, "fields": {"name": "Can view community", "content_type": 22, "codename": "view_community"}}, {"model": "auth.permission", "pk": 89, "fields": {"name": "Can add census year", "content_type": 23, "codename": "add_censusyear"}}, {"model": "auth.permission", "pk": 90, "fields": {"name": "Can change census year", "content_type": 23, "codename": "change_censusyear"}}, {"model": "auth.permission", "pk": 91, "fields": {"name": "Can delete census year", "content_type": 23, "codename": "delete_censusyear"}}, {"model": "auth.permission", "pk": 92, "fields": {"name": "Can view census year", "content_type": 23, "codename": "view_censusyear"}}, {"model": "auth.permission", "pk": 93, "fields": {"name": "Can add Regulatory Rule Census Data", "content_type": 24, "codename": "add_regulatoryrulecensusdata"}}, {"model": "auth.permission", "pk": 94, "fields": {"name": "Can change Regulatory Rule Census Data", "content_type": 24, "codename": "change_regulatoryrulecensusdata"}}, {"model": "auth.permission", "pk": 95, "fields": {"name": "Can delete Regulatory Rule Census Data", "content_type": 24, "codename": "delete_regulatoryrulecensusdata"}}, {"model": "auth.permission", "pk": 96, "fields": {"name": "Can view Regulatory Rule Census Data", "content_type": 24, "codename": "view_regulatoryrulecensusdata"}}, {"model": "auth.permission", "pk": 97, "fields": {"name": "Can add Community Census Data", "content_type": 25, "codename": "add_communitycensusdata"}}, {"model": "auth.permission", "pk": 98, "fields": {"name": "Can change Community Census Data", "content_type": 25, "codename": "change_communitycensusdata"}}, {"model": "auth.permission", "pk": 99, "fields": {"name": "Can delete Community Census Data", "content_type": 25, "codename": "delete_communitycensusdata"}}, {"model": "auth.permission", "pk": 100, "fields": {"name": "Can view Community Census Data", "content_type": 25, "codename": "view_communitycensusdata"}}, {"model": "auth.permission", "pk": 101, "fields": {"name": "Can add Site Census Data", "content_type": 26, "codename": "add_sitecensusdata"}}, {"model": "auth.permission", "pk": 102, "fields": {"name": "Can change Site Census Data", "content_type": 26, "codename": "change_sitecensusdata"}}, {"model": "auth.permission", "pk": 103, "fields": {"name": "Can delete Site Census Data", "content_type": 26, "codename": "delete_sitecensusdata"}}, {"model": "auth.permission", "pk": 104, "fields": {"name": "Can view Site Census Data", "content_type": 26, "codename": "view_sitecensusdata"}}, {"model": "auth.permission", "pk": 105, "fields": {"name": "Can add Adjacent Community", "content_type": 27, "codename": "add_adjacentcommunity"}}, {"model": "auth.permission", "pk": 106, "fields": {"name": "Can change Adjacent Community", "content_type": 27, "codename": "change_adjacentcommunity"}}, {"model": "auth.permission", "pk": 107, "fields": {"name": "Can delete Adjacent Community", "content_type": 27, "codename": "delete_adjacentcommunity"}}, {"model": "auth.permission", "pk": 108, "fields": {"name": "Can view Adjacent Community", "content_type": 27, "codename": "view_adjacentcommunity"}}, {"model": "auth.user", "pk": 1, "fields": {"password": "pbkdf2_sha256$600000$onGSA4lyLyrAFUnuv9xhzG$CKFNUC9abOdOw/cOhbhP1RQzkPgMwPOdcQS9rNTuSys=", "last_login": "2026-03-05T14:39:15.387Z", "is_superuser": true, "username": "admin", "first_name": "", "last_name": "", "email": "", "is_staff": true, "is_active": true, "date_joined": "2026-02-23T12:59:55.777Z", "groups": [], "user_permissions": []}}, {"model": "contenttypes.contenttype", "pk": 1, "fields": {"app_label": "admin", "model": "logentry"}}, {"model": "contenttypes.contenttype", "pk": 2, "fields": {"app_label": "auth", "model": "permission"}}, {"model": "contenttypes.contenttype", "pk": 3, "fields": {"app_label": "auth", "model": "group"}}, {"model": "contenttypes.contenttype", "pk": 4, "fields": {"app_label": "auth", "model": "user"}}, {"model": "contenttypes.contenttype", "pk": 5, "fields": {"app_label": "contenttypes", "model": "contenttype"}}, {"model": "contenttypes.contenttype", "pk": 6, "fields": {"app_label": "sessions", "model": "session"}}, {"model": "contenttypes.contenttype", "pk": 7, "fields": {"app_label": "regulatory_rules", "model": "regulatorycategory"}}, {"model": "contenttypes.contenttype", "pk": 8, "fields": {"app_label": "regulatory_rules", "model": "regulatoryprogram"}}, {"model": "contenttypes.contenttype", "pk": 9, "fields": {"app_label": "regulatory_rules", "model": "regulatoryruletype"}}, {"model": "contenttypes.contenttype", "pk": 10, "fields": {"app_label": "regulatory_rules", "model": "regulatoryrule"}}, {"model": "contenttypes.contenttype", "pk": 11, "fields": {"app_label": "community", "model": "community"}}, {"model": "contenttypes.contenttype", "pk": 12, "fields": {"app_label": "django_celery_beat", "model": "crontabschedule"}}, {"model": "contenttypes.contenttype", "pk": 13, "fields": {"app_label": "django_celery_beat", "model": "intervalschedule"}}, {"model": "contenttypes.contenttype", "pk": 14, "fields": {"app_label": "django_celery_beat", "model": "periodictask"}}, {"model": "contenttypes.contenttype", "pk": 15, "fields": {"app_label": "django_celery_beat", "model": "periodictasks"}}, {"model": "contenttypes.contenttype", "pk": 16, "fields": {"app_label": "django_celery_beat", "model": "solarschedule"}}, {"model": "contenttypes.contenttype", "pk": 17, "fields": {"app_label": "django_celery_beat", "model": "clockedschedule"}}, {"model": "contenttypes.contenttype", "pk": 18, "fields": {"app_label": "sites", "model": "site"}}, {"model": "contenttypes.contenttype", "pk": 19, "fields": {"app_label": "complaince", "model": "compliancecalculation"}}, {"model": "contenttypes.contenttype", "pk": 20, "fields": {"app_label": "test_check", "model": "site"}}, {"model": "contenttypes.contenttype", "pk": 21, "fields": {"app_label": "test_check", "model": "censusyear"}}, {"model": "contenttypes.contenttype", "pk": 22, "fields": {"app_label": "test_check", "model": "community"}}, {"model": "contenttypes.contenttype", "pk": 23, "fields": {"app_label": "community", "model": "censusyear"}}, {"model": "contenttypes.contenttype", "pk": 24, "fields": {"app_label": "regulatory_rules", "model": "regulatoryrulecensusdata"}}, {"model": "contenttypes.contenttype", "pk": 25, "fields": {"app_label": "community", "model": "communitycensusdata"}}, {"model": "contenttypes.contenttype", "pk": 26, "fields": {"app_label": "sites", "model": "sitecensusdata"}}, {"model": "contenttypes.contenttype", "pk": 27, "fields": {"app_label": "community", "model": "adjacentcommunity"}}, {"model": "sessions.session", "pk": "1o86qq6rbjs6fh1vmh94j7f347achq0b", "fields": {"session_data": ".eJxVjLsOAiEUBf-F2pALgoClvd9A7oPIqoFk2a2M_66bbKHtmZnzUhnXpeZ1lDlPos7KqMPvRsiP0jYgd2y3rrm3ZZ5Ib4re6dDXLuV52d2_g4qjfmuPIJBMTAiWA7HDo7OMKYXovIUIJniPIgyuwAmFhMCAESdiLBKo9wfMLTec:1vvCrk:C2YeIJv4Szsm5XMR6jw_ab_5NbS6IXCM1LFmhfZxods", "expire_date": "2026-03-11T11:15:40.876Z"}}, {"model": "sessions.session", "pk": "39axn9d4u0f9ix9qp2rnneucawcsa9r3", "fields": {"session_data": ".eJxVjLsOAiEUBf-F2pALgoClvd9A7oPIqoFk2a2M_66bbKHtmZnzUhnXpeZ1lDlPos7KqMPvRsiP0jYgd2y3rrm3ZZ5Ib4re6dDXLuV52d2_g4qjfmuPIJBMTAiWA7HDo7OMKYXovIUIJniPIgyuwAmFhMCAESdiLBKo9wfMLTec:1vx1v3:_D36X7rf2LLrnBe8-4lugFLl4zJXn9K-cMIdRxDkjpg", "expire_date": "2026-03-16T11:58:37.137Z"}}, {"model": "sessions.session", "pk": "eapodhhljnp61mhya4upu6h5x4enxkpr", "fields": {"session_data": ".eJxVjLsOAiEUBf-F2pALgoClvd9A7oPIqoFk2a2M_66bbKHtmZnzUhnXpeZ1lDlPos7KqMPvRsiP0jYgd2y3rrm3ZZ5Ib4re6dDXLuV52d2_g4qjfmuPIJBMTAiWA7HDo7OMKYXovIUIJniPIgyuwAmFhMCAESdiLBKo9wfMLTec:1vy4wG:lxuKhpmpUrREi_FE3JvzZhKCC5oDdOqDit8wr6oPEOk", "expire_date": "2026-03-19T09:24:12.736Z"}}, {"model": "sessions.session", "pk": "fz9s81531114kvfd2skvg6j8r6fal7lk", "fields": {"session_data": ".eJxVjLsOAiEUBf-F2pALgoClvd9A7oPIqoFk2a2M_66bbKHtmZnzUhnXpeZ1lDlPos7KqMPvRsiP0jYgd2y3rrm3ZZ5Ib4re6dDXLuV52d2_g4qjfmuPIJBMTAiWA7HDo7OMKYXovIUIJniPIgyuwAmFhMCAESdiLBKo9wfMLTec:1vy2Ph:UwzJ65keThCMyGJxIUUumkcnuZs_EeY6AViXrQVrB4Q", "expire_date": "2026-03-19T06:42:25.741Z"}}, {"model": "sessions.session", "pk": "htrqj9z3maogmsxwtv0inwaeukilyool", "fields": {"session_data": ".eJxVjLsOAiEUBf-F2pALgoClvd9A7oPIqoFk2a2M_66bbKHtmZnzUhnXpeZ1lDlPos7KqMPvRsiP0jYgd2y3rrm3ZZ5Ib4re6dDXLuV52d2_g4qjfmuPIJBMTAiWA7HDo7OMKYXovIUIJniPIgyuwAmFhMCAESdiLBKo9wfMLTec:1vxHfB:dqVyw6L9aDWQsgvr42mZ9bgSMVTWnRmYrj9mkinkLkM", "expire_date": "2026-03-17T04:47:17.929Z"}}, {"model": "sessions.session", "pk": "l8549gyzpzjeg254eaqijg64aka9s06f", "fields": {"session_data": ".eJxVjLsOAiEUBf-F2pALgoClvd9A7oPIqoFk2a2M_66bbKHtmZnzUhnXpeZ1lDlPos7KqMPvRsiP0jYgd2y3rrm3ZZ5Ib4re6dDXLuV52d2_g4qjfmuPIJBMTAiWA7HDo7OMKYXovIUIJniPIgyuwAmFhMCAESdiLBKo9wfMLTec:1vy9r9:3M85gbZXxhBnxSehh4jj3Ks1PMsMfY8jSOu5dCj4G6s", "expire_date": "2026-03-19T14:39:15.389Z"}}, {"model": "sessions.session", "pk": "nqr9l69o33nue0xm495p0316sph8iu7w", "fields": {"session_data": ".eJxVjLsOAiEUBf-F2pALgoClvd9A7oPIqoFk2a2M_66bbKHtmZnzUhnXpeZ1lDlPos7KqMPvRsiP0jYgd2y3rrm3ZZ5Ib4re6dDXLuV52d2_g4qjfmuPIJBMTAiWA7HDo7OMKYXovIUIJniPIgyuwAmFhMCAESdiLBKo9wfMLTec:1vy2gt:e-SfhrfqRcQh3CNdltjQcSeOMfDmg479ZRr4zAbHZnQ", "expire_date": "2026-03-19T07:00:11.911Z"}}, {"model": "sessions.session", "pk": "q741uxk1s9ab70cqo8up2veeyqyr1mx7", "fields": {"session_data": ".eJxVjLsOAiEUBf-F2pALgoClvd9A7oPIqoFk2a2M_66bbKHtmZnzUhnXpeZ1lDlPos7KqMPvRsiP0jYgd2y3rrm3ZZ5Ib4re6dDXLuV52d2_g4qjfmuPIJBMTAiWA7HDo7OMKYXovIUIJniPIgyuwAmFhMCAESdiLBKo9wfMLTec:1vy2MD:heE_Gr7VfeKkPnqnAmMsbZQgy58-j_Vi2ndT871VsZI", "expire_date": "2026-03-19T06:38:49.201Z"}}, {"model": "sessions.session", "pk": "q7gpfcerqtgu9ba3pwh6r8pxm0fj90uk", "fields": {"session_data": ".eJxVjLsOAiEUBf-F2pALgoClvd9A7oPIqoFk2a2M_66bbKHtmZnzUhnXpeZ1lDlPos7KqMPvRsiP0jYgd2y3rrm3ZZ5Ib4re6dDXLuV52d2_g4qjfmuPIJBMTAiWA7HDo7OMKYXovIUIJniPIgyuwAmFhMCAESdiLBKo9wfMLTec:1vy1em:yJKHP8nX9QrOnBQiSPhxGBcI5mZ6dMbU4TOHTE7beWg", "expire_date": "2026-03-19T05:53:56.668Z"}}, {"model": "sessions.session", "pk": "rj5yo2a82gbmv4jdj0suwh2onsoxiy7u", "fields": {"session_data": ".eJxVjLsOAiEUBf-F2pALgoClvd9A7oPIqoFk2a2M_66bbKHtmZnzUhnXpeZ1lDlPos7KqMPvRsiP0jYgd2y3rrm3ZZ5Ib4re6dDXLuV52d2_g4qjfmuPIJBMTAiWA7HDo7OMKYXovIUIJniPIgyuwAmFhMCAESdiLBKo9wfMLTec:1vuVXk:6m7JwJ1VjuH5s4J8GCHBhx9tM2suBuy5O7QL34uYQ2A", "expire_date": "2026-03-09T13:00:08.067Z"}}, {"model": "sessions.session", "pk": "uzh9c820uc3i95ofuscjw2fd7e3axuyz", "fields": {"session_data": ".eJxVjLsOAiEUBf-F2pALgoClvd9A7oPIqoFk2a2M_66bbKHtmZnzUhnXpeZ1lDlPos7KqMPvRsiP0jYgd2y3rrm3ZZ5Ib4re6dDXLuV52d2_g4qjfmuPIJBMTAiWA7HDo7OMKYXovIUIJniPIgyuwAmFhMCAESdiLBKo9wfMLTec:1vy9el:pJd1JEJ9-Ts_BdX6uadlWsAlpdN3GrTD__QZth1U3QY", "expire_date": "2026-03-19T14:26:27.630Z"}}, {"model": "regulatory_rules.regulatoryrule", "pk": "00f1b12a-366f-4cc4-9259-4c59055da1ac", "fields": {"name": "Rule 3", "description": "Description 3", "created_at": "2026-02-24T04:35:11.854Z", "updated_at": "2026-02-24T04:35:11.854Z"}}, {"model": "regulatory_rules.regulatoryrule", "pk": "05effed6-6030-4db5-9c53-2cc37085462e", "fields": {"name": "Rule 6", "description": null, "created_at": "2026-02-24T04:35:11.864Z", "updated_at": "2026-02-24T04:35:11.864Z"}}, {"model": "regulatory_rules.regulatoryrule", "pk": "09765baf-4a7c-4859-bcec-da15562c6a5b", "fields": {"name": "Rule 9", "description": "", "created_at": "2026-02-23T13:14:40.506Z", "updated_at": "2026-02-24T06:12:45.378Z"}}, {"model": "regulatory_rules.regulatoryrule", "pk": "14f80a2c-774f-454f-881e-dcddcf883d66", "fields": {"name": "Rule 5", "description": null, "created_at": "2026-02-24T04:35:11.861Z", "updated_at": "2026-02-24T04:35:11.861Z"}}, {"model": "regulatory_rules.regulatoryrule", "pk": "29323663-302a-4a0a-a5bd-0f44bf107e77", "fields": {"name": "Rule 8", "description": null, "created_at": "2026-02-23T13:14:40.504Z", "updated_at": "2026-02-24T04:49:34.349Z"}}, {"model": "regulatory_rules.regulatoryrule", "pk": "2e663005-6917-4d93-9596-e5619349da7d", "fields": {"name": "Rule 9", "description": "Description 9", "created_at": "2026-02-24T04:38:58.180Z", "updated_at": "2026-02-24T04:38:58.180Z"}}, {"model": "regulatory_rules.regulatoryrule", "pk": "33051d7e-5445-4728-8697-b97b55bdc236", "fields": {"name": "Rule 8", "description": "Description 8", "created_at": "2026-02-24T04:38:58.177Z", "updated_at": "2026-02-24T04:38:58.177Z"}}, {"model": "regulatory_rules.regulatoryrule", "pk": "469c0da1-98f5-4bc8-926f-737df497ca9b", "fields": {"name": "Expired Rule", "description": "This rule is expired", "created_at": "2026-02-24T04:35:11.857Z", "updated_at": "2026-02-24T04:35:11.857Z"}}, {"model": "regulatory_rules.regulatoryrule", "pk": "522fc16e-2e03-4104-a7b7-4d05c6ef2ad4", "fields": {"name": "Rule 5", "description": "Description 5", "created_at": "2026-02-24T04:38:58.167Z", "updated_at": "2026-02-24T04:38:58.167Z"}}, {"model": "regulatory_rules.regulatoryrule", "pk": "616750ee-3755-4a3a-8d3a-7d1706e02cef", "fields": {"name": "Rule 4", "description": null, "created_at": "2026-02-23T13:14:40.491Z", "updated_at": "2026-02-24T04:49:34.340Z"}}, {"model": "regulatory_rules.regulatoryrule", "pk": "6aad1130-5f31-4840-b656-e5f31577bbed", "fields": {"name": "Rule 7", "description": null, "created_at": "2026-02-24T04:35:11.869Z", "updated_at": "2026-02-24T04:35:11.869Z"}}, {"model": "regulatory_rules.regulatoryrule", "pk": "77729e96-74ff-473a-9549-9fec71e6b2fe", "fields": {"name": "Rule 6", "description": null, "created_at": "2026-02-23T13:14:40.497Z", "updated_at": "2026-02-24T04:49:34.345Z"}}, {"model": "regulatory_rules.regulatoryrule", "pk": "7bf6f7e6-6653-460a-ba1e-2882860f55f5", "fields": {"name": "Rule 2", "description": "Description 2", "created_at": "2026-02-24T04:35:11.851Z", "updated_at": "2026-02-24T04:35:11.851Z"}}, {"model": "regulatory_rules.regulatoryrule", "pk": "7e33d828-f602-4a32-85a5-e1b56f6865cb", "fields": {"name": "Rule 7", "description": "Description 7", "created_at": "2026-02-24T04:38:58.174Z", "updated_at": "2026-02-24T04:38:58.174Z"}}, {"model": "regulatory_rules.regulatoryrule", "pk": "89c4b811-96a0-45db-a86c-65aef52bde2a", "fields": {"name": "Rule 10", "description": null, "created_at": "2026-02-23T13:14:40.509Z", "updated_at": "2026-02-24T04:49:34.353Z"}}, {"model": "regulatory_rules.regulatoryrule", "pk": "9ea6d636-9c71-409c-a449-3f1338452dfb", "fields": {"name": "Rule 7", "description": null, "created_at": "2026-02-23T13:14:40.501Z", "updated_at": "2026-02-24T04:49:34.347Z"}}, {"model": "regulatory_rules.regulatoryrule", "pk": "a3d85d9f-25b8-4b19-9e0b-d8f37de9a990", "fields": {"name": "New Rule", "description": "Description", "created_at": "2026-02-23T13:20:26.810Z", "updated_at": "2026-02-24T04:49:34.355Z"}}, {"model": "regulatory_rules.regulatoryrule", "pk": "a9e1f7a0-3bd3-4413-a15d-098a387124f4", "fields": {"name": "Rule 8", "description": null, "created_at": "2026-02-24T04:35:11.872Z", "updated_at": "2026-02-24T04:35:11.872Z"}}, {"model": "regulatory_rules.regulatoryrule", "pk": "b3d98db6-5145-4398-97f0-97a129fac1ee", "fields": {"name": "Rule 1", "description": null, "created_at": "2026-02-23T13:14:40.483Z", "updated_at": "2026-02-24T04:49:34.331Z"}}, {"model": "regulatory_rules.regulatoryrule", "pk": "b6f06e56-cb9c-430e-8c87-071fee14df2b", "fields": {"name": "Rule 1", "description": "Description 1", "created_at": "2026-02-24T04:35:11.847Z", "updated_at": "2026-02-24T04:35:11.847Z"}}, {"model": "regulatory_rules.regulatoryrule", "pk": "bd5a26d8-1f1d-412c-a245-2c7b8849006d", "fields": {"name": "Rule 10", "description": "Description 10", "created_at": "2026-02-24T04:38:58.184Z", "updated_at": "2026-02-24T04:38:58.184Z"}}, {"model": "regulatory_rules.regulatoryrule", "pk": "c8b6c6c1-5996-4467-a098-b787c41cdb85", "fields": {"name": "Rule 9", "description": "", "created_at": "2026-02-24T04:35:11.875Z", "updated_at": "2026-02-24T06:12:16.427Z"}}, {"model": "regulatory_rules.regulatoryrule", "pk": "cb2766ff-6e7a-487e-9106-639c59950a73", "fields": {"name": "Rule 5", "description": "", "created_at": "2026-02-23T13:14:40.493Z", "updated_at": "2026-02-24T06:12:10.694Z"}}, {"model": "regulatory_rules.regulatoryrule", "pk": "d8436eda-4890-4c12-bc1b-5ad7f94f891c", "fields": {"name": "Rule 6", "description": "Description 6", "created_at": "2026-02-24T04:38:58.170Z", "updated_at": "2026-02-24T04:38:58.170Z"}}, {"model": "regulatory_rules.regulatoryrule", "pk": "f205a925-ece3-4640-8b01-d72f06bd93d1", "fields": {"name": "Rule 10", "description": "", "created_at": "2026-02-24T04:35:11.878Z", "updated_at": "2026-02-24T10:30:15.690Z"}}, {"model": "regulatory_rules.regulatoryrulecensusdata", "pk": 1, "fields": {"regulatory_rule": "a3d85d9f-25b8-4b19-9e0b-d8f37de9a990", "census_year": 4, "program": "Paint", "category": "HSP", "rule_type": "Site Requirements", "min_population": 1, "max_population": 250000, "site_per_population": 40000, "base_required_sites": 1, "event_offset_percentage": null, "reallocation_percentage": null, "is_active": true, "start_date": "2026-03-02T06:14:08Z", "end_date": null, "created_at": "2026-03-02T06:14:09.389Z", "updated_at": "2026-03-02T11:20:13.621Z"}}, {"model": "regulatory_rules.regulatoryrulecensusdata", "pk": 3, "fields": {"regulatory_rule": "b3d98db6-5145-4398-97f0-97a129fac1ee", "census_year": 13, "program": "Paint", "category": "HSP", "rule_type": "Site Requirements", "min_population": 1, "max_population": 100000, "site_per_population": 30000, "base_required_sites": 1, "event_offset_percentage": null, "reallocation_percentage": null, "is_active": true, "start_date": "2026-03-02T10:41:46Z", "end_date": null, "created_at": "2026-03-02T10:41:50.128Z", "updated_at": "2026-03-05T14:30:46.479Z"}}, {"model": "regulatory_rules.regulatoryrulecensusdata", "pk": 10, "fields": {"regulatory_rule": "a3d85d9f-25b8-4b19-9e0b-d8f37de9a990", "census_year": 17, "program": "Paint", "category": "HSP", "rule_type": "Site Requirements", "min_population": 1, "max_population": 250000, "site_per_population": 40000, "base_required_sites": 1, "event_offset_percentage": null, "reallocation_percentage": null, "is_active": true, "start_date": "2026-03-02T06:14:08Z", "end_date": null, "created_at": "2026-03-09T08:37:17.821Z", "updated_at": "2026-03-09T08:37:17.821Z"}}, {"model": "regulatory_rules.regulatoryrulecensusdata", "pk": 11, "fields": {"regulatory_rule": "b3d98db6-5145-4398-97f0-97a129fac1ee", "census_year": 17, "program": "Paint", "category": "HSP", "rule_type": "Site Requirements", "min_population": 1, "max_population": 100000, "site_per_population": 30000, "base_required_sites": 1, "event_offset_percentage": null, "reallocation_percentage": null, "is_active": true, "start_date": "2026-03-02T10:41:46Z", "end_date": null, "created_at": "2026-03-09T08:37:17.827Z", "updated_at": "2026-03-09T08:37:17.827Z"}}, {"model": "regulatory_rules.regulatoryrulecensusdata", "pk": 12, "fields": {"regulatory_rule": "a3d85d9f-25b8-4b19-9e0b-d8f37de9a990", "census_year": 18, "program": "Paint", "category": "HSP", "rule_type": "Site Requirements", "min_population": 1, "max_population": 250000, "site_per_population": 40000, "base_required_sites": 1, "event_offset_percentage": null, "reallocation_percentage": null, "is_active": true, "start_date": "2026-03-02T06:14:08Z", "end_date": null, "created_at": "2026-03-09T08:37:17.904Z", "updated_at": "2026-03-09T08:37:17.904Z"}}, {"model": "regulatory_rules.regulatoryrulecensusdata", "pk": 13, "fields": {"regulatory_rule": "b3d98db6-5145-4398-97f0-97a129fac1ee", "census_year": 18, "program": "Paint", "category": "HSP", "rule_type": "Site Requirements", "min_population": 1, "max_population": 100000, "site_per_population": 30000, "base_required_sites": 1, "event_offset_percentage": null, "reallocation_percentage": null, "is_active": true, "start_date": "2026-03-02T10:41:46Z", "end_date": null, "created_at": "2026-03-09T08:37:17.908Z", "updated_at": "2026-03-09T08:37:17.908Z"}}, {"model": "community.censusyear", "pk": 4, "fields": {"year": 2026, "created_at": "2026-03-02T05:25:47.911Z", "updated_at": "2026-03-02T05:25:47.911Z"}}, {"model": "community.censusyear", "pk": 11, "fields": {"year": 2030, "created_at": "2026-03-02T06:04:20.264Z", "updated_at": "2026-03-02T06:04:20.264Z"}}, {"model": "community.censusyear", "pk": 12, "fields": {"year": 2035, "created_at": "2026-03-02T06:04:56.561Z", "updated_at": "2026-03-02T06:04:56.561Z"}}, {"model": "community.censusyear", "pk": 13, "fields": {"year": 2040, "created_at": "2026-03-02T06:07:46.002Z", "updated_at": "2026-03-02T06:07:46.002Z"}}, {"model": "community.censusyear", "pk": 17, "fields": {"year": 2024, "created_at": "2026-03-09T08:37:17.674Z", "updated_at": "2026-03-09T08:37:17.674Z"}}, {"model": "community.censusyear", "pk": 18, "fields": {"year": 2023, "created_at": "2026-03-09T08:37:17.831Z", "updated_at": "2026-03-09T08:37:17.831Z"}}, {"model": "community.community", "pk": "0084db9a-c0b1-463e-b6df-4092661154d8", "fields": {"name": "Forest", "created_at": "2026-02-24T04:35:17.483Z", "updated_at": "2026-02-24T04:35:17.483Z"}}, {"model": "community.community", "pk": "0173b598-602e-4fb9-8d55-6d97f9e941cb", "fields": {"name": "Lakeside", "created_at": "2026-02-24T04:35:17.477Z", "updated_at": "2026-02-24T04:35:17.477Z"}}, {"model": "community.community", "pk": "0ee12818-f7f5-43d5-a480-49bcec8d5872", "fields": {"name": "Updated Community Name", "created_at": "2026-03-06T09:02:36.074Z", "updated_at": "2026-03-06T09:02:36.074Z"}}, {"model": "community.community", "pk": "1f59aa2e-4886-4c68-84fc-e07bb845ddb5", "fields": {"name": "Bayview 1212", "created_at": "2026-03-06T06:33:46.368Z", "updated_at": "2026-03-06T06:33:46.368Z"}}, {"model": "community.community", "pk": "21fc36b5-3d80-4bdd-8382-097106449d45", "fields": {"name": "dfsdafsdfasdaf", "created_at": "2026-02-24T07:09:17.260Z", "updated_at": "2026-02-24T07:09:17.260Z"}}, {"model": "community.community", "pk": "2804892d-6abb-4538-bc19-a6b22981a624", "fields": {"name": "Prairie", "created_at": "2026-02-24T04:35:17.488Z", "updated_at": "2026-02-24T04:35:17.488Z"}}, {"model": "community.community", "pk": "31162be4-e5ac-482b-88db-bdb101725847", "fields": {"name": "Springfield", "created_at": "2026-02-24T04:35:17.471Z", "updated_at": "2026-02-24T04:35:17.471Z"}}, {"model": "community.community", "pk": "34e44cf0-832a-43c3-9af6-b42c42eb390c", "fields": {"name": "dfgdfgdf", "created_at": "2026-03-06T07:54:03.767Z", "updated_at": "2026-03-06T07:54:03.767Z"}}, {"model": "community.community", "pk": "433e959f-034e-43e5-b827-f0cc3f939768", "fields": {"name": "Your Community Name", "created_at": "2026-03-06T06:48:11.901Z", "updated_at": "2026-03-06T06:48:11.901Z"}}, {"model": "community.community", "pk": "53341a0e-79dd-4901-b878-505e2f09f30f", "fields": {"name": "Bayview a", "created_at": "2026-02-26T08:08:57.077Z", "updated_at": "2026-02-26T08:08:57.077Z"}}, {"model": "community.community", "pk": "80d323ef-3415-423b-8e51-e15cb3da0104", "fields": {"name": "Sunset", "created_at": "2026-02-24T04:35:17.487Z", "updated_at": "2026-02-24T04:35:17.487Z"}}, {"model": "community.community", "pk": "83783754-98f4-4e07-a009-fa3fdf95191a", "fields": {"name": "sws", "created_at": "2026-03-09T08:38:14.755Z", "updated_at": "2026-03-09T08:38:14.755Z"}}, {"model": "community.community", "pk": "923cf29b-47f3-4df0-b367-fa807fc889a1", "fields": {"name": "New Test Community 123", "created_at": "2026-03-06T06:47:36.921Z", "updated_at": "2026-03-06T06:47:36.921Z"}}, {"model": "community.community", "pk": "a5eb9afa-b831-423d-97a3-3c1f687cb2e8", "fields": {"name": "New Community for backgorund task", "created_at": "2026-02-25T05:41:28.664Z", "updated_at": "2026-02-25T05:43:15.066Z"}}, {"model": "community.community", "pk": "ab579d13-f2c0-4520-a835-ed10ee67ba11", "fields": {"name": "Bayview", "created_at": "2026-02-24T04:35:17.485Z", "updated_at": "2026-02-25T06:22:46.016Z"}}, {"model": "community.community", "pk": "b0425424-3c40-414b-a22e-8a4f9a419191", "fields": {"name": "Hilltop", "created_at": "2026-02-24T04:35:17.479Z", "updated_at": "2026-02-24T04:35:17.479Z"}}, {"model": "community.community", "pk": "b9eaa77d-7ed5-4425-afb8-8abe476d2716", "fields": {"name": "shaurya", "created_at": "2026-02-25T06:27:07.506Z", "updated_at": "2026-02-25T06:27:07.506Z"}}, {"model": "community.community", "pk": "bee4b550-bf9c-4ebd-8b16-f632d6e816cc", "fields": {"name": "s", "created_at": "2026-02-24T07:09:48.722Z", "updated_at": "2026-02-24T07:21:05.289Z"}}, {"model": "community.community", "pk": "d0816620-ad1f-4558-b5e7-fbfaadc107dd", "fields": {"name": "Mountainview", "created_at": "2026-02-24T04:35:17.475Z", "updated_at": "2026-02-24T04:35:17.475Z"}}, {"model": "community.community", "pk": "d59d82f6-4621-4d46-b632-cce15b292088", "fields": {"name": "Riverside", "created_at": "2026-02-24T04:35:17.473Z", "updated_at": "2026-02-25T07:30:36.178Z"}}, {"model": "community.community", "pk": "db23d502-9258-40ae-89d7-81ea2587e8ba", "fields": {"name": "qqqqq", "created_at": "2026-02-27T11:53:00.703Z", "updated_at": "2026-02-27T11:53:00.703Z"}}, {"model": "community.community", "pk": "dbe69db6-a83d-428f-9c0a-7f045c27d798", "fields": {"name": "Valley", "created_at": "2026-02-24T04:35:17.481Z", "updated_at": "2026-02-27T09:40:51.605Z"}}, {"model": "community.community", "pk": "dbe69db6-a83d-428f-9c0a-7f045c27d799", "fields": {"name": "Markham", "created_at": "2026-03-09T08:37:17.913Z", "updated_at": "2026-03-09T08:37:17.913Z"}}, {"model": "community.community", "pk": "dbe69db6-a83d-428f-9c0a-7f045c27d800", "fields": {"name": "Vaughan", "created_at": "2026-03-09T08:37:17.914Z", "updated_at": "2026-03-09T08:37:17.914Z"}}, {"model": "community.community", "pk": "dbe69db6-a83d-428f-9c0a-7f045c27d801", "fields": {"name": "Richmond Hill", "created_at": "2026-03-09T08:37:17.915Z", "updated_at": "2026-03-09T08:37:17.915Z"}}, {"model": "community.community", "pk": "dbe69db6-a83d-428f-9c0a-7f045c27d802", "fields": {"name": "Toronto", "created_at": "2026-03-09T08:37:17.915Z", "updated_at": "2026-03-09T08:37:17.915Z"}}, {"model": "community.community", "pk": "e5821f4a-e84f-4a48-a5c5-c3025f7592a7", "fields": {"name": "Your Community Name111", "created_at": "2026-03-06T08:57:13.009Z", "updated_at": "2026-03-06T08:57:13.009Z"}}, {"model": "community.community", "pk": "f4ed7247-7594-4644-a368-f17ce493da92", "fields": {"name": "Updated Community pkill -f celery 111", "created_at": "2026-02-24T06:17:13.606Z", "updated_at": "2026-02-27T09:41:22.757Z"}}, {"model": "community.communitycensusdata", "pk": 7, "fields": {"community": "ab579d13-f2c0-4520-a835-ed10ee67ba11", "census_year": 4, "population": 51240, "tier": "Urban", "region": "Region 2", "zone": "1", "province": "Ontario", "is_active": true, "start_date": "2026-02-27T10:00:54Z", "end_date": "2028-02-27T10:00:56Z", "created_at": "2026-03-02T05:25:47.913Z", "updated_at": "2026-03-02T05:57:24.007Z", "sites": []}}, {"model": "community.communitycensusdata", "pk": 8, "fields": {"community": "53341a0e-79dd-4901-b878-505e2f09f30f", "census_year": 4, "population": 675000, "tier": "1", "region": "Lower Mainland", "zone": "Metro Vancouver", "province": "BC", "is_active": true, "start_date": null, "end_date": null, "created_at": "2026-03-02T05:25:47.916Z", "updated_at": "2026-03-02T05:57:20.959Z", "sites": []}}, {"model": "community.communitycensusdata", "pk": 19, "fields": {"community": "ab579d13-f2c0-4520-a835-ed10ee67ba11", "census_year": 11, "population": 51240, "tier": "Urban", "region": "Region 2", "zone": "1", "province": "Ontario", "is_active": true, "start_date": "2026-02-27T10:00:54Z", "end_date": "2028-02-27T10:00:56Z", "created_at": "2026-03-02T06:04:20.276Z", "updated_at": "2026-03-02T09:06:06.854Z", "sites": []}}, {"model": "community.communitycensusdata", "pk": 20, "fields": {"community": "53341a0e-79dd-4901-b878-505e2f09f30f", "census_year": 11, "population": 705000, "tier": "1", "region": "Lower Mainland", "zone": "Metro Vancouver", "province": "BC", "is_active": true, "start_date": null, "end_date": null, "created_at": "2026-03-02T06:04:20.277Z", "updated_at": "2026-03-02T06:24:03.709Z", "sites": []}}, {"model": "community.communitycensusdata", "pk": 21, "fields": {"community": "53341a0e-79dd-4901-b878-505e2f09f30f", "census_year": 12, "population": 675000, "tier": "1", "region": "Lower Mainland", "zone": "Metro Vancouver", "province": "BC", "is_active": true, "start_date": null, "end_date": null, "created_at": "2026-03-02T06:04:56.573Z", "updated_at": "2026-03-02T06:04:56.573Z", "sites": []}}, {"model": "community.communitycensusdata", "pk": 22, "fields": {"community": "53341a0e-79dd-4901-b878-505e2f09f30f", "census_year": 13, "population": 5000, "tier": "1", "region": "Lower Mainland", "zone": "Metro Vancouver", "province": "BC", "is_active": false, "start_date": "2026-03-02T10:36:59Z", "end_date": null, "created_at": "2026-03-02T06:07:46.014Z", "updated_at": "2026-03-05T10:21:22.712Z", "sites": []}}, {"model": "community.communitycensusdata", "pk": 24, "fields": {"community": "0173b598-602e-4fb9-8d55-6d97f9e941cb", "census_year": 13, "population": 85741, "tier": "Urban", "region": "Region 1", "zone": "s", "province": "Ontario", "is_active": true, "start_date": "2026-03-02T09:14:58Z", "end_date": "2028-03-02T12:41:28Z", "created_at": "2026-03-02T09:15:00.919Z", "updated_at": "2026-03-02T12:51:53.473Z", "sites": []}}, {"model": "community.communitycensusdata", "pk": 36, "fields": {"community": "0084db9a-c0b1-463e-b6df-4092661154d8", "census_year": 13, "population": 2500, "tier": "Urban", "region": "Region 2", "zone": "s", "province": "Ontario", "is_active": true, "start_date": "2026-03-05T11:52:39Z", "end_date": null, "created_at": "2026-03-05T11:52:40.462Z", "updated_at": "2026-03-05T14:31:04.439Z", "sites": []}}, {"model": "community.communitycensusdata", "pk": 37, "fields": {"community": "ab579d13-f2c0-4520-a835-ed10ee67ba11", "census_year": 13, "population": 675000, "tier": "1", "region": "Lower Mainland", "zone": "Metro Vancouver", "province": "BC", "is_active": true, "start_date": null, "end_date": null, "created_at": "2026-03-06T06:32:27.626Z", "updated_at": "2026-03-06T06:32:27.626Z", "sites": []}}, {"model": "community.communitycensusdata", "pk": 38, "fields": {"community": "1f59aa2e-4886-4c68-84fc-e07bb845ddb5", "census_year": 13, "population": 675000, "tier": "1", "region": "Lower Mainland", "zone": "Metro Vancouver", "province": "BC", "is_active": true, "start_date": null, "end_date": null, "created_at": "2026-03-06T06:33:46.373Z", "updated_at": "2026-03-06T06:33:46.373Z", "sites": []}}, {"model": "community.communitycensusdata", "pk": 39, "fields": {"community": "1f59aa2e-4886-4c68-84fc-e07bb845ddb5", "census_year": 12, "population": 675000, "tier": "1", "region": "Lower Mainland", "zone": "Metro Vancouver", "province": "BC", "is_active": true, "start_date": null, "end_date": null, "created_at": "2026-03-06T06:34:19.206Z", "updated_at": "2026-03-06T06:34:19.206Z", "sites": []}}, {"model": "community.communitycensusdata", "pk": 40, "fields": {"community": "923cf29b-47f3-4df0-b367-fa807fc889a1", "census_year": 13, "population": 675000, "tier": "1", "region": "Lower Mainland", "zone": "Metro Vancouver", "province": "BC", "is_active": true, "start_date": null, "end_date": null, "created_at": "2026-03-06T06:47:36.924Z", "updated_at": "2026-03-06T06:47:36.924Z", "sites": []}}, {"model": "community.communitycensusdata", "pk": 41, "fields": {"community": "0ee12818-f7f5-43d5-a480-49bcec8d5872", "census_year": 13, "population": 800000, "tier": "2", "region": "Fraser Valley", "zone": "Surrey", "province": "BC", "is_active": true, "start_date": null, "end_date": null, "created_at": "2026-03-06T06:48:11.903Z", "updated_at": "2026-03-09T11:07:50.558Z", "sites": []}}, {"model": "community.communitycensusdata", "pk": 44, "fields": {"community": "ab579d13-f2c0-4520-a835-ed10ee67ba11", "census_year": 17, "population": 675000, "tier": "1", "region": "Lower Mainland", "zone": "Metro Vancouver", "province": "BC", "is_active": true, "start_date": null, "end_date": null, "created_at": "2026-03-09T08:37:17.694Z", "updated_at": "2026-03-09T08:37:17.694Z", "sites": []}}, {"model": "community.communitycensusdata", "pk": 45, "fields": {"community": "1f59aa2e-4886-4c68-84fc-e07bb845ddb5", "census_year": 17, "population": 675000, "tier": "1", "region": "Lower Mainland", "zone": "Metro Vancouver", "province": "BC", "is_active": true, "start_date": null, "end_date": null, "created_at": "2026-03-09T08:37:17.765Z", "updated_at": "2026-03-09T08:37:17.765Z", "sites": []}}, {"model": "community.communitycensusdata", "pk": 46, "fields": {"community": "0084db9a-c0b1-463e-b6df-4092661154d8", "census_year": 17, "population": 2500, "tier": "Urban", "region": "Region 2", "zone": "s", "province": "Ontario", "is_active": true, "start_date": "2026-03-05T11:52:39Z", "end_date": null, "created_at": "2026-03-09T08:37:17.767Z", "updated_at": "2026-03-09T08:37:17.767Z", "sites": []}}, {"model": "community.communitycensusdata", "pk": 47, "fields": {"community": "0173b598-602e-4fb9-8d55-6d97f9e941cb", "census_year": 17, "population": 85741, "tier": "Urban", "region": "Region 1", "zone": "s", "province": "Ontario", "is_active": true, "start_date": "2026-03-02T09:14:58Z", "end_date": "2028-03-02T12:41:28Z", "created_at": "2026-03-09T08:37:17.768Z", "updated_at": "2026-03-09T08:37:17.768Z", "sites": []}}, {"model": "community.communitycensusdata", "pk": 48, "fields": {"community": "923cf29b-47f3-4df0-b367-fa807fc889a1", "census_year": 17, "population": 675000, "tier": "1", "region": "Lower Mainland", "zone": "Metro Vancouver", "province": "BC", "is_active": true, "start_date": null, "end_date": null, "created_at": "2026-03-09T08:37:17.770Z", "updated_at": "2026-03-09T08:37:17.770Z", "sites": []}}, {"model": "community.communitycensusdata", "pk": 49, "fields": {"community": "0ee12818-f7f5-43d5-a480-49bcec8d5872", "census_year": 17, "population": 800000, "tier": "2", "region": "Fraser Valley", "zone": "Surrey", "province": "BC", "is_active": true, "start_date": null, "end_date": null, "created_at": "2026-03-09T08:37:17.771Z", "updated_at": "2026-03-09T08:37:17.771Z", "sites": []}}, {"model": "community.communitycensusdata", "pk": 50, "fields": {"community": "ab579d13-f2c0-4520-a835-ed10ee67ba11", "census_year": 18, "population": 675000, "tier": "1", "region": "Lower Mainland", "zone": "Metro Vancouver", "province": "BC", "is_active": true, "start_date": null, "end_date": null, "created_at": "2026-03-09T08:37:17.847Z", "updated_at": "2026-03-09T08:37:17.847Z", "sites": []}}, {"model": "community.communitycensusdata", "pk": 51, "fields": {"community": "1f59aa2e-4886-4c68-84fc-e07bb845ddb5", "census_year": 18, "population": 675000, "tier": "1", "region": "Lower Mainland", "zone": "Metro Vancouver", "province": "BC", "is_active": true, "start_date": null, "end_date": null, "created_at": "2026-03-09T08:37:17.849Z", "updated_at": "2026-03-09T08:37:17.849Z", "sites": []}}, {"model": "community.communitycensusdata", "pk": 52, "fields": {"community": "0084db9a-c0b1-463e-b6df-4092661154d8", "census_year": 18, "population": 2500, "tier": "Urban", "region": "Region 2", "zone": "s", "province": "Ontario", "is_active": true, "start_date": "2026-03-05T11:52:39Z", "end_date": null, "created_at": "2026-03-09T08:37:17.850Z", "updated_at": "2026-03-09T08:37:17.850Z", "sites": []}}, {"model": "community.communitycensusdata", "pk": 53, "fields": {"community": "0173b598-602e-4fb9-8d55-6d97f9e941cb", "census_year": 18, "population": 85741, "tier": "Urban", "region": "Region 1", "zone": "s", "province": "Ontario", "is_active": true, "start_date": "2026-03-02T09:14:58Z", "end_date": "2028-03-02T12:41:28Z", "created_at": "2026-03-09T08:37:17.852Z", "updated_at": "2026-03-09T08:37:17.852Z", "sites": []}}, {"model": "community.communitycensusdata", "pk": 54, "fields": {"community": "923cf29b-47f3-4df0-b367-fa807fc889a1", "census_year": 18, "population": 675000, "tier": "1", "region": "Lower Mainland", "zone": "Metro Vancouver", "province": "BC", "is_active": true, "start_date": null, "end_date": null, "created_at": "2026-03-09T08:37:17.853Z", "updated_at": "2026-03-09T08:37:17.853Z", "sites": []}}, {"model": "community.communitycensusdata", "pk": 55, "fields": {"community": "0ee12818-f7f5-43d5-a480-49bcec8d5872", "census_year": 18, "population": 800000, "tier": "2", "region": "Fraser Valley", "zone": "Surrey", "province": "BC", "is_active": true, "start_date": null, "end_date": null, "created_at": "2026-03-09T08:37:17.856Z", "updated_at": "2026-03-09T08:37:17.856Z", "sites": []}}, {"model": "community.communitycensusdata", "pk": 56, "fields": {"community": "dbe69db6-a83d-428f-9c0a-7f045c27d798", "census_year": 17, "population": 15000, "tier": "Urban", "region": "Central", "zone": "North", "province": "Saskatchewan", "is_active": false, "start_date": "2023-12-31T18:30:00Z", "end_date": "2024-12-30T18:30:00Z", "created_at": "2026-03-09T08:37:17.917Z", "updated_at": "2026-03-09T08:37:17.917Z", "sites": []}}, {"model": "community.communitycensusdata", "pk": 57, "fields": {"community": "dbe69db6-a83d-428f-9c0a-7f045c27d798", "census_year": 18, "population": 14800, "tier": "Urban", "region": "Central", "zone": "North", "province": "Saskatchewan", "is_active": false, "start_date": "2022-12-31T18:30:00Z", "end_date": "2023-12-30T18:30:00Z", "created_at": "2026-03-09T08:37:17.919Z", "updated_at": "2026-03-09T08:37:17.919Z", "sites": []}}, {"model": "community.communitycensusdata", "pk": 58, "fields": {"community": "dbe69db6-a83d-428f-9c0a-7f045c27d799", "census_year": 17, "population": 35000, "tier": "Suburban", "region": "Central", "zone": "North", "province": "Ontario", "is_active": false, "start_date": "2023-12-31T18:30:00Z", "end_date": "2024-12-30T18:30:00Z", "created_at": "2026-03-09T08:37:17.921Z", "updated_at": "2026-03-09T08:37:17.921Z", "sites": []}}, {"model": "community.communitycensusdata", "pk": 59, "fields": {"community": "dbe69db6-a83d-428f-9c0a-7f045c27d799", "census_year": 18, "population": 34000, "tier": "Suburban", "region": "Central", "zone": "North", "province": "Ontario", "is_active": false, "start_date": "2022-12-31T18:30:00Z", "end_date": "2023-12-30T18:30:00Z", "created_at": "2026-03-09T08:37:17.923Z", "updated_at": "2026-03-09T08:37:17.924Z", "sites": []}}, {"model": "community.communitycensusdata", "pk": 60, "fields": {"community": "dbe69db6-a83d-428f-9c0a-7f045c27d800", "census_year": 17, "population": 32000, "tier": "Suburban", "region": "Central", "zone": "North", "province": "Ontario", "is_active": false, "start_date": "2023-12-31T18:30:00Z", "end_date": "2024-12-30T18:30:00Z", "created_at": "2026-03-09T08:37:17.927Z", "updated_at": "2026-03-09T08:37:17.927Z", "sites": []}}, {"model": "community.communitycensusdata", "pk": 61, "fields": {"community": "dbe69db6-a83d-428f-9c0a-7f045c27d801", "census_year": 17, "population": 22000, "tier": "Suburban", "region": "Central", "zone": "North", "province": "Ontario", "is_active": false, "start_date": "2023-12-31T18:30:00Z", "end_date": "2024-12-30T18:30:00Z", "created_at": "2026-03-09T08:37:17.930Z", "updated_at": "2026-03-09T08:37:17.930Z", "sites": []}}, {"model": "community.communitycensusdata", "pk": 62, "fields": {"community": "dbe69db6-a83d-428f-9c0a-7f045c27d802", "census_year": 17, "population": 2800000, "tier": "Urban", "region": "Central", "zone": "Central", "province": "Ontario", "is_active": false, "start_date": "2023-12-31T18:30:00Z", "end_date": "2024-12-30T18:30:00Z", "created_at": "2026-03-09T08:37:17.931Z", "updated_at": "2026-03-09T08:37:17.931Z", "sites": []}}, {"model": "community.communitycensusdata", "pk": 64, "fields": {"community": "b0425424-3c40-414b-a22e-8a4f9a419191", "census_year": 13, "population": 45222, "tier": "Suburban", "region": "Region 1", "zone": "North", "province": "Ontario", "is_active": true, "start_date": "2026-03-09T13:59:09Z", "end_date": null, "created_at": "2026-03-09T13:59:11.435Z", "updated_at": "2026-03-09T13:59:11.435Z", "sites": []}}, {"model": "community.adjacentcommunity", "pk": 1, "fields": {"from_community": "dbe69db6-a83d-428f-9c0a-7f045c27d798", "census_year": 17, "created_at": "2026-03-09T08:37:17.935Z", "updated_at": "2026-03-09T09:07:20.534Z", "to_communities": ["0173b598-602e-4fb9-8d55-6d97f9e941cb", "d0816620-ad1f-4558-b5e7-fbfaadc107dd", "923cf29b-47f3-4df0-b367-fa807fc889a1"]}}, {"model": "community.adjacentcommunity", "pk": 2, "fields": {"from_community": "dbe69db6-a83d-428f-9c0a-7f045c27d798", "census_year": 17, "created_at": "2026-03-09T08:37:17.937Z", "updated_at": "2026-03-09T09:07:26.733Z", "to_communities": ["0084db9a-c0b1-463e-b6df-4092661154d8", "dbe69db6-a83d-428f-9c0a-7f045c27d799", "a5eb9afa-b831-423d-97a3-3c1f687cb2e8", "dbe69db6-a83d-428f-9c0a-7f045c27d801"]}}, {"model": "community.adjacentcommunity", "pk": 9, "fields": {"from_community": "ab579d13-f2c0-4520-a835-ed10ee67ba11", "census_year": 13, "created_at": "2026-03-09T09:31:18.761Z", "updated_at": "2026-03-09T09:31:18.761Z", "to_communities": ["1f59aa2e-4886-4c68-84fc-e07bb845ddb5", "53341a0e-79dd-4901-b878-505e2f09f30f"]}}, {"model": "community.adjacentcommunity", "pk": 10, "fields": {"from_community": "1f59aa2e-4886-4c68-84fc-e07bb845ddb5", "census_year": 13, "created_at": "2026-03-09T09:31:18.765Z", "updated_at": "2026-03-09T09:31:18.765Z", "to_communities": ["ab579d13-f2c0-4520-a835-ed10ee67ba11"]}}, {"model": "community.adjacentcommunity", "pk": 11, "fields": {"from_community": "53341a0e-79dd-4901-b878-505e2f09f30f", "census_year": 13, "created_at": "2026-03-09T09:31:18.768Z", "updated_at": "2026-03-09T09:31:18.768Z", "to_communities": ["0084db9a-c0b1-463e-b6df-4092661154d8", "b0425424-3c40-414b-a22e-8a4f9a419191"]}}, {"model": "community.adjacentcommunity", "pk": 12, "fields": {"from_community": "0084db9a-c0b1-463e-b6df-4092661154d8", "census_year": 13, "created_at": "2026-03-09T09:35:12.581Z", "updated_at": "2026-03-09T09:35:12.581Z", "to_communities": ["923cf29b-47f3-4df0-b367-fa807fc889a1", "2804892d-6abb-4538-bc19-a6b22981a624"]}}, {"model": "sites.site", "pk": "06dae40d-f608-4938-9baf-f84d818746c3", "fields": {"site_name": "Sample Collection Site", "created_at": "2026-02-25T06:18:24.765Z", "updated_at": "2026-02-25T06:19:05.161Z"}}, {"model": "sites.site", "pk": "4f66792c-1eec-4e56-83e8-2d9a7de5af9c", "fields": {"site_name": "Sample Site 10", "created_at": "2026-02-24T10:14:59.726Z", "updated_at": "2026-02-24T10:57:37.073Z"}}, {"model": "sites.site", "pk": "52ab5b8f-a011-4108-8e73-7d3964978b7a", "fields": {"site_name": "Sample Site 2", "created_at": "2026-02-24T10:14:59.674Z", "updated_at": "2026-02-24T10:16:08.614Z"}}, {"model": "sites.site", "pk": "61e8c398-4ecb-410d-ad83-373d50944278", "fields": {"site_name": "Sample Site 7", "created_at": "2026-02-24T10:14:59.708Z", "updated_at": "2026-02-25T06:27:56.822Z"}}, {"model": "sites.site", "pk": "7d2a6f7f-dc2b-44ca-ae98-5c4bc83dd2a3", "fields": {"site_name": "Sample Site 4", "created_at": "2026-02-24T10:14:59.687Z", "updated_at": "2026-02-25T07:00:37.865Z"}}, {"model": "sites.site", "pk": "93288d55-e878-49a2-90c5-4887cc8d06a2", "fields": {"site_name": "Sample Site 5", "created_at": "2026-02-24T10:14:59.694Z", "updated_at": "2026-02-25T07:54:24.352Z"}}, {"model": "sites.site", "pk": "abf87a86-d73a-4fd2-8c17-2c5e616eb06d", "fields": {"site_name": "Sample Site 1", "created_at": "2026-02-24T10:14:59.666Z", "updated_at": "2026-02-24T10:14:59.670Z"}}, {"model": "sites.site", "pk": "da2e5ec8-38fb-482c-838a-f7b290f6a254", "fields": {"site_name": "Sample Site 9", "created_at": "2026-02-24T10:14:59.719Z", "updated_at": "2026-02-25T06:11:53.305Z"}}, {"model": "sites.site", "pk": "e37c8522-071d-43cd-bcc3-33b8b29b3640", "fields": {"site_name": "Sample Site 8", "created_at": "2026-02-24T10:14:59.714Z", "updated_at": "2026-02-25T06:19:26.738Z"}}, {"model": "sites.site", "pk": "eb86f80a-b59a-4b8e-a211-10651cfc7242", "fields": {"site_name": "Sample Site 3", "created_at": "2026-02-24T10:14:59.680Z", "updated_at": "2026-02-25T09:32:53.940Z"}}, {"model": "sites.site", "pk": "f8e3afaa-3cf3-4c3f-a9fd-7d486fbba3d0", "fields": {"site_name": "Sample Site 6", "created_at": "2026-02-24T10:14:59.702Z", "updated_at": "2026-02-25T06:35:34.051Z"}}, {"model": "sites.sitecensusdata", "pk": 4, "fields": {"site": "4f66792c-1eec-4e56-83e8-2d9a7de5af9c", "census_year": 4, "community": "53341a0e-79dd-4901-b878-505e2f09f30f", "site_type": "Collection Site", "operator_type": "Retailer", "service_partner": "Partner 5", "address_line_1": "168 John Street", "address_line_2": "Apt 5", "address_city": "Barrie", "address_postal_code": "L4N 2L2", "region": "Region 2", "service_area": "Area 5", "address_latitude": "14.2255000", "address_longitude": "85.5599000", "latitude": "14.22549999", "longitude": "85.55990000", "is_active": true, "event_approved": false, "site_start_date": "2026-02-27T11:27:20Z", "site_end_date": null, "program_paint": true, "program_paint_start_date": "2026-03-02T10:59:35Z", "program_paint_end_date": null, "program_lights": true, "program_lights_start_date": "2026-03-02T10:59:33Z", "program_lights_end_date": null, "program_solvents": true, "program_solvents_start_date": "2026-03-02T10:59:32Z", "program_solvents_end_date": null, "program_pesticides": true, "program_pesticides_start_date": "2026-03-02T10:59:31Z", "program_pesticides_end_date": null, "program_fertilizers": false, "program_fertilizers_start_date": null, "program_fertilizers_end_date": null, "created_at": "2026-03-02T05:25:47.919Z", "updated_at": "2026-03-02T10:59:37.634Z"}}, {"model": "sites.sitecensusdata", "pk": 7, "fields": {"site": "da2e5ec8-38fb-482c-838a-f7b290f6a254", "census_year": 4, "community": "53341a0e-79dd-4901-b878-505e2f09f30f", "site_type": "Collection Site", "operator_type": "Retailer", "service_partner": "Partner 5", "address_line_1": "168 John Street", "address_line_2": "Apt 5", "address_city": "Barrie", "address_postal_code": "L4N 2L2", "region": "Region 2", "service_area": "Area 9", "address_latitude": "45.2548000", "address_longitude": "58.2586000", "latitude": "45.25480000", "longitude": "58.25860000", "is_active": true, "event_approved": false, "site_start_date": "2026-03-02T05:58:08Z", "site_end_date": null, "program_paint": true, "program_paint_start_date": "2026-03-02T05:58:14Z", "program_paint_end_date": null, "program_lights": false, "program_lights_start_date": null, "program_lights_end_date": null, "program_solvents": false, "program_solvents_start_date": null, "program_solvents_end_date": null, "program_pesticides": false, "program_pesticides_start_date": null, "program_pesticides_end_date": null, "program_fertilizers": false, "program_fertilizers_start_date": null, "program_fertilizers_end_date": null, "created_at": "2026-03-02T05:58:17.233Z", "updated_at": "2026-03-05T13:05:33.731Z"}}, {"model": "sites.sitecensusdata", "pk": 14, "fields": {"site": "4f66792c-1eec-4e56-83e8-2d9a7de5af9c", "census_year": 11, "community": "53341a0e-79dd-4901-b878-505e2f09f30f", "site_type": "Collection Site", "operator_type": "Retailer", "service_partner": "Partner 5", "address_line_1": "168 John Street", "address_line_2": "Apt 5", "address_city": "Barrie", "address_postal_code": "L4N 2L2", "region": "Region 2", "service_area": "Area 5", "address_latitude": "14.2255000", "address_longitude": "85.5599000", "latitude": "14.22549999", "longitude": "85.55990000", "is_active": true, "event_approved": false, "site_start_date": "2026-02-27T11:27:20Z", "site_end_date": null, "program_paint": false, "program_paint_start_date": null, "program_paint_end_date": null, "program_lights": true, "program_lights_start_date": null, "program_lights_end_date": null, "program_solvents": false, "program_solvents_start_date": null, "program_solvents_end_date": null, "program_pesticides": false, "program_pesticides_start_date": null, "program_pesticides_end_date": null, "program_fertilizers": false, "program_fertilizers_start_date": null, "program_fertilizers_end_date": null, "created_at": "2026-03-02T06:04:20.287Z", "updated_at": "2026-03-02T08:58:53.696Z"}}, {"model": "sites.sitecensusdata", "pk": 15, "fields": {"site": "da2e5ec8-38fb-482c-838a-f7b290f6a254", "census_year": 11, "community": "53341a0e-79dd-4901-b878-505e2f09f30f", "site_type": "Collection Site", "operator_type": "Retailer", "service_partner": "Partner 5", "address_line_1": "168 John Street", "address_line_2": "Apt 5", "address_city": "Barrie", "address_postal_code": "L4N 2L2", "region": "Region 2", "service_area": "Area 9", "address_latitude": "45.2548000", "address_longitude": "58.2586000", "latitude": "45.25480000", "longitude": "58.25860000", "is_active": true, "event_approved": false, "site_start_date": "2026-03-02T05:58:08Z", "site_end_date": null, "program_paint": true, "program_paint_start_date": "2026-03-02T05:58:14Z", "program_paint_end_date": null, "program_lights": false, "program_lights_start_date": null, "program_lights_end_date": null, "program_solvents": false, "program_solvents_start_date": null, "program_solvents_end_date": null, "program_pesticides": false, "program_pesticides_start_date": null, "program_pesticides_end_date": null, "program_fertilizers": false, "program_fertilizers_start_date": null, "program_fertilizers_end_date": null, "created_at": "2026-03-02T06:04:20.289Z", "updated_at": "2026-03-02T06:04:20.289Z"}}, {"model": "sites.sitecensusdata", "pk": 16, "fields": {"site": "da2e5ec8-38fb-482c-838a-f7b290f6a254", "census_year": 12, "community": "53341a0e-79dd-4901-b878-505e2f09f30f", "site_type": "Collection Site", "operator_type": "Retailer", "service_partner": "Partner 5", "address_line_1": "168 John Street", "address_line_2": "Apt 5", "address_city": "Barrie", "address_postal_code": "L4N 2L2", "region": "Region 2", "service_area": "Area 9", "address_latitude": "45.2548000", "address_longitude": "58.2586000", "latitude": "45.25480000", "longitude": "58.25860000", "is_active": true, "event_approved": false, "site_start_date": "2026-03-02T05:58:08Z", "site_end_date": null, "program_paint": true, "program_paint_start_date": "2026-03-02T05:58:14Z", "program_paint_end_date": null, "program_lights": false, "program_lights_start_date": null, "program_lights_end_date": null, "program_solvents": false, "program_solvents_start_date": null, "program_solvents_end_date": null, "program_pesticides": false, "program_pesticides_start_date": null, "program_pesticides_end_date": null, "program_fertilizers": false, "program_fertilizers_start_date": null, "program_fertilizers_end_date": null, "created_at": "2026-03-02T06:04:56.583Z", "updated_at": "2026-03-02T06:04:56.583Z"}}, {"model": "sites.sitecensusdata", "pk": 17, "fields": {"site": "06dae40d-f608-4938-9baf-f84d818746c3", "census_year": 12, "community": "0084db9a-c0b1-463e-b6df-4092661154d8", "site_type": "Collection Site", "operator_type": "Distributor", "service_partner": "Partner 5", "address_line_1": "168 John Street", "address_line_2": "Apt 3", "address_city": "City 5", "address_postal_code": "L4N 2L2", "region": "Region 2", "service_area": "Area 2", "address_latitude": "25.2254000", "address_longitude": "45.1285000", "latitude": "25.22540000", "longitude": "45.12850000", "is_active": true, "event_approved": false, "site_start_date": "2026-03-02T06:07:25Z", "site_end_date": null, "program_paint": true, "program_paint_start_date": "2026-03-02T06:07:28Z", "program_paint_end_date": null, "program_lights": false, "program_lights_start_date": null, "program_lights_end_date": null, "program_solvents": false, "program_solvents_start_date": null, "program_solvents_end_date": null, "program_pesticides": false, "program_pesticides_start_date": null, "program_pesticides_end_date": null, "program_fertilizers": false, "program_fertilizers_start_date": null, "program_fertilizers_end_date": null, "created_at": "2026-03-02T06:07:30.973Z", "updated_at": "2026-03-02T06:07:30.973Z"}}, {"model": "sites.sitecensusdata", "pk": 19, "fields": {"site": "da2e5ec8-38fb-482c-838a-f7b290f6a254", "census_year": 13, "community": "53341a0e-79dd-4901-b878-505e2f09f30f", "site_type": "Collection Site", "operator_type": "Retailer", "service_partner": "Partner 5", "address_line_1": "168 John Street", "address_line_2": "Apt 5", "address_city": "Barrie", "address_postal_code": "L4N 2L2", "region": "Region 2", "service_area": "Area 9", "address_latitude": "45.2548000", "address_longitude": "58.2586000", "latitude": "45.25480000", "longitude": "58.25860000", "is_active": true, "event_approved": false, "site_start_date": "2026-03-02T05:58:08Z", "site_end_date": null, "program_paint": true, "program_paint_start_date": "2026-03-02T05:58:14Z", "program_paint_end_date": null, "program_lights": false, "program_lights_start_date": null, "program_lights_end_date": null, "program_solvents": false, "program_solvents_start_date": null, "program_solvents_end_date": null, "program_pesticides": false, "program_pesticides_start_date": null, "program_pesticides_end_date": null, "program_fertilizers": false, "program_fertilizers_start_date": null, "program_fertilizers_end_date": null, "created_at": "2026-03-02T06:07:46.026Z", "updated_at": "2026-03-02T06:07:46.026Z"}}, {"model": "sites.sitecensusdata", "pk": 22, "fields": {"site": "61e8c398-4ecb-410d-ad83-373d50944278", "census_year": 13, "community": "0084db9a-c0b1-463e-b6df-4092661154d8", "site_type": "Collection Site", "operator_type": "Retailer", "service_partner": "Partner 5", "address_line_1": "168 John Street", "address_line_2": "Apt 5", "address_city": "City 5", "address_postal_code": "L4N 2L2", "region": "Region 2", "service_area": "Area 10", "address_latitude": "85.2594000", "address_longitude": "45.2594000", "latitude": "85.25940000", "longitude": "45.25940000", "is_active": true, "event_approved": false, "site_start_date": "2026-03-02T09:13:07Z", "site_end_date": null, "program_paint": false, "program_paint_start_date": null, "program_paint_end_date": null, "program_lights": true, "program_lights_start_date": "2026-03-05T11:59:33Z", "program_lights_end_date": null, "program_solvents": false, "program_solvents_start_date": null, "program_solvents_end_date": null, "program_pesticides": false, "program_pesticides_start_date": null, "program_pesticides_end_date": null, "program_fertilizers": false, "program_fertilizers_start_date": null, "program_fertilizers_end_date": null, "created_at": "2026-03-02T09:13:12.124Z", "updated_at": "2026-03-05T11:59:35.799Z"}}, {"model": "sites.sitecensusdata", "pk": 23, "fields": {"site": "4f66792c-1eec-4e56-83e8-2d9a7de5af9c", "census_year": 13, "community": "0173b598-602e-4fb9-8d55-6d97f9e941cb", "site_type": "Collection Site", "operator_type": "Distributor", "service_partner": "Partner 5", "address_line_1": "168 John Street", "address_line_2": "Apt 5", "address_city": "Barrie", "address_postal_code": "L4N 2L2", "region": "Region 1", "service_area": "Area 5", "address_latitude": "45.2587000", "address_longitude": "14.2586000", "latitude": "45.25870000", "longitude": "14.25860000", "is_active": true, "event_approved": false, "site_start_date": "2026-03-02T10:21:58Z", "site_end_date": null, "program_paint": false, "program_paint_start_date": null, "program_paint_end_date": null, "program_lights": true, "program_lights_start_date": "2026-03-02T10:22:13Z", "program_lights_end_date": null, "program_solvents": true, "program_solvents_start_date": "2026-03-02T12:57:15Z", "program_solvents_end_date": "2027-03-02T12:57:17Z", "program_pesticides": false, "program_pesticides_start_date": null, "program_pesticides_end_date": null, "program_fertilizers": false, "program_fertilizers_start_date": null, "program_fertilizers_end_date": null, "created_at": "2026-03-02T10:22:17.632Z", "updated_at": "2026-03-05T12:00:16.736Z"}}, {"model": "sites.sitecensusdata", "pk": 32, "fields": {"site": "52ab5b8f-a011-4108-8e73-7d3964978b7a", "census_year": 13, "community": "0084db9a-c0b1-463e-b6df-4092661154d8", "site_type": "Collection Site", "operator_type": "Retailer", "service_partner": "Aurora Environmental Services", "address_line_1": "168 John Street", "address_line_2": "Apt 5", "address_city": "Barrie", "address_postal_code": "L4N 2L2", "region": "Region 1", "service_area": "Area 5", "address_latitude": "48.1254000", "address_longitude": "85.2547000", "latitude": "48.12540000", "longitude": "85.25470000", "is_active": true, "event_approved": false, "site_start_date": "2026-03-05T11:40:41Z", "site_end_date": null, "program_paint": true, "program_paint_start_date": "2026-03-05T11:40:52Z", "program_paint_end_date": null, "program_lights": false, "program_lights_start_date": null, "program_lights_end_date": null, "program_solvents": false, "program_solvents_start_date": null, "program_solvents_end_date": null, "program_pesticides": false, "program_pesticides_start_date": null, "program_pesticides_end_date": null, "program_fertilizers": false, "program_fertilizers_start_date": null, "program_fertilizers_end_date": null, "created_at": "2026-03-05T11:40:53.995Z", "updated_at": "2026-03-05T11:40:53.995Z"}}, {"model": "sites.sitecensusdata", "pk": 33, "fields": {"site": "06dae40d-f608-4938-9baf-f84d818746c3", "census_year": 17, "community": "0084db9a-c0b1-463e-b6df-4092661154d8", "site_type": "Collection Site", "operator_type": "Distributor", "service_partner": "Partner 5", "address_line_1": "168 John Street", "address_line_2": "Apt 3", "address_city": "City 5", "address_postal_code": "L4N 2L2", "region": "Region 2", "service_area": "Area 2", "address_latitude": "25.2254000", "address_longitude": "45.1285000", "latitude": "25.22540000", "longitude": "45.12850000", "is_active": true, "event_approved": false, "site_start_date": "2026-03-02T06:07:25Z", "site_end_date": null, "program_paint": true, "program_paint_start_date": "2026-03-02T06:07:28Z", "program_paint_end_date": null, "program_lights": false, "program_lights_start_date": null, "program_lights_end_date": null, "program_solvents": false, "program_solvents_start_date": null, "program_solvents_end_date": null, "program_pesticides": false, "program_pesticides_start_date": null, "program_pesticides_end_date": null, "program_fertilizers": false, "program_fertilizers_start_date": null, "program_fertilizers_end_date": null, "created_at": "2026-03-09T08:37:17.786Z", "updated_at": "2026-03-09T08:37:17.786Z"}}, {"model": "sites.sitecensusdata", "pk": 34, "fields": {"site": "4f66792c-1eec-4e56-83e8-2d9a7de5af9c", "census_year": 17, "community": "0173b598-602e-4fb9-8d55-6d97f9e941cb", "site_type": "Collection Site", "operator_type": "Distributor", "service_partner": "Partner 5", "address_line_1": "168 John Street", "address_line_2": "Apt 5", "address_city": "Barrie", "address_postal_code": "L4N 2L2", "region": "Region 1", "service_area": "Area 5", "address_latitude": "45.2587000", "address_longitude": "14.2586000", "latitude": "45.25870000", "longitude": "14.25860000", "is_active": true, "event_approved": false, "site_start_date": "2026-03-02T10:21:58Z", "site_end_date": null, "program_paint": false, "program_paint_start_date": null, "program_paint_end_date": null, "program_lights": true, "program_lights_start_date": "2026-03-02T10:22:13Z", "program_lights_end_date": null, "program_solvents": true, "program_solvents_start_date": "2026-03-02T12:57:15Z", "program_solvents_end_date": "2027-03-02T12:57:17Z", "program_pesticides": false, "program_pesticides_start_date": null, "program_pesticides_end_date": null, "program_fertilizers": false, "program_fertilizers_start_date": null, "program_fertilizers_end_date": null, "created_at": "2026-03-09T08:37:17.789Z", "updated_at": "2026-03-09T08:37:17.789Z"}}, {"model": "sites.sitecensusdata", "pk": 35, "fields": {"site": "da2e5ec8-38fb-482c-838a-f7b290f6a254", "census_year": 17, "community": "53341a0e-79dd-4901-b878-505e2f09f30f", "site_type": "Collection Site", "operator_type": "Retailer", "service_partner": "Partner 5", "address_line_1": "168 John Street", "address_line_2": "Apt 5", "address_city": "Barrie", "address_postal_code": "L4N 2L2", "region": "Region 2", "service_area": "Area 9", "address_latitude": "45.2548000", "address_longitude": "58.2586000", "latitude": "45.25480000", "longitude": "58.25860000", "is_active": true, "event_approved": false, "site_start_date": "2026-03-02T05:58:08Z", "site_end_date": null, "program_paint": true, "program_paint_start_date": "2026-03-02T05:58:14Z", "program_paint_end_date": null, "program_lights": false, "program_lights_start_date": null, "program_lights_end_date": null, "program_solvents": false, "program_solvents_start_date": null, "program_solvents_end_date": null, "program_pesticides": false, "program_pesticides_start_date": null, "program_pesticides_end_date": null, "program_fertilizers": false, "program_fertilizers_start_date": null, "program_fertilizers_end_date": null, "created_at": "2026-03-09T08:37:17.795Z", "updated_at": "2026-03-09T08:37:17.796Z"}}, {"model": "sites.sitecensusdata", "pk": 36, "fields": {"site": "61e8c398-4ecb-410d-ad83-373d50944278", "census_year": 17, "community": "0084db9a-c0b1-463e-b6df-4092661154d8", "site_type": "Collection Site", "operator_type": "Retailer", "service_partner": "Partner 5", "address_line_1": "168 John Street", "address_line_2": "Apt 5", "address_city": "City 5", "address_postal_code": "L4N 2L2", "region": "Region 2", "service_area": "Area 10", "address_latitude": "85.2594000", "address_longitude": "45.2594000", "latitude": "85.25940000", "longitude": "45.25940000", "is_active": true, "event_approved": false, "site_start_date": "2026-03-02T09:13:07Z", "site_end_date": null, "program_paint": false, "program_paint_start_date": null, "program_paint_end_date": null, "program_lights": true, "program_lights_start_date": "2026-03-05T11:59:33Z", "program_lights_end_date": null, "program_solvents": false, "program_solvents_start_date": null, "program_solvents_end_date": null, "program_pesticides": false, "program_pesticides_start_date": null, "program_pesticides_end_date": null, "program_fertilizers": false, "program_fertilizers_start_date": null, "program_fertilizers_end_date": null, "created_at": "2026-03-09T08:37:17.799Z", "updated_at": "2026-03-09T08:37:17.799Z"}}, {"model": "sites.sitecensusdata", "pk": 37, "fields": {"site": "52ab5b8f-a011-4108-8e73-7d3964978b7a", "census_year": 17, "community": "0084db9a-c0b1-463e-b6df-4092661154d8", "site_type": "Collection Site", "operator_type": "Retailer", "service_partner": "Aurora Environmental Services", "address_line_1": "168 John Street", "address_line_2": "Apt 5", "address_city": "Barrie", "address_postal_code": "L4N 2L2", "region": "Region 1", "service_area": "Area 5", "address_latitude": "48.1254000", "address_longitude": "85.2547000", "latitude": "48.12540000", "longitude": "85.25470000", "is_active": true, "event_approved": false, "site_start_date": "2026-03-05T11:40:41Z", "site_end_date": null, "program_paint": true, "program_paint_start_date": "2026-03-05T11:40:52Z", "program_paint_end_date": null, "program_lights": false, "program_lights_start_date": null, "program_lights_end_date": null, "program_solvents": false, "program_solvents_start_date": null, "program_solvents_end_date": null, "program_pesticides": false, "program_pesticides_start_date": null, "program_pesticides_end_date": null, "program_fertilizers": false, "program_fertilizers_start_date": null, "program_fertilizers_end_date": null, "created_at": "2026-03-09T08:37:17.801Z", "updated_at": "2026-03-09T08:37:17.801Z"}}, {"model": "sites.sitecensusdata", "pk": 38, "fields": {"site": "06dae40d-f608-4938-9baf-f84d818746c3", "census_year": 18, "community": "0084db9a-c0b1-463e-b6df-4092661154d8", "site_type": "Collection Site", "operator_type": "Distributor", "service_partner": "Partner 5", "address_line_1": "168 John Street", "address_line_2": "Apt 3", "address_city": "City 5", "address_postal_code": "L4N 2L2", "region": "Region 2", "service_area": "Area 2", "address_latitude": "25.2254000", "address_longitude": "45.1285000", "latitude": "25.22540000", "longitude": "45.12850000", "is_active": true, "event_approved": false, "site_start_date": "2026-03-02T06:07:25Z", "site_end_date": null, "program_paint": true, "program_paint_start_date": "2026-03-02T06:07:28Z", "program_paint_end_date": null, "program_lights": false, "program_lights_start_date": null, "program_lights_end_date": null, "program_solvents": false, "program_solvents_start_date": null, "program_solvents_end_date": null, "program_pesticides": false, "program_pesticides_start_date": null, "program_pesticides_end_date": null, "program_fertilizers": false, "program_fertilizers_start_date": null, "program_fertilizers_end_date": null, "created_at": "2026-03-09T08:37:17.872Z", "updated_at": "2026-03-09T08:37:17.872Z"}}, {"model": "sites.sitecensusdata", "pk": 39, "fields": {"site": "4f66792c-1eec-4e56-83e8-2d9a7de5af9c", "census_year": 18, "community": "0173b598-602e-4fb9-8d55-6d97f9e941cb", "site_type": "Collection Site", "operator_type": "Distributor", "service_partner": "Partner 5", "address_line_1": "168 John Street", "address_line_2": "Apt 5", "address_city": "Barrie", "address_postal_code": "L4N 2L2", "region": "Region 1", "service_area": "Area 5", "address_latitude": "45.2587000", "address_longitude": "14.2586000", "latitude": "45.25870000", "longitude": "14.25860000", "is_active": true, "event_approved": false, "site_start_date": "2026-03-02T10:21:58Z", "site_end_date": null, "program_paint": false, "program_paint_start_date": null, "program_paint_end_date": null, "program_lights": true, "program_lights_start_date": "2026-03-02T10:22:13Z", "program_lights_end_date": null, "program_solvents": true, "program_solvents_start_date": "2026-03-02T12:57:15Z", "program_solvents_end_date": "2027-03-02T12:57:17Z", "program_pesticides": false, "program_pesticides_start_date": null, "program_pesticides_end_date": null, "program_fertilizers": false, "program_fertilizers_start_date": null, "program_fertilizers_end_date": null, "created_at": "2026-03-09T08:37:17.876Z", "updated_at": "2026-03-09T08:37:17.876Z"}}, {"model": "sites.sitecensusdata", "pk": 40, "fields": {"site": "da2e5ec8-38fb-482c-838a-f7b290f6a254", "census_year": 18, "community": "53341a0e-79dd-4901-b878-505e2f09f30f", "site_type": "Collection Site", "operator_type": "Retailer", "service_partner": "Partner 5", "address_line_1": "168 John Street", "address_line_2": "Apt 5", "address_city": "Barrie", "address_postal_code": "L4N 2L2", "region": "Region 2", "service_area": "Area 9", "address_latitude": "45.2548000", "address_longitude": "58.2586000", "latitude": "45.25480000", "longitude": "58.25860000", "is_active": true, "event_approved": false, "site_start_date": "2026-03-02T05:58:08Z", "site_end_date": null, "program_paint": true, "program_paint_start_date": "2026-03-02T05:58:14Z", "program_paint_end_date": null, "program_lights": false, "program_lights_start_date": null, "program_lights_end_date": null, "program_solvents": false, "program_solvents_start_date": null, "program_solvents_end_date": null, "program_pesticides": false, "program_pesticides_start_date": null, "program_pesticides_end_date": null, "program_fertilizers": false, "program_fertilizers_start_date": null, "program_fertilizers_end_date": null, "created_at": "2026-03-09T08:37:17.881Z", "updated_at": "2026-03-09T08:37:17.881Z"}}, {"model": "sites.sitecensusdata", "pk": 41, "fields": {"site": "61e8c398-4ecb-410d-ad83-373d50944278", "census_year": 18, "community": "0084db9a-c0b1-463e-b6df-4092661154d8", "site_type": "Collection Site", "operator_type": "Retailer", "service_partner": "Partner 5", "address_line_1": "168 John Street", "address_line_2": "Apt 5", "address_city": "City 5", "address_postal_code": "L4N 2L2", "region": "Region 2", "service_area": "Area 10", "address_latitude": "85.2594000", "address_longitude": "45.2594000", "latitude": "85.25940000", "longitude": "45.25940000", "is_active": true, "event_approved": false, "site_start_date": "2026-03-02T09:13:07Z", "site_end_date": null, "program_paint": false, "program_paint_start_date": null, "program_paint_end_date": null, "program_lights": true, "program_lights_start_date": "2026-03-05T11:59:33Z", "program_lights_end_date": null, "program_solvents": false, "program_solvents_start_date": null, "program_solvents_end_date": null, "program_pesticides": false, "program_pesticides_start_date": null, "program_pesticides_end_date": null, "program_fertilizers": false, "program_fertilizers_start_date": null, "program_fertilizers_end_date": null, "created_at": "2026-03-09T08:37:17.884Z", "updated_at": "2026-03-09T08:37:17.884Z"}}, {"model": "sites.sitecensusdata", "pk": 42, "fields": {"site": "52ab5b8f-a011-4108-8e73-7d3964978b7a", "census_year": 18, "community": "0084db9a-c0b1-463e-b6df-4092661154d8", "site_type": "Collection Site", "operator_type": "Retailer", "service_partner": "Aurora Environmental Services", "address_line_1": "168 John Street", "address_line_2": "Apt 5", "address_city": "Barrie", "address_postal_code": "L4N 2L2", "region": "Region 1", "service_area": "Area 5", "address_latitude": "48.1254000", "address_longitude": "85.2547000", "latitude": "48.12540000", "longitude": "85.25470000", "is_active": true, "event_approved": false, "site_start_date": "2026-03-05T11:40:41Z", "site_end_date": null, "program_paint": true, "program_paint_start_date": "2026-03-05T11:40:52Z", "program_paint_end_date": null, "program_lights": false, "program_lights_start_date": null, "program_lights_end_date": null, "program_solvents": false, "program_solvents_start_date": null, "program_solvents_end_date": null, "program_pesticides": false, "program_pesticides_start_date": null, "program_pesticides_end_date": null, "program_fertilizers": false, "program_fertilizers_start_date": null, "program_fertilizers_end_date": null, "created_at": "2026-03-09T08:37:17.887Z", "updated_at": "2026-03-09T08:37:17.887Z"}}, {"model": "sites.sitecensusdata", "pk": 43, "fields": {"site": "abf87a86-d73a-4fd2-8c17-2c5e616eb06d", "census_year": 13, "community": "b0425424-3c40-414b-a22e-8a4f9a419191", "site_type": "Event", "operator_type": "Distributor", "service_partner": "Partner 10", "address_line_1": "168 John Street", "address_line_2": "Apt 3", "address_city": "City 5", "address_postal_code": "L4N 2L2", "region": "Region 2", "service_area": "Area 10", "address_latitude": "47.2588000", "address_longitude": "84.2556000", "latitude": "47.25880000", "longitude": "84.25560000", "is_active": true, "event_approved": true, "site_start_date": "2026-03-09T13:53:49Z", "site_end_date": null, "program_paint": true, "program_paint_start_date": "2026-03-09T13:53:51Z", "program_paint_end_date": null, "program_lights": true, "program_lights_start_date": "2026-03-09T13:53:59Z", "program_lights_end_date": null, "program_solvents": false, "program_solvents_start_date": null, "program_solvents_end_date": null, "program_pesticides": false, "program_pesticides_start_date": null, "program_pesticides_end_date": null, "program_fertilizers": false, "program_fertilizers_start_date": null, "program_fertilizers_end_date": null, "created_at": "2026-03-09T13:54:02.177Z", "updated_at": "2026-03-09T14:01:11.935Z"}}, {"model": "sites.sitecensusdata", "pk": 45, "fields": {"site": "eb86f80a-b59a-4b8e-a211-10651cfc7242", "census_year": 13, "community": "b0425424-3c40-414b-a22e-8a4f9a419191", "site_type": "Event", "operator_type": "Distributor", "service_partner": "Partner 5", "address_line_1": "168 John Street", "address_line_2": "Apt 5", "address_city": "City 5", "address_postal_code": "L4N 2L2", "region": "Region 1", "service_area": "Area 10", "address_latitude": "98.2541000", "address_longitude": "63.2541000", "latitude": "98.25410000", "longitude": "63.25410000", "is_active": true, "event_approved": true, "site_start_date": "2026-03-09T14:17:52Z", "site_end_date": null, "program_paint": false, "program_paint_start_date": null, "program_paint_end_date": null, "program_lights": true, "program_lights_start_date": "2026-03-09T14:18:09Z", "program_lights_end_date": null, "program_solvents": false, "program_solvents_start_date": null, "program_solvents_end_date": null, "program_pesticides": false, "program_pesticides_start_date": null, "program_pesticides_end_date": null, "program_fertilizers": false, "program_fertilizers_start_date": null, "program_fertilizers_end_date": null, "created_at": "2026-03-09T14:18:17.817Z", "updated_at": "2026-03-09T14:25:13.208Z"}}, {"model": "complaince.compliancecalculation", "pk": 193, "fields": {"community": "53341a0e-79dd-4901-b878-505e2f09f30f", "census_year": 11, "program": "Paint", "required_sites": 0, "actual_sites": 0, "shortfall": 0, "excess": 0, "compliance_rate": "0.00", "calculation_date": "2026-03-02T08:58:53.784Z", "created_by": null, "created_at": "2026-03-02T08:58:53.784Z", "updated_at": "2026-03-05T14:37:17.678Z"}}, {"model": "complaince.compliancecalculation", "pk": 194, "fields": {"community": "53341a0e-79dd-4901-b878-505e2f09f30f", "census_year": 11, "program": "Lighting", "required_sites": 0, "actual_sites": 0, "shortfall": 0, "excess": 0, "compliance_rate": "0.00", "calculation_date": "2026-03-02T08:58:53.789Z", "created_by": null, "created_at": "2026-03-02T08:58:53.789Z", "updated_at": "2026-03-05T14:37:17.681Z"}}, {"model": "complaince.compliancecalculation", "pk": 195, "fields": {"community": "53341a0e-79dd-4901-b878-505e2f09f30f", "census_year": 11, "program": "Solvents", "required_sites": 0, "actual_sites": 0, "shortfall": 0, "excess": 0, "compliance_rate": "0.00", "calculation_date": "2026-03-02T08:58:53.794Z", "created_by": null, "created_at": "2026-03-02T08:58:53.794Z", "updated_at": "2026-03-05T14:37:17.683Z"}}, {"model": "complaince.compliancecalculation", "pk": 196, "fields": {"community": "53341a0e-79dd-4901-b878-505e2f09f30f", "census_year": 11, "program": "Pesticides", "required_sites": 0, "actual_sites": 0, "shortfall": 0, "excess": 0, "compliance_rate": "0.00", "calculation_date": "2026-03-02T08:58:53.802Z", "created_by": null, "created_at": "2026-03-02T08:58:53.802Z", "updated_at": "2026-03-05T14:37:17.685Z"}}, {"model": "complaince.compliancecalculation", "pk": 197, "fields": {"community": "ab579d13-f2c0-4520-a835-ed10ee67ba11", "census_year": 11, "program": "Paint", "required_sites": 0, "actual_sites": 0, "shortfall": 0, "excess": 0, "compliance_rate": "0.00", "calculation_date": "2026-03-02T09:06:06.960Z", "created_by": null, "created_at": "2026-03-02T09:06:06.960Z", "updated_at": "2026-03-05T14:37:19.697Z"}}, {"model": "complaince.compliancecalculation", "pk": 198, "fields": {"community": "ab579d13-f2c0-4520-a835-ed10ee67ba11", "census_year": 11, "program": "Lighting", "required_sites": 0, "actual_sites": 0, "shortfall": 0, "excess": 0, "compliance_rate": "0.00", "calculation_date": "2026-03-02T09:06:06.967Z", "created_by": null, "created_at": "2026-03-02T09:06:06.967Z", "updated_at": "2026-03-05T14:37:19.700Z"}}, {"model": "complaince.compliancecalculation", "pk": 199, "fields": {"community": "ab579d13-f2c0-4520-a835-ed10ee67ba11", "census_year": 11, "program": "Solvents", "required_sites": 0, "actual_sites": 0, "shortfall": 0, "excess": 0, "compliance_rate": "0.00", "calculation_date": "2026-03-02T09:06:06.971Z", "created_by": null, "created_at": "2026-03-02T09:06:06.971Z", "updated_at": "2026-03-05T14:37:19.703Z"}}, {"model": "complaince.compliancecalculation", "pk": 200, "fields": {"community": "ab579d13-f2c0-4520-a835-ed10ee67ba11", "census_year": 11, "program": "Pesticides", "required_sites": 0, "actual_sites": 0, "shortfall": 0, "excess": 0, "compliance_rate": "0.00", "calculation_date": "2026-03-02T09:06:06.976Z", "created_by": null, "created_at": "2026-03-02T09:06:06.976Z", "updated_at": "2026-03-05T14:37:19.706Z"}}, {"model": "complaince.compliancecalculation", "pk": 209, "fields": {"community": "0173b598-602e-4fb9-8d55-6d97f9e941cb", "census_year": 13, "program": "Paint", "required_sites": 3, "actual_sites": 0, "shortfall": 3, "excess": 0, "compliance_rate": "0.00", "calculation_date": "2026-03-02T10:15:47.830Z", "created_by": null, "created_at": "2026-03-02T10:15:47.830Z", "updated_at": "2026-03-05T14:37:17.698Z"}}, {"model": "complaince.compliancecalculation", "pk": 210, "fields": {"community": "0173b598-602e-4fb9-8d55-6d97f9e941cb", "census_year": 13, "program": "Lighting", "required_sites": 0, "actual_sites": 0, "shortfall": 0, "excess": 0, "compliance_rate": "0.00", "calculation_date": "2026-03-02T10:15:47.834Z", "created_by": null, "created_at": "2026-03-02T10:15:47.834Z", "updated_at": "2026-03-05T14:37:17.700Z"}}, {"model": "complaince.compliancecalculation", "pk": 211, "fields": {"community": "0173b598-602e-4fb9-8d55-6d97f9e941cb", "census_year": 13, "program": "Solvents", "required_sites": 0, "actual_sites": 0, "shortfall": 0, "excess": 0, "compliance_rate": "0.00", "calculation_date": "2026-03-02T10:15:47.840Z", "created_by": null, "created_at": "2026-03-02T10:15:47.840Z", "updated_at": "2026-03-05T14:37:17.702Z"}}, {"model": "complaince.compliancecalculation", "pk": 212, "fields": {"community": "0173b598-602e-4fb9-8d55-6d97f9e941cb", "census_year": 13, "program": "Pesticides", "required_sites": 0, "actual_sites": 0, "shortfall": 0, "excess": 0, "compliance_rate": "0.00", "calculation_date": "2026-03-02T10:15:47.844Z", "created_by": null, "created_at": "2026-03-02T10:15:47.844Z", "updated_at": "2026-03-05T14:37:17.704Z"}}, {"model": "complaince.compliancecalculation", "pk": 213, "fields": {"community": "53341a0e-79dd-4901-b878-505e2f09f30f", "census_year": 13, "program": "Paint", "required_sites": 0, "actual_sites": 0, "shortfall": 0, "excess": 0, "compliance_rate": "0.00", "calculation_date": "2026-03-02T10:19:59.802Z", "created_by": null, "created_at": "2026-03-02T10:19:59.802Z", "updated_at": "2026-03-02T10:48:49.683Z"}}, {"model": "complaince.compliancecalculation", "pk": 214, "fields": {"community": "53341a0e-79dd-4901-b878-505e2f09f30f", "census_year": 13, "program": "Lighting", "required_sites": 0, "actual_sites": 0, "shortfall": 0, "excess": 0, "compliance_rate": "0.00", "calculation_date": "2026-03-02T10:19:59.804Z", "created_by": null, "created_at": "2026-03-02T10:19:59.804Z", "updated_at": "2026-03-02T10:48:49.689Z"}}, {"model": "complaince.compliancecalculation", "pk": 215, "fields": {"community": "53341a0e-79dd-4901-b878-505e2f09f30f", "census_year": 13, "program": "Solvents", "required_sites": 0, "actual_sites": 0, "shortfall": 0, "excess": 0, "compliance_rate": "0.00", "calculation_date": "2026-03-02T10:19:59.806Z", "created_by": null, "created_at": "2026-03-02T10:19:59.806Z", "updated_at": "2026-03-02T10:48:49.694Z"}}, {"model": "complaince.compliancecalculation", "pk": 216, "fields": {"community": "53341a0e-79dd-4901-b878-505e2f09f30f", "census_year": 13, "program": "Pesticides", "required_sites": 0, "actual_sites": 0, "shortfall": 0, "excess": 0, "compliance_rate": "0.00", "calculation_date": "2026-03-02T10:19:59.807Z", "created_by": null, "created_at": "2026-03-02T10:19:59.808Z", "updated_at": "2026-03-02T10:48:49.701Z"}}, {"model": "complaince.compliancecalculation", "pk": 217, "fields": {"community": "0084db9a-c0b1-463e-b6df-4092661154d8", "census_year": 13, "program": "Paint", "required_sites": 1, "actual_sites": 2, "shortfall": 0, "excess": 1, "compliance_rate": "100.00", "calculation_date": "2026-03-02T10:23:53.435Z", "created_by": null, "created_at": "2026-03-02T10:23:53.435Z", "updated_at": "2026-03-05T14:37:17.714Z"}}, {"model": "complaince.compliancecalculation", "pk": 218, "fields": {"community": "0084db9a-c0b1-463e-b6df-4092661154d8", "census_year": 13, "program": "Lighting", "required_sites": 0, "actual_sites": 0, "shortfall": 0, "excess": 0, "compliance_rate": "0.00", "calculation_date": "2026-03-02T10:23:53.440Z", "created_by": null, "created_at": "2026-03-02T10:23:53.440Z", "updated_at": "2026-03-05T14:37:17.716Z"}}, {"model": "complaince.compliancecalculation", "pk": 219, "fields": {"community": "0084db9a-c0b1-463e-b6df-4092661154d8", "census_year": 13, "program": "Solvents", "required_sites": 0, "actual_sites": 0, "shortfall": 0, "excess": 0, "compliance_rate": "0.00", "calculation_date": "2026-03-02T10:23:53.444Z", "created_by": null, "created_at": "2026-03-02T10:23:53.444Z", "updated_at": "2026-03-09T13:55:42.067Z"}}, {"model": "complaince.compliancecalculation", "pk": 220, "fields": {"community": "0084db9a-c0b1-463e-b6df-4092661154d8", "census_year": 13, "program": "Pesticides", "required_sites": 0, "actual_sites": 0, "shortfall": 0, "excess": 0, "compliance_rate": "0.00", "calculation_date": "2026-03-02T10:23:53.448Z", "created_by": null, "created_at": "2026-03-02T10:23:53.448Z", "updated_at": "2026-03-05T14:37:17.720Z"}}, {"model": "complaince.compliancecalculation", "pk": 221, "fields": {"community": "53341a0e-79dd-4901-b878-505e2f09f30f", "census_year": 4, "program": "Paint", "required_sites": 15, "actual_sites": 2, "shortfall": 13, "excess": 0, "compliance_rate": "13.33", "calculation_date": "2026-03-02T10:59:37.713Z", "created_by": null, "created_at": "2026-03-02T10:59:37.713Z", "updated_at": "2026-03-05T14:37:18.682Z"}}, {"model": "complaince.compliancecalculation", "pk": 222, "fields": {"community": "53341a0e-79dd-4901-b878-505e2f09f30f", "census_year": 4, "program": "Lighting", "required_sites": 0, "actual_sites": 0, "shortfall": 0, "excess": 0, "compliance_rate": "0.00", "calculation_date": "2026-03-02T10:59:37.718Z", "created_by": null, "created_at": "2026-03-02T10:59:37.718Z", "updated_at": "2026-03-05T14:37:18.684Z"}}, {"model": "complaince.compliancecalculation", "pk": 223, "fields": {"community": "53341a0e-79dd-4901-b878-505e2f09f30f", "census_year": 4, "program": "Solvents", "required_sites": 0, "actual_sites": 0, "shortfall": 0, "excess": 0, "compliance_rate": "0.00", "calculation_date": "2026-03-02T10:59:37.722Z", "created_by": null, "created_at": "2026-03-02T10:59:37.722Z", "updated_at": "2026-03-05T14:37:18.686Z"}}, {"model": "complaince.compliancecalculation", "pk": 224, "fields": {"community": "53341a0e-79dd-4901-b878-505e2f09f30f", "census_year": 4, "program": "Pesticides", "required_sites": 0, "actual_sites": 0, "shortfall": 0, "excess": 0, "compliance_rate": "0.00", "calculation_date": "2026-03-02T10:59:37.728Z", "created_by": null, "created_at": "2026-03-02T10:59:37.728Z", "updated_at": "2026-03-05T14:37:18.688Z"}}, {"model": "complaince.compliancecalculation", "pk": 225, "fields": {"community": "ab579d13-f2c0-4520-a835-ed10ee67ba11", "census_year": 4, "program": "Paint", "required_sites": 2, "actual_sites": 0, "shortfall": 2, "excess": 0, "compliance_rate": "0.00", "calculation_date": "2026-03-02T11:20:13.639Z", "created_by": null, "created_at": "2026-03-02T11:20:13.639Z", "updated_at": "2026-03-05T14:37:17.663Z"}}, {"model": "complaince.compliancecalculation", "pk": 226, "fields": {"community": "ab579d13-f2c0-4520-a835-ed10ee67ba11", "census_year": 4, "program": "Lighting", "required_sites": 0, "actual_sites": 0, "shortfall": 0, "excess": 0, "compliance_rate": "0.00", "calculation_date": "2026-03-02T11:20:13.644Z", "created_by": null, "created_at": "2026-03-02T11:20:13.644Z", "updated_at": "2026-03-05T14:37:17.666Z"}}, {"model": "complaince.compliancecalculation", "pk": 227, "fields": {"community": "ab579d13-f2c0-4520-a835-ed10ee67ba11", "census_year": 4, "program": "Solvents", "required_sites": 0, "actual_sites": 0, "shortfall": 0, "excess": 0, "compliance_rate": "0.00", "calculation_date": "2026-03-02T11:20:13.649Z", "created_by": null, "created_at": "2026-03-02T11:20:13.649Z", "updated_at": "2026-03-05T14:37:17.668Z"}}, {"model": "complaince.compliancecalculation", "pk": 228, "fields": {"community": "ab579d13-f2c0-4520-a835-ed10ee67ba11", "census_year": 4, "program": "Pesticides", "required_sites": 0, "actual_sites": 0, "shortfall": 0, "excess": 0, "compliance_rate": "0.00", "calculation_date": "2026-03-02T11:20:13.653Z", "created_by": null, "created_at": "2026-03-02T11:20:13.653Z", "updated_at": "2026-03-05T14:37:17.671Z"}}, {"model": "complaince.compliancecalculation", "pk": 229, "fields": {"community": "53341a0e-79dd-4901-b878-505e2f09f30f", "census_year": 12, "program": "Paint", "required_sites": 0, "actual_sites": 0, "shortfall": 0, "excess": 0, "compliance_rate": "0.00", "calculation_date": "2026-03-05T11:26:11.805Z", "created_by": null, "created_at": "2026-03-05T11:26:11.805Z", "updated_at": "2026-03-05T14:37:18.698Z"}}, {"model": "complaince.compliancecalculation", "pk": 230, "fields": {"community": "53341a0e-79dd-4901-b878-505e2f09f30f", "census_year": 12, "program": "Lighting", "required_sites": 0, "actual_sites": 0, "shortfall": 0, "excess": 0, "compliance_rate": "0.00", "calculation_date": "2026-03-05T11:26:11.809Z", "created_by": null, "created_at": "2026-03-05T11:26:11.809Z", "updated_at": "2026-03-05T14:37:18.700Z"}}, {"model": "complaince.compliancecalculation", "pk": 231, "fields": {"community": "53341a0e-79dd-4901-b878-505e2f09f30f", "census_year": 12, "program": "Solvents", "required_sites": 0, "actual_sites": 0, "shortfall": 0, "excess": 0, "compliance_rate": "0.00", "calculation_date": "2026-03-05T11:26:11.812Z", "created_by": null, "created_at": "2026-03-05T11:26:11.812Z", "updated_at": "2026-03-05T14:37:18.701Z"}}, {"model": "complaince.compliancecalculation", "pk": 232, "fields": {"community": "53341a0e-79dd-4901-b878-505e2f09f30f", "census_year": 12, "program": "Pesticides", "required_sites": 0, "actual_sites": 0, "shortfall": 0, "excess": 0, "compliance_rate": "0.00", "calculation_date": "2026-03-05T11:26:11.815Z", "created_by": null, "created_at": "2026-03-05T11:26:11.815Z", "updated_at": "2026-03-05T14:37:18.703Z"}}, {"model": "complaince.compliancecalculation", "pk": 237, "fields": {"community": "1f59aa2e-4886-4c68-84fc-e07bb845ddb5", "census_year": 12, "program": "Paint", "required_sites": 0, "actual_sites": 0, "shortfall": 0, "excess": 0, "compliance_rate": "0.00", "calculation_date": "2026-03-09T13:55:42.016Z", "created_by": null, "created_at": "2026-03-09T13:55:42.016Z", "updated_at": "2026-03-09T13:55:42.016Z"}}, {"model": "complaince.compliancecalculation", "pk": 238, "fields": {"community": "1f59aa2e-4886-4c68-84fc-e07bb845ddb5", "census_year": 12, "program": "Lighting", "required_sites": 0, "actual_sites": 0, "shortfall": 0, "excess": 0, "compliance_rate": "0.00", "calculation_date": "2026-03-09T13:55:42.022Z", "created_by": null, "created_at": "2026-03-09T13:55:42.022Z", "updated_at": "2026-03-09T13:55:42.022Z"}}, {"model": "complaince.compliancecalculation", "pk": 239, "fields": {"community": "1f59aa2e-4886-4c68-84fc-e07bb845ddb5", "census_year": 12, "program": "Solvents", "required_sites": 0, "actual_sites": 0, "shortfall": 0, "excess": 0, "compliance_rate": "0.00", "calculation_date": "2026-03-09T13:55:42.026Z", "created_by": null, "created_at": "2026-03-09T13:55:42.026Z", "updated_at": "2026-03-09T13:55:42.026Z"}}, {"model": "complaince.compliancecalculation", "pk": 240, "fields": {"community": "1f59aa2e-4886-4c68-84fc-e07bb845ddb5", "census_year": 12, "program": "Pesticides", "required_sites": 0, "actual_sites": 0, "shortfall": 0, "excess": 0, "compliance_rate": "0.00", "calculation_date": "2026-03-09T13:55:42.031Z", "created_by": null, "created_at": "2026-03-09T13:55:42.031Z", "updated_at": "2026-03-09T13:55:42.031Z"}}, {"model": "complaince.compliancecalculation", "pk": 241, "fields": {"community": "e5821f4a-e84f-4a48-a5c5-c3025f7592a7", "census_year": 13, "program": "Paint", "required_sites": 0, "actual_sites": 0, "shortfall": 0, "excess": 0, "compliance_rate": "0.00", "calculation_date": "2026-03-09T13:55:42.051Z", "created_by": null, "created_at": "2026-03-09T13:55:42.051Z", "updated_at": "2026-03-09T13:55:42.051Z"}}, {"model": "complaince.compliancecalculation", "pk": 242, "fields": {"community": "e5821f4a-e84f-4a48-a5c5-c3025f7592a7", "census_year": 13, "program": "Lighting", "required_sites": 0, "actual_sites": 0, "shortfall": 0, "excess": 0, "compliance_rate": "0.00", "calculation_date": "2026-03-09T13:55:42.054Z", "created_by": null, "created_at": "2026-03-09T13:55:42.054Z", "updated_at": "2026-03-09T13:55:42.054Z"}}, {"model": "complaince.compliancecalculation", "pk": 243, "fields": {"community": "e5821f4a-e84f-4a48-a5c5-c3025f7592a7", "census_year": 13, "program": "Solvents", "required_sites": 0, "actual_sites": 0, "shortfall": 0, "excess": 0, "compliance_rate": "0.00", "calculation_date": "2026-03-09T13:55:42.055Z", "created_by": null, "created_at": "2026-03-09T13:55:42.055Z", "updated_at": "2026-03-09T13:55:42.055Z"}}, {"model": "complaince.compliancecalculation", "pk": 244, "fields": {"community": "e5821f4a-e84f-4a48-a5c5-c3025f7592a7", "census_year": 13, "program": "Pesticides", "required_sites": 0, "actual_sites": 0, "shortfall": 0, "excess": 0, "compliance_rate": "0.00", "calculation_date": "2026-03-09T13:55:42.057Z", "created_by": null, "created_at": "2026-03-09T13:55:42.057Z", "updated_at": "2026-03-09T13:55:42.057Z"}}, {"model": "complaince.compliancecalculation", "pk": 245, "fields": {"community": "ab579d13-f2c0-4520-a835-ed10ee67ba11", "census_year": 17, "program": "Paint", "required_sites": 15, "actual_sites": 0, "shortfall": 15, "excess": 0, "compliance_rate": "0.00", "calculation_date": "2026-03-09T13:55:42.088Z", "created_by": null, "created_at": "2026-03-09T13:55:42.088Z", "updated_at": "2026-03-09T13:55:44.601Z"}}, {"model": "complaince.compliancecalculation", "pk": 246, "fields": {"community": "ab579d13-f2c0-4520-a835-ed10ee67ba11", "census_year": 17, "program": "Lighting", "required_sites": 0, "actual_sites": 0, "shortfall": 0, "excess": 0, "compliance_rate": "0.00", "calculation_date": "2026-03-09T13:55:42.091Z", "created_by": null, "created_at": "2026-03-09T13:55:42.091Z", "updated_at": "2026-03-09T13:55:44.603Z"}}, {"model": "complaince.compliancecalculation", "pk": 247, "fields": {"community": "ab579d13-f2c0-4520-a835-ed10ee67ba11", "census_year": 17, "program": "Solvents", "required_sites": 0, "actual_sites": 0, "shortfall": 0, "excess": 0, "compliance_rate": "0.00", "calculation_date": "2026-03-09T13:55:42.097Z", "created_by": null, "created_at": "2026-03-09T13:55:42.097Z", "updated_at": "2026-03-09T13:55:44.605Z"}}, {"model": "complaince.compliancecalculation", "pk": 248, "fields": {"community": "ab579d13-f2c0-4520-a835-ed10ee67ba11", "census_year": 17, "program": "Pesticides", "required_sites": 0, "actual_sites": 0, "shortfall": 0, "excess": 0, "compliance_rate": "0.00", "calculation_date": "2026-03-09T13:55:42.100Z", "created_by": null, "created_at": "2026-03-09T13:55:42.100Z", "updated_at": "2026-03-09T13:55:44.607Z"}}, {"model": "complaince.compliancecalculation", "pk": 249, "fields": {"community": "0173b598-602e-4fb9-8d55-6d97f9e941cb", "census_year": 17, "program": "Solvents", "required_sites": 0, "actual_sites": 0, "shortfall": 0, "excess": 0, "compliance_rate": "0.00", "calculation_date": "2026-03-09T13:55:42.106Z", "created_by": null, "created_at": "2026-03-09T13:55:42.106Z", "updated_at": "2026-03-09T13:55:49.553Z"}}, {"model": "complaince.compliancecalculation", "pk": 250, "fields": {"community": "53341a0e-79dd-4901-b878-505e2f09f30f", "census_year": 17, "program": "Paint", "required_sites": 0, "actual_sites": 0, "shortfall": 0, "excess": 0, "compliance_rate": "0.00", "calculation_date": "2026-03-09T13:55:42.112Z", "created_by": null, "created_at": "2026-03-09T13:55:42.112Z", "updated_at": "2026-03-09T13:55:43.540Z"}}, {"model": "complaince.compliancecalculation", "pk": 251, "fields": {"community": "53341a0e-79dd-4901-b878-505e2f09f30f", "census_year": 17, "program": "Lighting", "required_sites": 0, "actual_sites": 0, "shortfall": 0, "excess": 0, "compliance_rate": "0.00", "calculation_date": "2026-03-09T13:55:42.115Z", "created_by": null, "created_at": "2026-03-09T13:55:42.115Z", "updated_at": "2026-03-09T13:55:42.228Z"}}, {"model": "complaince.compliancecalculation", "pk": 252, "fields": {"community": "53341a0e-79dd-4901-b878-505e2f09f30f", "census_year": 17, "program": "Solvents", "required_sites": 0, "actual_sites": 0, "shortfall": 0, "excess": 0, "compliance_rate": "0.00", "calculation_date": "2026-03-09T13:55:42.117Z", "created_by": null, "created_at": "2026-03-09T13:55:42.117Z", "updated_at": "2026-03-09T13:55:42.232Z"}}, {"model": "complaince.compliancecalculation", "pk": 253, "fields": {"community": "53341a0e-79dd-4901-b878-505e2f09f30f", "census_year": 17, "program": "Pesticides", "required_sites": 0, "actual_sites": 0, "shortfall": 0, "excess": 0, "compliance_rate": "0.00", "calculation_date": "2026-03-09T13:55:42.119Z", "created_by": null, "created_at": "2026-03-09T13:55:42.119Z", "updated_at": "2026-03-09T13:55:42.234Z"}}, {"model": "complaince.compliancecalculation", "pk": 254, "fields": {"community": "0173b598-602e-4fb9-8d55-6d97f9e941cb", "census_year": 17, "program": "Paint", "required_sites": 3, "actual_sites": 0, "shortfall": 3, "excess": 0, "compliance_rate": "0.00", "calculation_date": "2026-03-09T13:55:42.136Z", "created_by": null, "created_at": "2026-03-09T13:55:42.136Z", "updated_at": "2026-03-09T13:55:49.549Z"}}, {"model": "complaince.compliancecalculation", "pk": 255, "fields": {"community": "0173b598-602e-4fb9-8d55-6d97f9e941cb", "census_year": 17, "program": "Lighting", "required_sites": 0, "actual_sites": 0, "shortfall": 0, "excess": 0, "compliance_rate": "0.00", "calculation_date": "2026-03-09T13:55:42.139Z", "created_by": null, "created_at": "2026-03-09T13:55:42.139Z", "updated_at": "2026-03-09T13:55:49.551Z"}}, {"model": "complaince.compliancecalculation", "pk": 256, "fields": {"community": "0173b598-602e-4fb9-8d55-6d97f9e941cb", "census_year": 17, "program": "Pesticides", "required_sites": 0, "actual_sites": 0, "shortfall": 0, "excess": 0, "compliance_rate": "0.00", "calculation_date": "2026-03-09T13:55:42.146Z", "created_by": null, "created_at": "2026-03-09T13:55:42.146Z", "updated_at": "2026-03-09T13:55:49.554Z"}}, {"model": "complaince.compliancecalculation", "pk": 257, "fields": {"community": "0173b598-602e-4fb9-8d55-6d97f9e941cb", "census_year": 18, "program": "Lighting", "required_sites": 0, "actual_sites": 0, "shortfall": 0, "excess": 0, "compliance_rate": "0.00", "calculation_date": "2026-03-09T13:55:42.153Z", "created_by": null, "created_at": "2026-03-09T13:55:42.153Z", "updated_at": "2026-03-09T13:55:46.541Z"}}, {"model": "complaince.compliancecalculation", "pk": 258, "fields": {"community": "0173b598-602e-4fb9-8d55-6d97f9e941cb", "census_year": 18, "program": "Solvents", "required_sites": 0, "actual_sites": 0, "shortfall": 0, "excess": 0, "compliance_rate": "0.00", "calculation_date": "2026-03-09T13:55:42.160Z", "created_by": null, "created_at": "2026-03-09T13:55:42.160Z", "updated_at": "2026-03-09T13:55:46.543Z"}}, {"model": "complaince.compliancecalculation", "pk": 259, "fields": {"community": "53341a0e-79dd-4901-b878-505e2f09f30f", "census_year": 18, "program": "Paint", "required_sites": 0, "actual_sites": 0, "shortfall": 0, "excess": 0, "compliance_rate": "0.00", "calculation_date": "2026-03-09T13:55:42.166Z", "created_by": null, "created_at": "2026-03-09T13:55:42.166Z", "updated_at": "2026-03-09T13:55:43.685Z"}}, {"model": "complaince.compliancecalculation", "pk": 260, "fields": {"community": "53341a0e-79dd-4901-b878-505e2f09f30f", "census_year": 18, "program": "Lighting", "required_sites": 0, "actual_sites": 0, "shortfall": 0, "excess": 0, "compliance_rate": "0.00", "calculation_date": "2026-03-09T13:55:42.169Z", "created_by": null, "created_at": "2026-03-09T13:55:42.169Z", "updated_at": "2026-03-09T13:55:42.288Z"}}, {"model": "complaince.compliancecalculation", "pk": 261, "fields": {"community": "53341a0e-79dd-4901-b878-505e2f09f30f", "census_year": 18, "program": "Solvents", "required_sites": 0, "actual_sites": 0, "shortfall": 0, "excess": 0, "compliance_rate": "0.00", "calculation_date": "2026-03-09T13:55:42.171Z", "created_by": null, "created_at": "2026-03-09T13:55:42.171Z", "updated_at": "2026-03-09T13:55:42.291Z"}}, {"model": "complaince.compliancecalculation", "pk": 262, "fields": {"community": "53341a0e-79dd-4901-b878-505e2f09f30f", "census_year": 18, "program": "Pesticides", "required_sites": 0, "actual_sites": 0, "shortfall": 0, "excess": 0, "compliance_rate": "0.00", "calculation_date": "2026-03-09T13:55:42.174Z", "created_by": null, "created_at": "2026-03-09T13:55:42.174Z", "updated_at": "2026-03-09T13:55:42.293Z"}}, {"model": "complaince.compliancecalculation", "pk": 263, "fields": {"community": "0084db9a-c0b1-463e-b6df-4092661154d8", "census_year": 18, "program": "Paint", "required_sites": 1, "actual_sites": 2, "shortfall": 0, "excess": 1, "compliance_rate": "100.00", "calculation_date": "2026-03-09T13:55:42.185Z", "created_by": null, "created_at": "2026-03-09T13:55:42.185Z", "updated_at": "2026-03-09T13:55:49.635Z"}}, {"model": "complaince.compliancecalculation", "pk": 264, "fields": {"community": "0084db9a-c0b1-463e-b6df-4092661154d8", "census_year": 18, "program": "Lighting", "required_sites": 0, "actual_sites": 0, "shortfall": 0, "excess": 0, "compliance_rate": "0.00", "calculation_date": "2026-03-09T13:55:42.189Z", "created_by": null, "created_at": "2026-03-09T13:55:42.189Z", "updated_at": "2026-03-09T13:55:49.637Z"}}, {"model": "complaince.compliancecalculation", "pk": 265, "fields": {"community": "0084db9a-c0b1-463e-b6df-4092661154d8", "census_year": 18, "program": "Solvents", "required_sites": 0, "actual_sites": 0, "shortfall": 0, "excess": 0, "compliance_rate": "0.00", "calculation_date": "2026-03-09T13:55:42.192Z", "created_by": null, "created_at": "2026-03-09T13:55:42.192Z", "updated_at": "2026-03-09T13:55:49.639Z"}}, {"model": "complaince.compliancecalculation", "pk": 266, "fields": {"community": "0084db9a-c0b1-463e-b6df-4092661154d8", "census_year": 18, "program": "Pesticides", "required_sites": 0, "actual_sites": 0, "shortfall": 0, "excess": 0, "compliance_rate": "0.00", "calculation_date": "2026-03-09T13:55:42.196Z", "created_by": null, "created_at": "2026-03-09T13:55:42.196Z", "updated_at": "2026-03-09T13:55:49.641Z"}}, {"model": "complaince.compliancecalculation", "pk": 267, "fields": {"community": "0084db9a-c0b1-463e-b6df-4092661154d8", "census_year": 17, "program": "Paint", "required_sites": 1, "actual_sites": 2, "shortfall": 0, "excess": 1, "compliance_rate": "100.00", "calculation_date": "2026-03-09T13:55:42.209Z", "created_by": null, "created_at": "2026-03-09T13:55:42.209Z", "updated_at": "2026-03-09T13:55:45.390Z"}}, {"model": "complaince.compliancecalculation", "pk": 268, "fields": {"community": "83783754-98f4-4e07-a009-fa3fdf95191a", "census_year": 4, "program": "Paint", "required_sites": 0, "actual_sites": 0, "shortfall": 0, "excess": 0, "compliance_rate": "0.00", "calculation_date": "2026-03-09T13:55:42.316Z", "created_by": null, "created_at": "2026-03-09T13:55:42.316Z", "updated_at": "2026-03-09T13:55:42.316Z"}}, {"model": "complaince.compliancecalculation", "pk": 269, "fields": {"community": "83783754-98f4-4e07-a009-fa3fdf95191a", "census_year": 4, "program": "Lighting", "required_sites": 0, "actual_sites": 0, "shortfall": 0, "excess": 0, "compliance_rate": "0.00", "calculation_date": "2026-03-09T13:55:42.319Z", "created_by": null, "created_at": "2026-03-09T13:55:42.319Z", "updated_at": "2026-03-09T13:55:42.319Z"}}, {"model": "complaince.compliancecalculation", "pk": 270, "fields": {"community": "83783754-98f4-4e07-a009-fa3fdf95191a", "census_year": 4, "program": "Solvents", "required_sites": 0, "actual_sites": 0, "shortfall": 0, "excess": 0, "compliance_rate": "0.00", "calculation_date": "2026-03-09T13:55:42.321Z", "created_by": null, "created_at": "2026-03-09T13:55:42.321Z", "updated_at": "2026-03-09T13:55:42.321Z"}}, {"model": "complaince.compliancecalculation", "pk": 271, "fields": {"community": "83783754-98f4-4e07-a009-fa3fdf95191a", "census_year": 4, "program": "Pesticides", "required_sites": 0, "actual_sites": 0, "shortfall": 0, "excess": 0, "compliance_rate": "0.00", "calculation_date": "2026-03-09T13:55:42.323Z", "created_by": null, "created_at": "2026-03-09T13:55:42.323Z", "updated_at": "2026-03-09T13:55:42.323Z"}}, {"model": "complaince.compliancecalculation", "pk": 272, "fields": {"community": "b0425424-3c40-414b-a22e-8a4f9a419191", "census_year": 13, "program": "Lighting", "required_sites": 0, "actual_sites": 0, "shortfall": 0, "excess": 0, "compliance_rate": "0.00", "calculation_date": "2026-03-09T13:55:42.333Z", "created_by": null, "created_at": "2026-03-09T13:55:42.333Z", "updated_at": "2026-03-09T14:25:14.299Z"}}, {"model": "complaince.compliancecalculation", "pk": 273, "fields": {"community": "1f59aa2e-4886-4c68-84fc-e07bb845ddb5", "census_year": 13, "program": "Paint", "required_sites": 15, "actual_sites": 0, "shortfall": 15, "excess": 0, "compliance_rate": "0.00", "calculation_date": "2026-03-09T13:55:42.345Z", "created_by": null, "created_at": "2026-03-09T13:55:42.345Z", "updated_at": "2026-03-09T13:55:42.496Z"}}, {"model": "complaince.compliancecalculation", "pk": 274, "fields": {"community": "1f59aa2e-4886-4c68-84fc-e07bb845ddb5", "census_year": 13, "program": "Lighting", "required_sites": 0, "actual_sites": 0, "shortfall": 0, "excess": 0, "compliance_rate": "0.00", "calculation_date": "2026-03-09T13:55:42.350Z", "created_by": null, "created_at": "2026-03-09T13:55:42.350Z", "updated_at": "2026-03-09T13:55:42.499Z"}}, {"model": "complaince.compliancecalculation", "pk": 275, "fields": {"community": "1f59aa2e-4886-4c68-84fc-e07bb845ddb5", "census_year": 13, "program": "Solvents", "required_sites": 0, "actual_sites": 0, "shortfall": 0, "excess": 0, "compliance_rate": "0.00", "calculation_date": "2026-03-09T13:55:42.353Z", "created_by": null, "created_at": "2026-03-09T13:55:42.353Z", "updated_at": "2026-03-09T13:55:42.501Z"}}, {"model": "complaince.compliancecalculation", "pk": 276, "fields": {"community": "1f59aa2e-4886-4c68-84fc-e07bb845ddb5", "census_year": 13, "program": "Pesticides", "required_sites": 0, "actual_sites": 0, "shortfall": 0, "excess": 0, "compliance_rate": "0.00", "calculation_date": "2026-03-09T13:55:42.356Z", "created_by": null, "created_at": "2026-03-09T13:55:42.356Z", "updated_at": "2026-03-09T13:55:42.504Z"}}, {"model": "complaince.compliancecalculation", "pk": 277, "fields": {"community": "923cf29b-47f3-4df0-b367-fa807fc889a1", "census_year": 17, "program": "Paint", "required_sites": 15, "actual_sites": 0, "shortfall": 15, "excess": 0, "compliance_rate": "0.00", "calculation_date": "2026-03-09T13:55:42.367Z", "created_by": null, "created_at": "2026-03-09T13:55:42.367Z", "updated_at": "2026-03-09T13:55:42.367Z"}}, {"model": "complaince.compliancecalculation", "pk": 278, "fields": {"community": "923cf29b-47f3-4df0-b367-fa807fc889a1", "census_year": 17, "program": "Lighting", "required_sites": 0, "actual_sites": 0, "shortfall": 0, "excess": 0, "compliance_rate": "0.00", "calculation_date": "2026-03-09T13:55:42.371Z", "created_by": null, "created_at": "2026-03-09T13:55:42.371Z", "updated_at": "2026-03-09T13:55:42.371Z"}}, {"model": "complaince.compliancecalculation", "pk": 279, "fields": {"community": "923cf29b-47f3-4df0-b367-fa807fc889a1", "census_year": 17, "program": "Solvents", "required_sites": 0, "actual_sites": 0, "shortfall": 0, "excess": 0, "compliance_rate": "0.00", "calculation_date": "2026-03-09T13:55:42.374Z", "created_by": null, "created_at": "2026-03-09T13:55:42.374Z", "updated_at": "2026-03-09T13:55:42.374Z"}}, {"model": "complaince.compliancecalculation", "pk": 280, "fields": {"community": "923cf29b-47f3-4df0-b367-fa807fc889a1", "census_year": 17, "program": "Pesticides", "required_sites": 0, "actual_sites": 0, "shortfall": 0, "excess": 0, "compliance_rate": "0.00", "calculation_date": "2026-03-09T13:55:42.377Z", "created_by": null, "created_at": "2026-03-09T13:55:42.377Z", "updated_at": "2026-03-09T13:55:42.377Z"}}, {"model": "complaince.compliancecalculation", "pk": 281, "fields": {"community": "0084db9a-c0b1-463e-b6df-4092661154d8", "census_year": 17, "program": "Lighting", "required_sites": 0, "actual_sites": 0, "shortfall": 0, "excess": 0, "compliance_rate": "0.00", "calculation_date": "2026-03-09T13:55:42.388Z", "created_by": null, "created_at": "2026-03-09T13:55:42.388Z", "updated_at": "2026-03-09T13:55:45.392Z"}}, {"model": "complaince.compliancecalculation", "pk": 282, "fields": {"community": "0084db9a-c0b1-463e-b6df-4092661154d8", "census_year": 17, "program": "Solvents", "required_sites": 0, "actual_sites": 0, "shortfall": 0, "excess": 0, "compliance_rate": "0.00", "calculation_date": "2026-03-09T13:55:42.391Z", "created_by": null, "created_at": "2026-03-09T13:55:42.391Z", "updated_at": "2026-03-09T13:55:45.394Z"}}, {"model": "complaince.compliancecalculation", "pk": 283, "fields": {"community": "0084db9a-c0b1-463e-b6df-4092661154d8", "census_year": 17, "program": "Pesticides", "required_sites": 0, "actual_sites": 0, "shortfall": 0, "excess": 0, "compliance_rate": "0.00", "calculation_date": "2026-03-09T13:55:42.395Z", "created_by": null, "created_at": "2026-03-09T13:55:42.395Z", "updated_at": "2026-03-09T13:55:45.396Z"}}, {"model": "complaince.compliancecalculation", "pk": 284, "fields": {"community": "ab579d13-f2c0-4520-a835-ed10ee67ba11", "census_year": 18, "program": "Paint", "required_sites": 15, "actual_sites": 0, "shortfall": 15, "excess": 0, "compliance_rate": "0.00", "calculation_date": "2026-03-09T13:55:42.452Z", "created_by": null, "created_at": "2026-03-09T13:55:42.452Z", "updated_at": "2026-03-09T13:55:42.452Z"}}, {"model": "complaince.compliancecalculation", "pk": 285, "fields": {"community": "ab579d13-f2c0-4520-a835-ed10ee67ba11", "census_year": 18, "program": "Lighting", "required_sites": 0, "actual_sites": 0, "shortfall": 0, "excess": 0, "compliance_rate": "0.00", "calculation_date": "2026-03-09T13:55:42.455Z", "created_by": null, "created_at": "2026-03-09T13:55:42.455Z", "updated_at": "2026-03-09T13:55:42.455Z"}}, {"model": "complaince.compliancecalculation", "pk": 286, "fields": {"community": "ab579d13-f2c0-4520-a835-ed10ee67ba11", "census_year": 18, "program": "Solvents", "required_sites": 0, "actual_sites": 0, "shortfall": 0, "excess": 0, "compliance_rate": "0.00", "calculation_date": "2026-03-09T13:55:42.458Z", "created_by": null, "created_at": "2026-03-09T13:55:42.458Z", "updated_at": "2026-03-09T13:55:42.458Z"}}, {"model": "complaince.compliancecalculation", "pk": 287, "fields": {"community": "ab579d13-f2c0-4520-a835-ed10ee67ba11", "census_year": 18, "program": "Pesticides", "required_sites": 0, "actual_sites": 0, "shortfall": 0, "excess": 0, "compliance_rate": "0.00", "calculation_date": "2026-03-09T13:55:42.463Z", "created_by": null, "created_at": "2026-03-09T13:55:42.463Z", "updated_at": "2026-03-09T13:55:42.463Z"}}, {"model": "complaince.compliancecalculation", "pk": 288, "fields": {"community": "0173b598-602e-4fb9-8d55-6d97f9e941cb", "census_year": 18, "program": "Paint", "required_sites": 3, "actual_sites": 0, "shortfall": 3, "excess": 0, "compliance_rate": "0.00", "calculation_date": "2026-03-09T13:55:42.474Z", "created_by": null, "created_at": "2026-03-09T13:55:42.474Z", "updated_at": "2026-03-09T13:55:46.539Z"}}, {"model": "complaince.compliancecalculation", "pk": 289, "fields": {"community": "0173b598-602e-4fb9-8d55-6d97f9e941cb", "census_year": 18, "program": "Pesticides", "required_sites": 0, "actual_sites": 0, "shortfall": 0, "excess": 0, "compliance_rate": "0.00", "calculation_date": "2026-03-09T13:55:42.483Z", "created_by": null, "created_at": "2026-03-09T13:55:42.483Z", "updated_at": "2026-03-09T13:55:46.546Z"}}, {"model": "complaince.compliancecalculation", "pk": 290, "fields": {"community": "ab579d13-f2c0-4520-a835-ed10ee67ba11", "census_year": 13, "program": "Paint", "required_sites": 15, "actual_sites": 0, "shortfall": 15, "excess": 0, "compliance_rate": "0.00", "calculation_date": "2026-03-09T13:55:43.036Z", "created_by": null, "created_at": "2026-03-09T13:55:43.036Z", "updated_at": "2026-03-09T13:55:44.347Z"}}, {"model": "complaince.compliancecalculation", "pk": 291, "fields": {"community": "ab579d13-f2c0-4520-a835-ed10ee67ba11", "census_year": 13, "program": "Lighting", "required_sites": 0, "actual_sites": 0, "shortfall": 0, "excess": 0, "compliance_rate": "0.00", "calculation_date": "2026-03-09T13:55:43.038Z", "created_by": null, "created_at": "2026-03-09T13:55:43.038Z", "updated_at": "2026-03-09T13:55:44.350Z"}}, {"model": "complaince.compliancecalculation", "pk": 292, "fields": {"community": "ab579d13-f2c0-4520-a835-ed10ee67ba11", "census_year": 13, "program": "Solvents", "required_sites": 0, "actual_sites": 0, "shortfall": 0, "excess": 0, "compliance_rate": "0.00", "calculation_date": "2026-03-09T13:55:43.531Z", "created_by": null, "created_at": "2026-03-09T13:55:43.531Z", "updated_at": "2026-03-09T13:55:44.352Z"}}, {"model": "complaince.compliancecalculation", "pk": 293, "fields": {"community": "ab579d13-f2c0-4520-a835-ed10ee67ba11", "census_year": 13, "program": "Pesticides", "required_sites": 0, "actual_sites": 0, "shortfall": 0, "excess": 0, "compliance_rate": "0.00", "calculation_date": "2026-03-09T13:55:43.535Z", "created_by": null, "created_at": "2026-03-09T13:55:43.535Z", "updated_at": "2026-03-09T13:55:44.354Z"}}, {"model": "complaince.compliancecalculation", "pk": 294, "fields": {"community": "b0425424-3c40-414b-a22e-8a4f9a419191", "census_year": 13, "program": "Paint", "required_sites": 2, "actual_sites": 1, "shortfall": 1, "excess": 0, "compliance_rate": "50.00", "calculation_date": "2026-03-09T13:55:43.611Z", "created_by": null, "created_at": "2026-03-09T13:55:43.611Z", "updated_at": "2026-03-09T14:25:14.296Z"}}, {"model": "complaince.compliancecalculation", "pk": 295, "fields": {"community": "923cf29b-47f3-4df0-b367-fa807fc889a1", "census_year": 13, "program": "Paint", "required_sites": 15, "actual_sites": 0, "shortfall": 15, "excess": 0, "compliance_rate": "0.00", "calculation_date": "2026-03-09T13:55:43.660Z", "created_by": null, "created_at": "2026-03-09T13:55:43.660Z", "updated_at": "2026-03-09T13:55:43.660Z"}}, {"model": "complaince.compliancecalculation", "pk": 296, "fields": {"community": "923cf29b-47f3-4df0-b367-fa807fc889a1", "census_year": 13, "program": "Lighting", "required_sites": 0, "actual_sites": 0, "shortfall": 0, "excess": 0, "compliance_rate": "0.00", "calculation_date": "2026-03-09T13:55:43.665Z", "created_by": null, "created_at": "2026-03-09T13:55:43.665Z", "updated_at": "2026-03-09T13:55:43.665Z"}}, {"model": "complaince.compliancecalculation", "pk": 297, "fields": {"community": "923cf29b-47f3-4df0-b367-fa807fc889a1", "census_year": 13, "program": "Solvents", "required_sites": 0, "actual_sites": 0, "shortfall": 0, "excess": 0, "compliance_rate": "0.00", "calculation_date": "2026-03-09T13:55:43.668Z", "created_by": null, "created_at": "2026-03-09T13:55:43.668Z", "updated_at": "2026-03-09T13:55:43.668Z"}}, {"model": "complaince.compliancecalculation", "pk": 298, "fields": {"community": "923cf29b-47f3-4df0-b367-fa807fc889a1", "census_year": 13, "program": "Pesticides", "required_sites": 0, "actual_sites": 0, "shortfall": 0, "excess": 0, "compliance_rate": "0.00", "calculation_date": "2026-03-09T13:55:43.671Z", "created_by": null, "created_at": "2026-03-09T13:55:43.671Z", "updated_at": "2026-03-09T13:55:43.671Z"}}, {"model": "complaince.compliancecalculation", "pk": 299, "fields": {"community": "0ee12818-f7f5-43d5-a480-49bcec8d5872", "census_year": 13, "program": "Paint", "required_sites": 15, "actual_sites": 0, "shortfall": 15, "excess": 0, "compliance_rate": "0.00", "calculation_date": "2026-03-09T13:55:43.732Z", "created_by": null, "created_at": "2026-03-09T13:55:43.732Z", "updated_at": "2026-03-09T13:55:48.545Z"}}, {"model": "complaince.compliancecalculation", "pk": 300, "fields": {"community": "0ee12818-f7f5-43d5-a480-49bcec8d5872", "census_year": 13, "program": "Lighting", "required_sites": 0, "actual_sites": 0, "shortfall": 0, "excess": 0, "compliance_rate": "0.00", "calculation_date": "2026-03-09T13:55:43.734Z", "created_by": null, "created_at": "2026-03-09T13:55:43.735Z", "updated_at": "2026-03-09T13:55:48.547Z"}}, {"model": "complaince.compliancecalculation", "pk": 301, "fields": {"community": "0ee12818-f7f5-43d5-a480-49bcec8d5872", "census_year": 13, "program": "Solvents", "required_sites": 0, "actual_sites": 0, "shortfall": 0, "excess": 0, "compliance_rate": "0.00", "calculation_date": "2026-03-09T13:55:43.736Z", "created_by": null, "created_at": "2026-03-09T13:55:43.736Z", "updated_at": "2026-03-09T13:55:48.549Z"}}, {"model": "complaince.compliancecalculation", "pk": 302, "fields": {"community": "0ee12818-f7f5-43d5-a480-49bcec8d5872", "census_year": 13, "program": "Pesticides", "required_sites": 0, "actual_sites": 0, "shortfall": 0, "excess": 0, "compliance_rate": "0.00", "calculation_date": "2026-03-09T13:55:43.738Z", "created_by": null, "created_at": "2026-03-09T13:55:43.738Z", "updated_at": "2026-03-09T13:55:48.551Z"}}, {"model": "complaince.compliancecalculation", "pk": 303, "fields": {"community": "433e959f-034e-43e5-b827-f0cc3f939768", "census_year": 13, "program": "Paint", "required_sites": 0, "actual_sites": 0, "shortfall": 0, "excess": 0, "compliance_rate": "0.00", "calculation_date": "2026-03-09T13:55:45.535Z", "created_by": null, "created_at": "2026-03-09T13:55:45.535Z", "updated_at": "2026-03-09T13:55:45.535Z"}}, {"model": "complaince.compliancecalculation", "pk": 304, "fields": {"community": "433e959f-034e-43e5-b827-f0cc3f939768", "census_year": 13, "program": "Lighting", "required_sites": 0, "actual_sites": 0, "shortfall": 0, "excess": 0, "compliance_rate": "0.00", "calculation_date": "2026-03-09T13:55:45.537Z", "created_by": null, "created_at": "2026-03-09T13:55:45.537Z", "updated_at": "2026-03-09T13:55:45.537Z"}}, {"model": "complaince.compliancecalculation", "pk": 305, "fields": {"community": "433e959f-034e-43e5-b827-f0cc3f939768", "census_year": 13, "program": "Solvents", "required_sites": 0, "actual_sites": 0, "shortfall": 0, "excess": 0, "compliance_rate": "0.00", "calculation_date": "2026-03-09T13:55:45.538Z", "created_by": null, "created_at": "2026-03-09T13:55:45.538Z", "updated_at": "2026-03-09T13:55:45.538Z"}}, {"model": "complaince.compliancecalculation", "pk": 306, "fields": {"community": "433e959f-034e-43e5-b827-f0cc3f939768", "census_year": 13, "program": "Pesticides", "required_sites": 0, "actual_sites": 0, "shortfall": 0, "excess": 0, "compliance_rate": "0.00", "calculation_date": "2026-03-09T13:55:45.540Z", "created_by": null, "created_at": "2026-03-09T13:55:45.540Z", "updated_at": "2026-03-09T13:55:45.540Z"}}, {"model": "complaince.compliancecalculation", "pk": 307, "fields": {"community": "923cf29b-47f3-4df0-b367-fa807fc889a1", "census_year": 18, "program": "Paint", "required_sites": 15, "actual_sites": 0, "shortfall": 15, "excess": 0, "compliance_rate": "0.00", "calculation_date": "2026-03-09T13:55:47.586Z", "created_by": null, "created_at": "2026-03-09T13:55:47.586Z", "updated_at": "2026-03-09T13:55:47.586Z"}}, {"model": "complaince.compliancecalculation", "pk": 308, "fields": {"community": "923cf29b-47f3-4df0-b367-fa807fc889a1", "census_year": 18, "program": "Lighting", "required_sites": 0, "actual_sites": 0, "shortfall": 0, "excess": 0, "compliance_rate": "0.00", "calculation_date": "2026-03-09T13:55:47.588Z", "created_by": null, "created_at": "2026-03-09T13:55:47.588Z", "updated_at": "2026-03-09T13:55:47.588Z"}}, {"model": "complaince.compliancecalculation", "pk": 309, "fields": {"community": "923cf29b-47f3-4df0-b367-fa807fc889a1", "census_year": 18, "program": "Solvents", "required_sites": 0, "actual_sites": 0, "shortfall": 0, "excess": 0, "compliance_rate": "0.00", "calculation_date": "2026-03-09T13:55:47.590Z", "created_by": null, "created_at": "2026-03-09T13:55:47.590Z", "updated_at": "2026-03-09T13:55:47.590Z"}}, {"model": "complaince.compliancecalculation", "pk": 310, "fields": {"community": "923cf29b-47f3-4df0-b367-fa807fc889a1", "census_year": 18, "program": "Pesticides", "required_sites": 0, "actual_sites": 0, "shortfall": 0, "excess": 0, "compliance_rate": "0.00", "calculation_date": "2026-03-09T13:55:47.592Z", "created_by": null, "created_at": "2026-03-09T13:55:47.592Z", "updated_at": "2026-03-09T13:55:47.592Z"}}, {"model": "complaince.compliancecalculation", "pk": 311, "fields": {"community": "1f59aa2e-4886-4c68-84fc-e07bb845ddb5", "census_year": 17, "program": "Paint", "required_sites": 15, "actual_sites": 0, "shortfall": 15, "excess": 0, "compliance_rate": "0.00", "calculation_date": "2026-03-09T13:55:48.382Z", "created_by": null, "created_at": "2026-03-09T13:55:48.382Z", "updated_at": "2026-03-09T13:55:48.382Z"}}, {"model": "complaince.compliancecalculation", "pk": 312, "fields": {"community": "1f59aa2e-4886-4c68-84fc-e07bb845ddb5", "census_year": 17, "program": "Lighting", "required_sites": 0, "actual_sites": 0, "shortfall": 0, "excess": 0, "compliance_rate": "0.00", "calculation_date": "2026-03-09T13:55:48.384Z", "created_by": null, "created_at": "2026-03-09T13:55:48.384Z", "updated_at": "2026-03-09T13:55:48.384Z"}}, {"model": "complaince.compliancecalculation", "pk": 313, "fields": {"community": "1f59aa2e-4886-4c68-84fc-e07bb845ddb5", "census_year": 17, "program": "Solvents", "required_sites": 0, "actual_sites": 0, "shortfall": 0, "excess": 0, "compliance_rate": "0.00", "calculation_date": "2026-03-09T13:55:48.386Z", "created_by": null, "created_at": "2026-03-09T13:55:48.386Z", "updated_at": "2026-03-09T13:55:48.386Z"}}, {"model": "complaince.compliancecalculation", "pk": 314, "fields": {"community": "1f59aa2e-4886-4c68-84fc-e07bb845ddb5", "census_year": 17, "program": "Pesticides", "required_sites": 0, "actual_sites": 0, "shortfall": 0, "excess": 0, "compliance_rate": "0.00", "calculation_date": "2026-03-09T13:55:48.388Z", "created_by": null, "created_at": "2026-03-09T13:55:48.388Z", "updated_at": "2026-03-09T13:55:48.388Z"}}, {"model": "complaince.compliancecalculation", "pk": 315, "fields": {"community": "b0425424-3c40-414b-a22e-8a4f9a419191", "census_year": 13, "program": "Solvents", "required_sites": 0, "actual_sites": 0, "shortfall": 0, "excess": 0, "compliance_rate": "0.00", "calculation_date": "2026-03-09T13:59:11.449Z", "created_by": null, "created_at": "2026-03-09T13:59:11.449Z", "updated_at": "2026-03-09T14:25:14.302Z"}}, {"model": "complaince.compliancecalculation", "pk": 316, "fields": {"community": "b0425424-3c40-414b-a22e-8a4f9a419191", "census_year": 13, "program": "Pesticides", "required_sites": 0, "actual_sites": 0, "shortfall": 0, "excess": 0, "compliance_rate": "0.00", "calculation_date": "2026-03-09T13:59:11.451Z", "created_by": null, "created_at": "2026-03-09T13:59:11.451Z", "updated_at": "2026-03-09T14:25:14.304Z"}}, {"model": "test_check.community", "pk": "89b29314-dbba-4dc6-9fb9-9317f6e4bc0a", "fields": {"name": "Ottawa", "population": 1017449, "tier": "Single", "region": "Eastern", "zone": "East", "province": "Ontario", "is_active": true, "start_date": null, "end_date": null, "created_at": "2026-02-26T12:29:18.747Z", "updated_at": "2026-02-26T12:29:18.747Z", "census_years": [3, 6, 9], "sites": ["0ced8571-b3d2-4e3c-bc54-ed1b266d9095"]}}, {"model": "test_check.community", "pk": "e4d4e632-06b2-480e-abb6-500312a2d9d4", "fields": {"name": "Toronto", "population": 2800000, "tier": "Single", "region": "Central", "zone": "GTA", "province": "Ontario", "is_active": true, "start_date": "2026-02-26T10:43:03Z", "end_date": "2027-02-26T10:43:05Z", "created_at": "2026-02-26T10:43:09.954Z", "updated_at": "2026-02-26T12:27:50.040Z", "census_years": [4, 6, 9], "sites": ["0ced8571-b3d2-4e3c-bc54-ed1b266d9095"]}}, {"model": "test_check.community", "pk": "f5c54b20-daa1-4494-9bc9-28b985cd7461", "fields": {"name": "a", "population": 14050, "tier": "single", "region": "a", "zone": "1", "province": "ontario", "is_active": false, "start_date": "2026-02-26T10:29:08Z", "end_date": "2027-02-26T10:29:09Z", "created_at": "2026-02-26T10:29:15.390Z", "updated_at": "2026-02-26T12:37:12.734Z", "census_years": [3, 4], "sites": ["0ced8571-b3d2-4e3c-bc54-ed1b266d9095"]}}, {"model": "test_check.censusyear", "pk": 3, "fields": {"year": 2021, "sites": []}}, {"model": "test_check.censusyear", "pk": 4, "fields": {"year": 2012, "sites": []}}, {"model": "test_check.censusyear", "pk": 6, "fields": {"year": 2025, "sites": []}}, {"model": "test_check.censusyear", "pk": 9, "fields": {"year": 2019, "sites": ["0ced8571-b3d2-4e3c-bc54-ed1b266d9095"]}}, {"model": "test_check.site", "pk": "0ced8571-b3d2-4e3c-bc54-ed1b266d9095", "fields": {"site_name": "aaaa", "site_type": "Collection Site", "operator_type": "Distributor", "service_partner": "dd", "address_line_1": "168 John Street", "address_line_2": "Apt 5", "address_city": "Barrie", "address_postal_code": "L4N 2L2", "is_active": true, "site_start_date": "2026-02-26T10:32:31Z", "site_end_date": "2027-02-26T10:32:33Z", "region": "Region 2", "service_area": null, "address_latitude": null, "address_longitude": null, "program_paint": false, "program_paint_start_date": null, "program_paint_end_date": null, "program_lights": false, "program_lights_start_date": null, "program_lights_end_date": null, "program_solvents": false, "program_solvents_start_date": null, "program_solvents_end_date": null, "program_pesticides": false, "program_pesticides_start_date": null, "program_pesticides_end_date": null, "program_fertilizers": false, "program_fertilizers_start_date": null, "program_fertilizers_end_date": null, "latitude": null, "longitude": null, "created_at": "2026-02-26T10:32:53.661Z", "updated_at": "2026-02-27T09:12:39.757Z"}}, {"model": "django_celery_beat.intervalschedule", "pk": 1, "fields": {"every": 1, "period": "minutes"}}, {"model": "django_celery_beat.crontabschedule", "pk": 1, "fields": {"minute": "0", "hour": "4", "day_of_month": "*", "month_of_year": "*", "day_of_week": "*", "timezone": "UTC"}}, {"model": "django_celery_beat.crontabschedule", "pk": 2, "fields": {"minute": "0", "hour": "4", "day_of_month": "*", "month_of_year": "*", "day_of_week": "*", "timezone": "Asia/Kolkata"}}, {"model": "django_celery_beat.periodictasks", "pk": 1, "fields": {"last_update": "2026-03-09T14:14:30.646Z"}}, {"model": "django_celery_beat.periodictask", "pk": 1, "fields": {"name": "celery.backend_cleanup", "task": "celery.backend_cleanup", "interval": null, "crontab": 2, "solar": null, "clocked": null, "args": "[]", "kwargs": "{}", "queue": null, "exchange": null, "routing_key": null, "headers": "{}", "priority": null, "expires": null, "expire_seconds": 43200, "one_off": false, "start_time": null, "enabled": true, "last_run_at": "2026-03-09T13:55:49.014Z", "total_run_count": 3, "date_changed": "2026-03-09T14:14:30.646Z", "description": ""}}, {"model": "django_celery_beat.periodictask", "pk": 2, "fields": {"name": "Expiry", "task": "regulatory_rules.tasks.check_expiry", "interval": 1, "crontab": null, "solar": null, "clocked": null, "args": "[]", "kwargs": "{}", "queue": null, "exchange": null, "routing_key": null, "headers": "{}", "priority": null, "expires": null, "expire_seconds": null, "one_off": false, "start_time": null, "enabled": true, "last_run_at": "2026-03-09T14:33:48.900Z", "total_run_count": 2243, "date_changed": "2026-03-09T14:34:33.921Z", "description": ""}}]