[{"model": "sites.site", "pk": "06dae40d-f608-4938-9baf-f84d818746c3", "fields": {"site_name": "Sample Collection Site", "created_at": "2026-02-25T06:18:24.765Z", "updated_at": "2026-02-25T06:19:05.161Z"}}, {"model": "sites.site", "pk": "4f66792c-1eec-4e56-83e8-2d9a7de5af9c", "fields": {"site_name": "Sample Site 10", "created_at": "2026-02-24T10:14:59.726Z", "updated_at": "2026-02-24T10:57:37.073Z"}}, {"model": "sites.site", "pk": "52ab5b8f-a011-4108-8e73-7d3964978b7a", "fields": {"site_name": "Sample Site 2", "created_at": "2026-02-24T10:14:59.674Z", "updated_at": "2026-02-24T10:16:08.614Z"}}, {"model": "sites.site", "pk": "61e8c398-4ecb-410d-ad83-373d50944278", "fields": {"site_name": "Sample Site 7", "created_at": "2026-02-24T10:14:59.708Z", "updated_at": "2026-02-25T06:27:56.822Z"}}, {"model": "sites.site", "pk": "7d2a6f7f-dc2b-44ca-ae98-5c4bc83dd2a3", "fields": {"site_name": "Sample Site 4", "created_at": "2026-02-24T10:14:59.687Z", "updated_at": "2026-02-25T07:00:37.865Z"}}, {"model": "sites.site", "pk": "93288d55-e878-49a2-90c5-4887cc8d06a2", "fields": {"site_name": "Sample Site 5", "created_at": "2026-02-24T10:14:59.694Z", "updated_at": "2026-02-25T07:54:24.352Z"}}, {"model": "sites.site", "pk": "abf87a86-d73a-4fd2-8c17-2c5e616eb06d", "fields": {"site_name": "Sample Site 1", "created_at": "2026-02-24T10:14:59.666Z", "updated_at": "2026-02-24T10:14:59.670Z"}}, {"model": "sites.site", "pk": "da2e5ec8-38fb-482c-838a-f7b290f6a254", "fields": {"site_name": "Sample Site 9", "created_at": "2026-02-24T10:14:59.719Z", "updated_at": "2026-02-25T06:11:53.305Z"}}, {"model": "sites.site", "pk": "e37c8522-071d-43cd-bcc3-33b8b29b3640", "fields": {"site_name": "Sample Site 8", "created_at": "2026-02-24T10:14:59.714Z", "updated_at": "2026-02-25T06:19:26.738Z"}}, {"model": "sites.site", "pk": "eb86f80a-b59a-4b8e-a211-10651cfc7242", "fields": {"site_name": "Sample Site 3", "created_at": "2026-02-24T10:14:59.680Z", "updated_at": "2026-02-25T09:32:53.940Z"}}, {"model": "sites.site", "pk": "f8e3afaa-3cf3-4c3f-a9fd-7d486fbba3d0", "fields": {"site_name": "Sample Site 6", "created_at": "2026-02-24T10:14:59.702Z", "updated_at": "2026-02-25T06:35:34.051Z"}}, {"model": "sites.sitecensusdata", "pk": 4, "fields": {"site": "4f66792c-1eec-4e56-83e8-2d9a7de5af9c", "census_year": 4, "community": "53341a0e-79dd-4901-b878-505e2f09f30f", "site_type": "Collection Site", "operator_type": "Retailer", "service_partner": "Partner 5", "address_line_1": "168 John Street", "address_line_2": "Apt 5", "address_city": "Barrie", "address_postal_code": "L4N 2L2", "region": "Region 2", "service_area": "Area 5", "address_latitude": "14.2255000", "address_longitude": "85.5599000", "latitude": "14.22549999", "longitude": "85.55990000", "is_active": true, "event_approved": false, "site_start_date": "2026-02-27T11:27:20Z", "site_end_date": null, "program_paint": true, "program_paint_start_date": "2026-03-02T10:59:35Z", "program_paint_end_date": null, "program_lights": true, "program_lights_start_date": "2026-03-02T10:59:33Z", "program_lights_end_date": null, "program_solvents": true, "program_solvents_start_date": "2026-03-02T10:59:32Z", "program_solvents_end_date": null, "program_pesticides": true, "program_pesticides_start_date": "2026-03-02T10:59:31Z", "program_pesticides_end_date": null, "program_fertilizers": false, "program_fertilizers_start_date": null, "program_fertilizers_end_date": null, "created_at": "2026-03-02T05:25:47.919Z", "updated_at": "2026-03-02T10:59:37.634Z"}}, {"model": "sites.sitecensusdata", "pk": 7, "fields": {"site": "da2e5ec8-38fb-482c-838a-f7b290f6a254", "census_year": 4, "community": "53341a0e-79dd-4901-b878-505e2f09f30f", "site_type": "Collection Site", "operator_type": "Retailer", "service_partner": "Partner 5", "address_line_1": "168 John Street", "address_line_2": "Apt 5", "address_city": "Barrie", "address_postal_code": "L4N 2L2", "region": "Region 2", "service_area": "Area 9", "address_latitude": "45.2548000", "address_longitude": "58.2586000", "latitude": "45.25480000", "longitude": "58.25860000", "is_active": true, "event_approved": false, "site_start_date": "2026-03-02T05:58:08Z", "site_end_date": null, "program_paint": true, "program_paint_start_date": "2026-03-02T05:58:14Z", "program_paint_end_date": null, "program_lights": false, "program_lights_start_date": null, "program_lights_end_date": null, "program_solvents": false, "program_solvents_start_date": null, "program_solvents_end_date": null, "program_pesticides": false, "program_pesticides_start_date": null, "program_pesticides_end_date": null, "program_fertilizers": false, "program_fertilizers_start_date": null, "program_fertilizers_end_date": null, "created_at": "2026-03-02T05:58:17.233Z", "updated_at": "2026-03-05T13:05:33.731Z"}}, {"model": "sites.sitecensusdata", "pk": 14, "fields": {"site": "4f66792c-1eec-4e56-83e8-2d9a7de5af9c", "census_year": 11, "community": "53341a0e-79dd-4901-b878-505e2f09f30f", "site_type": "Collection Site", "operator_type": "Retailer", "service_partner": "Partner 5", "address_line_1": "168 John Street", "address_line_2": "Apt 5", "address_city": "Barrie", "address_postal_code": "L4N 2L2", "region": "Region 2", "service_area": "Area 5", "address_latitude": "14.2255000", "address_longitude": "85.5599000", "latitude": "14.22549999", "longitude": "85.55990000", "is_active": true, "event_approved": false, "site_start_date": "2026-02-27T11:27:20Z", "site_end_date": null, "program_paint": false, "program_paint_start_date": null, "program_paint_end_date": null, "program_lights": true, "program_lights_start_date": null, "program_lights_end_date": null, "program_solvents": false, "program_solvents_start_date": null, "program_solvents_end_date": null, "program_pesticides": false, "program_pesticides_start_date": null, "program_pesticides_end_date": null, "program_fertilizers": false, "program_fertilizers_start_date": null, "program_fertilizers_end_date": null, "created_at": "2026-03-02T06:04:20.287Z", "updated_at": "2026-03-02T08:58:53.696Z"}}, {"model": "sites.sitecensusdata", "pk": 15, "fields": {"site": "da2e5ec8-38fb-482c-838a-f7b290f6a254", "census_year": 11, "community": "53341a0e-79dd-4901-b878-505e2f09f30f", "site_type": "Collection Site", "operator_type": "Retailer", "service_partner": "Partner 5", "address_line_1": "168 John Street", "address_line_2": "Apt 5", "address_city": "Barrie", "address_postal_code": "L4N 2L2", "region": "Region 2", "service_area": "Area 9", "address_latitude": "45.2548000", "address_longitude": "58.2586000", "latitude": "45.25480000", "longitude": "58.25860000", "is_active": true, "event_approved": false, "site_start_date": "2026-03-02T05:58:08Z", "site_end_date": null, "program_paint": true, "program_paint_start_date": "2026-03-02T05:58:14Z", "program_paint_end_date": null, "program_lights": false, "program_lights_start_date": null, "program_lights_end_date": null, "program_solvents": false, "program_solvents_start_date": null, "program_solvents_end_date": null, "program_pesticides": false, "program_pesticides_start_date": null, "program_pesticides_end_date": null, "program_fertilizers": false, "program_fertilizers_start_date": null, "program_fertilizers_end_date": null, "created_at": "2026-03-02T06:04:20.289Z", "updated_at": "2026-03-02T06:04:20.289Z"}}, {"model": "sites.sitecensusdata", "pk": 16, "fields": {"site": "da2e5ec8-38fb-482c-838a-f7b290f6a254", "census_year": 12, "community": "53341a0e-79dd-4901-b878-505e2f09f30f", "site_type": "Collection Site", "operator_type": "Retailer", "service_partner": "Partner 5", "address_line_1": "168 John Street", "address_line_2": "Apt 5", "address_city": "Barrie", "address_postal_code": "L4N 2L2", "region": "Region 2", "service_area": "Area 9", "address_latitude": "45.2548000", "address_longitude": "58.2586000", "latitude": "45.25480000", "longitude": "58.25860000", "is_active": true, "event_approved": false, "site_start_date": "2026-03-02T05:58:08Z", "site_end_date": null, "program_paint": true, "program_paint_start_date": "2026-03-02T05:58:14Z", "program_paint_end_date": null, "program_lights": false, "program_lights_start_date": null, "program_lights_end_date": null, "program_solvents": false, "program_solvents_start_date": null, "program_solvents_end_date": null, "program_pesticides": false, "program_pesticides_start_date": null, "program_pesticides_end_date": null, "program_fertilizers": false, "program_fertilizers_start_date": null, "program_fertilizers_end_date": null, "created_at": "2026-03-02T06:04:56.583Z", "updated_at": "2026-03-02T06:04:56.583Z"}}, {"model": "sites.sitecensusdata", "pk": 17, "fields": {"site": "06dae40d-f608-4938-9baf-f84d818746c3", "census_year": 12, "community": "0084db9a-c0b1-463e-b6df-4092661154d8", "site_type": "Collection Site", "operator_type": "Distributor", "service_partner": "Partner 5", "address_line_1": "168 John Street", "address_line_2": "Apt 3", "address_city": "City 5", "address_postal_code": "L4N 2L2", "region": "Region 2", "service_area": "Area 2", "address_latitude": "25.2254000", "address_longitude": "45.1285000", "latitude": "25.22540000", "longitude": "45.12850000", "is_active": true, "event_approved": false, "site_start_date": "2026-03-02T06:07:25Z", "site_end_date": null, "program_paint": true, "program_paint_start_date": "2026-03-02T06:07:28Z", "program_paint_end_date": null, "program_lights": false, "program_lights_start_date": null, "program_lights_end_date": null, "program_solvents": false, "program_solvents_start_date": null, "program_solvents_end_date": null, "program_pesticides": false, "program_pesticides_start_date": null, "program_pesticides_end_date": null, "program_fertilizers": false, "program_fertilizers_start_date": null, "program_fertilizers_end_date": null, "created_at": "2026-03-02T06:07:30.973Z", "updated_at": "2026-03-02T06:07:30.973Z"}}, {"model": "sites.sitecensusdata", "pk": 19, "fields": {"site": "da2e5ec8-38fb-482c-838a-f7b290f6a254", "census_year": 13, "community": "53341a0e-79dd-4901-b878-505e2f09f30f", "site_type": "Collection Site", "operator_type": "Retailer", "service_partner": "Partner 5", "address_line_1": "168 John Street", "address_line_2": "Apt 5", "address_city": "Barrie", "address_postal_code": "L4N 2L2", "region": "Region 2", "service_area": "Area 9", "address_latitude": "45.2548000", "address_longitude": "58.2586000", "latitude": "45.25480000", "longitude": "58.25860000", "is_active": true, "event_approved": false, "site_start_date": "2026-03-02T05:58:08Z", "site_end_date": null, "program_paint": true, "program_paint_start_date": "2026-03-02T05:58:14Z", "program_paint_end_date": null, "program_lights": false, "program_lights_start_date": null, "program_lights_end_date": null, "program_solvents": false, "program_solvents_start_date": null, "program_solvents_end_date": null, "program_pesticides": false, "program_pesticides_start_date": null, "program_pesticides_end_date": null, "program_fertilizers": false, "program_fertilizers_start_date": null, "program_fertilizers_end_date": null, "created_at": "2026-03-02T06:07:46.026Z", "updated_at": "2026-03-02T06:07:46.026Z"}}, {"model": "sites.sitecensusdata", "pk": 22, "fields": {"site": "61e8c398-4ecb-410d-ad83-373d50944278", "census_year": 13, "community": "0084db9a-c0b1-463e-b6df-4092661154d8", "site_type": "Collection Site", "operator_type": "Retailer", "service_partner": "Partner 5", "address_line_1": "168 John Street", "address_line_2": "Apt 5", "address_city": "City 5", "address_postal_code": "L4N 2L2", "region": "Region 2", "service_area": "Area 10", "address_latitude": "85.2594000", "address_longitude": "45.2594000", "latitude": "85.25940000", "longitude": "45.25940000", "is_active": true, "event_approved": false, "site_start_date": "2026-03-02T09:13:07Z", "site_end_date": null, "program_paint": false, "program_paint_start_date": null, "program_paint_end_date": null, "program_lights": true, "program_lights_start_date": "2026-03-05T11:59:33Z", "program_lights_end_date": null, "program_solvents": false, "program_solvents_start_date": null, "program_solvents_end_date": null, "program_pesticides": false, "program_pesticides_start_date": null, "program_pesticides_end_date": null, "program_fertilizers": false, "program_fertilizers_start_date": null, "program_fertilizers_end_date": null, "created_at": "2026-03-02T09:13:12.124Z", "updated_at": "2026-03-05T11:59:35.799Z"}}, {"model": "sites.sitecensusdata", "pk": 23, "fields": {"site": "4f66792c-1eec-4e56-83e8-2d9a7de5af9c", "census_year": 13, "community": "0173b598-602e-4fb9-8d55-6d97f9e941cb", "site_type": "Collection Site", "operator_type": "Distributor", "service_partner": "Partner 5", "address_line_1": "168 John Street", "address_line_2": "Apt 5", "address_city": "Barrie", "address_postal_code": "L4N 2L2", "region": "Region 1", "service_area": "Area 5", "address_latitude": "45.2587000", "address_longitude": "14.2586000", "latitude": "45.25870000", "longitude": "14.25860000", "is_active": true, "event_approved": false, "site_start_date": "2026-03-02T10:21:58Z", "site_end_date": null, "program_paint": false, "program_paint_start_date": null, "program_paint_end_date": null, "program_lights": true, "program_lights_start_date": "2026-03-02T10:22:13Z", "program_lights_end_date": null, "program_solvents": true, "program_solvents_start_date": "2026-03-02T12:57:15Z", "program_solvents_end_date": "2027-03-02T12:57:17Z", "program_pesticides": false, "program_pesticides_start_date": null, "program_pesticides_end_date": null, "program_fertilizers": false, "program_fertilizers_start_date": null, "program_fertilizers_end_date": null, "created_at": "2026-03-02T10:22:17.632Z", "updated_at": "2026-03-05T12:00:16.736Z"}}, {"model": "sites.sitecensusdata", "pk": 32, "fields": {"site": "52ab5b8f-a011-4108-8e73-7d3964978b7a", "census_year": 13, "community": "0084db9a-c0b1-463e-b6df-4092661154d8", "site_type": "Collection Site", "operator_type": "Retailer", "service_partner": "Aurora Environmental Services", "address_line_1": "168 John Street", "address_line_2": "Apt 5", "address_city": "Barrie", "address_postal_code": "L4N 2L2", "region": "Region 1", "service_area": "Area 5", "address_latitude": "48.1254000", "address_longitude": "85.2547000", "latitude": "48.12540000", "longitude": "85.25470000", "is_active": true, "event_approved": false, "site_start_date": "2026-03-05T11:40:41Z", "site_end_date": null, "program_paint": true, "program_paint_start_date": "2026-03-05T11:40:52Z", "program_paint_end_date": null, "program_lights": false, "program_lights_start_date": null, "program_lights_end_date": null, "program_solvents": false, "program_solvents_start_date": null, "program_solvents_end_date": null, "program_pesticides": false, "program_pesticides_start_date": null, "program_pesticides_end_date": null, "program_fertilizers": false, "program_fertilizers_start_date": null, "program_fertilizers_end_date": null, "created_at": "2026-03-05T11:40:53.995Z", "updated_at": "2026-03-05T11:40:53.995Z"}}, {"model": "sites.sitecensusdata", "pk": 33, "fields": {"site": "06dae40d-f608-4938-9baf-f84d818746c3", "census_year": 17, "community": "0084db9a-c0b1-463e-b6df-4092661154d8", "site_type": "Collection Site", "operator_type": "Distributor", "service_partner": "Partner 5", "address_line_1": "168 John Street", "address_line_2": "Apt 3", "address_city": "City 5", "address_postal_code": "L4N 2L2", "region": "Region 2", "service_area": "Area 2", "address_latitude": "25.2254000", "address_longitude": "45.1285000", "latitude": "25.22540000", "longitude": "45.12850000", "is_active": true, "event_approved": false, "site_start_date": "2026-03-02T06:07:25Z", "site_end_date": null, "program_paint": true, "program_paint_start_date": "2026-03-02T06:07:28Z", "program_paint_end_date": null, "program_lights": false, "program_lights_start_date": null, "program_lights_end_date": null, "program_solvents": false, "program_solvents_start_date": null, "program_solvents_end_date": null, "program_pesticides": false, "program_pesticides_start_date": null, "program_pesticides_end_date": null, "program_fertilizers": false, "program_fertilizers_start_date": null, "program_fertilizers_end_date": null, "created_at": "2026-03-09T08:37:17.786Z", "updated_at": "2026-03-09T08:37:17.786Z"}}, {"model": "sites.sitecensusdata", "pk": 34, "fields": {"site": "4f66792c-1eec-4e56-83e8-2d9a7de5af9c", "census_year": 17, "community": "0173b598-602e-4fb9-8d55-6d97f9e941cb", "site_type": "Collection Site", "operator_type": "Distributor", "service_partner": "Partner 5", "address_line_1": "168 John Street", "address_line_2": "Apt 5", "address_city": "Barrie", "address_postal_code": "L4N 2L2", "region": "Region 1", "service_area": "Area 5", "address_latitude": "45.2587000", "address_longitude": "14.2586000", "latitude": "45.25870000", "longitude": "14.25860000", "is_active": true, "event_approved": false, "site_start_date": "2026-03-02T10:21:58Z", "site_end_date": null, "program_paint": false, "program_paint_start_date": null, "program_paint_end_date": null, "program_lights": true, "program_lights_start_date": "2026-03-02T10:22:13Z", "program_lights_end_date": null, "program_solvents": true, "program_solvents_start_date": "2026-03-02T12:57:15Z", "program_solvents_end_date": "2027-03-02T12:57:17Z", "program_pesticides": false, "program_pesticides_start_date": null, "program_pesticides_end_date": null, "program_fertilizers": false, "program_fertilizers_start_date": null, "program_fertilizers_end_date": null, "created_at": "2026-03-09T08:37:17.789Z", "updated_at": "2026-03-09T08:37:17.789Z"}}, {"model": "sites.sitecensusdata", "pk": 35, "fields": {"site": "da2e5ec8-38fb-482c-838a-f7b290f6a254", "census_year": 17, "community": "53341a0e-79dd-4901-b878-505e2f09f30f", "site_type": "Collection Site", "operator_type": "Retailer", "service_partner": "Partner 5", "address_line_1": "168 John Street", "address_line_2": "Apt 5", "address_city": "Barrie", "address_postal_code": "L4N 2L2", "region": "Region 2", "service_area": "Area 9", "address_latitude": "45.2548000", "address_longitude": "58.2586000", "latitude": "45.25480000", "longitude": "58.25860000", "is_active": true, "event_approved": false, "site_start_date": "2026-03-02T05:58:08Z", "site_end_date": null, "program_paint": true, "program_paint_start_date": "2026-03-02T05:58:14Z", "program_paint_end_date": null, "program_lights": false, "program_lights_start_date": null, "program_lights_end_date": null, "program_solvents": false, "program_solvents_start_date": null, "program_solvents_end_date": null, "program_pesticides": false, "program_pesticides_start_date": null, "program_pesticides_end_date": null, "program_fertilizers": false, "program_fertilizers_start_date": null, "program_fertilizers_end_date": null, "created_at": "2026-03-09T08:37:17.795Z", "updated_at": "2026-03-09T08:37:17.796Z"}}, {"model": "sites.sitecensusdata", "pk": 36, "fields": {"site": "61e8c398-4ecb-410d-ad83-373d50944278", "census_year": 17, "community": "0084db9a-c0b1-463e-b6df-4092661154d8", "site_type": "Collection Site", "operator_type": "Retailer", "service_partner": "Partner 5", "address_line_1": "168 John Street", "address_line_2": "Apt 5", "address_city": "City 5", "address_postal_code": "L4N 2L2", "region": "Region 2", "service_area": "Area 10", "address_latitude": "85.2594000", "address_longitude": "45.2594000", "latitude": "85.25940000", "longitude": "45.25940000", "is_active": true, "event_approved": false, "site_start_date": "2026-03-02T09:13:07Z", "site_end_date": null, "program_paint": false, "program_paint_start_date": null, "program_paint_end_date": null, "program_lights": true, "program_lights_start_date": "2026-03-05T11:59:33Z", "program_lights_end_date": null, "program_solvents": false, "program_solvents_start_date": null, "program_solvents_end_date": null, "program_pesticides": false, "program_pesticides_start_date": null, "program_pesticides_end_date": null, "program_fertilizers": false, "program_fertilizers_start_date": null, "program_fertilizers_end_date": null, "created_at": "2026-03-09T08:37:17.799Z", "updated_at": "2026-03-09T08:37:17.799Z"}}, {"model": "sites.sitecensusdata", "pk": 37, "fields": {"site": "52ab5b8f-a011-4108-8e73-7d3964978b7a", "census_year": 17, "community": "0084db9a-c0b1-463e-b6df-4092661154d8", "site_type": "Collection Site", "operator_type": "Retailer", "service_partner": "Aurora Environmental Services", "address_line_1": "168 John Street", "address_line_2": "Apt 5", "address_city": "Barrie", "address_postal_code": "L4N 2L2", "region": "Region 1", "service_area": "Area 5", "address_latitude": "48.1254000", "address_longitude": "85.2547000", "latitude": "48.12540000", "longitude": "85.25470000", "is_active": true, "event_approved": false, "site_start_date": "2026-03-05T11:40:41Z", "site_end_date": null, "program_paint": true, "program_paint_start_date": "2026-03-05T11:40:52Z", "program_paint_end_date": null, "program_lights": false, "program_lights_start_date": null, "program_lights_end_date": null, "program_solvents": false, "program_solvents_start_date": null, "program_solvents_end_date": null, "program_pesticides": false, "program_pesticides_start_date": null, "program_pesticides_end_date": null, "program_fertilizers": false, "program_fertilizers_start_date": null, "program_fertilizers_end_date": null, "created_at": "2026-03-09T08:37:17.801Z", "updated_at": "2026-03-09T08:37:17.801Z"}}, {"model": "sites.sitecensusdata", "pk": 38, "fields": {"site": "06dae40d-f608-4938-9baf-f84d818746c3", "census_year": 18, "community": "0084db9a-c0b1-463e-b6df-4092661154d8", "site_type": "Collection Site", "operator_type": "Distributor", "service_partner": "Partner 5", "address_line_1": "168 John Street", "address_line_2": "Apt 3", "address_city": "City 5", "address_postal_code": "L4N 2L2", "region": "Region 2", "service_area": "Area 2", "address_latitude": "25.2254000", "address_longitude": "45.1285000", "latitude": "25.22540000", "longitude": "45.12850000", "is_active": true, "event_approved": false, "site_start_date": "2026-03-02T06:07:25Z", "site_end_date": null, "program_paint": true, "program_paint_start_date": "2026-03-02T06:07:28Z", "program_paint_end_date": null, "program_lights": false, "program_lights_start_date": null, "program_lights_end_date": null, "program_solvents": false, "program_solvents_start_date": null, "program_solvents_end_date": null, "program_pesticides": false, "program_pesticides_start_date": null, "program_pesticides_end_date": null, "program_fertilizers": false, "program_fertilizers_start_date": null, "program_fertilizers_end_date": null, "created_at": "2026-03-09T08:37:17.872Z", "updated_at": "2026-03-09T08:37:17.872Z"}}, {"model": "sites.sitecensusdata", "pk": 39, "fields": {"site": "4f66792c-1eec-4e56-83e8-2d9a7de5af9c", "census_year": 18, "community": "0173b598-602e-4fb9-8d55-6d97f9e941cb", "site_type": "Collection Site", "operator_type": "Distributor", "service_partner": "Partner 5", "address_line_1": "168 John Street", "address_line_2": "Apt 5", "address_city": "Barrie", "address_postal_code": "L4N 2L2", "region": "Region 1", "service_area": "Area 5", "address_latitude": "45.2587000", "address_longitude": "14.2586000", "latitude": "45.25870000", "longitude": "14.25860000", "is_active": true, "event_approved": false, "site_start_date": "2026-03-02T10:21:58Z", "site_end_date": null, "program_paint": false, "program_paint_start_date": null, "program_paint_end_date": null, "program_lights": true, "program_lights_start_date": "2026-03-02T10:22:13Z", "program_lights_end_date": null, "program_solvents": true, "program_solvents_start_date": "2026-03-02T12:57:15Z", "program_solvents_end_date": "2027-03-02T12:57:17Z", "program_pesticides": false, "program_pesticides_start_date": null, "program_pesticides_end_date": null, "program_fertilizers": false, "program_fertilizers_start_date": null, "program_fertilizers_end_date": null, "created_at": "2026-03-09T08:37:17.876Z", "updated_at": "2026-03-09T08:37:17.876Z"}}, {"model": "sites.sitecensusdata", "pk": 40, "fields": {"site": "da2e5ec8-38fb-482c-838a-f7b290f6a254", "census_year": 18, "community": "53341a0e-79dd-4901-b878-505e2f09f30f", "site_type": "Collection Site", "operator_type": "Retailer", "service_partner": "Partner 5", "address_line_1": "168 John Street", "address_line_2": "Apt 5", "address_city": "Barrie", "address_postal_code": "L4N 2L2", "region": "Region 2", "service_area": "Area 9", "address_latitude": "45.2548000", "address_longitude": "58.2586000", "latitude": "45.25480000", "longitude": "58.25860000", "is_active": true, "event_approved": false, "site_start_date": "2026-03-02T05:58:08Z", "site_end_date": null, "program_paint": true, "program_paint_start_date": "2026-03-02T05:58:14Z", "program_paint_end_date": null, "program_lights": false, "program_lights_start_date": null, "program_lights_end_date": null, "program_solvents": false, "program_solvents_start_date": null, "program_solvents_end_date": null, "program_pesticides": false, "program_pesticides_start_date": null, "program_pesticides_end_date": null, "program_fertilizers": false, "program_fertilizers_start_date": null, "program_fertilizers_end_date": null, "created_at": "2026-03-09T08:37:17.881Z", "updated_at": "2026-03-09T08:37:17.881Z"}}, {"model": "sites.sitecensusdata", "pk": 41, "fields": {"site": "61e8c398-4ecb-410d-ad83-373d50944278", "census_year": 18, "community": "0084db9a-c0b1-463e-b6df-4092661154d8", "site_type": "Collection Site", "operator_type": "Retailer", "service_partner": "Partner 5", "address_line_1": "168 John Street", "address_line_2": "Apt 5", "address_city": "City 5", "address_postal_code": "L4N 2L2", "region": "Region 2", "service_area": "Area 10", "address_latitude": "85.2594000", "address_longitude": "45.2594000", "latitude": "85.25940000", "longitude": "45.25940000", "is_active": true, "event_approved": false, "site_start_date": "2026-03-02T09:13:07Z", "site_end_date": null, "program_paint": false, "program_paint_start_date": null, "program_paint_end_date": null, "program_lights": true, "program_lights_start_date": "2026-03-05T11:59:33Z", "program_lights_end_date": null, "program_solvents": false, "program_solvents_start_date": null, "program_solvents_end_date": null, "program_pesticides": false, "program_pesticides_start_date": null, "program_pesticides_end_date": null, "program_fertilizers": false, "program_fertilizers_start_date": null, "program_fertilizers_end_date": null, "created_at": "2026-03-09T08:37:17.884Z", "updated_at": "2026-03-09T08:37:17.884Z"}}, {"model": "sites.sitecensusdata", "pk": 42, "fields": {"site": "52ab5b8f-a011-4108-8e73-7d3964978b7a", "census_year": 18, "community": "0084db9a-c0b1-463e-b6df-4092661154d8", "site_type": "Collection Site", "operator_type": "Retailer", "service_partner": "Aurora Environmental Services", "address_line_1": "168 John Street", "address_line_2": "Apt 5", "address_city": "Barrie", "address_postal_code": "L4N 2L2", "region": "Region 1", "service_area": "Area 5", "address_latitude": "48.1254000", "address_longitude": "85.2547000", "latitude": "48.12540000", "longitude": "85.25470000", "is_active": true, "event_approved": false, "site_start_date": "2026-03-05T11:40:41Z", "site_end_date": null, "program_paint": true, "program_paint_start_date": "2026-03-05T11:40:52Z", "program_paint_end_date": null, "program_lights": false, "program_lights_start_date": null, "program_lights_end_date": null, "program_solvents": false, "program_solvents_start_date": null, "program_solvents_end_date": null, "program_pesticides": false, "program_pesticides_start_date": null, "program_pesticides_end_date": null, "program_fertilizers": false, "program_fertilizers_start_date": null, "program_fertilizers_end_date": null, "created_at": "2026-03-09T08:37:17.887Z", "updated_at": "2026-03-09T08:37:17.887Z"}}, {"model": "sites.sitecensusdata", "pk": 43, "fields": {"site": "abf87a86-d73a-4fd2-8c17-2c5e616eb06d", "census_year": 13, "community": "b0425424-3c40-414b-a22e-8a4f9a419191", "site_type": "Event", "operator_type": "Distributor", "service_partner": "Partner 10", "address_line_1": "168 John Street", "address_line_2": "Apt 3", "address_city": "City 5", "address_postal_code": "L4N 2L2", "region": "Region 2", "service_area": "Area 10", "address_latitude": "47.2588000", "address_longitude": "84.2556000", "latitude": "47.25880000", "longitude": "84.25560000", "is_active": true, "event_approved": true, "site_start_date": "2026-03-09T13:53:49Z", "site_end_date": null, "program_paint": true, "program_paint_start_date": "2026-03-09T13:53:51Z", "program_paint_end_date": null, "program_lights": true, "program_lights_start_date": "2026-03-09T13:53:59Z", "program_lights_end_date": null, "program_solvents": false, "program_solvents_start_date": null, "program_solvents_end_date": null, "program_pesticides": false, "program_pesticides_start_date": null, "program_pesticides_end_date": null, "program_fertilizers": false, "program_fertilizers_start_date": null, "program_fertilizers_end_date": null, "created_at": "2026-03-09T13:54:02.177Z", "updated_at": "2026-03-09T14:01:11.935Z"}}, {"model": "sites.sitecensusdata", "pk": 45, "fields": {"site": "eb86f80a-b59a-4b8e-a211-10651cfc7242", "census_year": 13, "community": "b0425424-3c40-414b-a22e-8a4f9a419191", "site_type": "Event", "operator_type": "Distributor", "service_partner": "Partner 5", "address_line_1": "168 John Street", "address_line_2": "Apt 5", "address_city": "City 5", "address_postal_code": "L4N 2L2", "region": "Region 1", "service_area": "Area 10", "address_latitude": "98.2541000", "address_longitude": "63.2541000", "latitude": "98.25410000", "longitude": "63.25410000", "is_active": true, "event_approved": true, "site_start_date": "2026-03-09T14:17:52Z", "site_end_date": null, "program_paint": false, "program_paint_start_date": null, "program_paint_end_date": null, "program_lights": true, "program_lights_start_date": "2026-03-09T14:18:09Z", "program_lights_end_date": null, "program_solvents": false, "program_solvents_start_date": null, "program_solvents_end_date": null, "program_pesticides": false, "program_pesticides_start_date": null, "program_pesticides_end_date": null, "program_fertilizers": false, "program_fertilizers_start_date": null, "program_fertilizers_end_date": null, "created_at": "2026-03-09T14:18:17.817Z", "updated_at": "2026-03-09T14:25:13.208Z"}}, {"model": "community.censusyear", "pk": 4, "fields": {"year": 2026, "created_at": "2026-03-02T05:25:47.911Z", "updated_at": "2026-03-02T05:25:47.911Z"}}, {"model": "community.censusyear", "pk": 11, "fields": {"year": 2030, "created_at": "2026-03-02T06:04:20.264Z", "updated_at": "2026-03-02T06:04:20.264Z"}}, {"model": "community.censusyear", "pk": 12, "fields": {"year": 2035, "created_at": "2026-03-02T06:04:56.561Z", "updated_at": "2026-03-02T06:04:56.561Z"}}, {"model": "community.censusyear", "pk": 13, "fields": {"year": 2040, "created_at": "2026-03-02T06:07:46.002Z", "updated_at": "2026-03-02T06:07:46.002Z"}}, {"model": "community.censusyear", "pk": 17, "fields": {"year": 2024, "created_at": "2026-03-09T08:37:17.674Z", "updated_at": "2026-03-09T08:37:17.674Z"}}, {"model": "community.censusyear", "pk": 18, "fields": {"year": 2023, "created_at": "2026-03-09T08:37:17.831Z", "updated_at": "2026-03-09T08:37:17.831Z"}}, {"model": "community.community", "pk": "0084db9a-c0b1-463e-b6df-4092661154d8", "fields": {"name": "Forest", "created_at": "2026-02-24T04:35:17.483Z", "updated_at": "2026-02-24T04:35:17.483Z"}}, {"model": "community.community", "pk": "0173b598-602e-4fb9-8d55-6d97f9e941cb", "fields": {"name": "Lakeside", "created_at": "2026-02-24T04:35:17.477Z", "updated_at": "2026-02-24T04:35:17.477Z"}}, {"model": "community.community", "pk": "0ee12818-f7f5-43d5-a480-49bcec8d5872", "fields": {"name": "Updated Community Name", "created_at": "2026-03-06T09:02:36.074Z", "updated_at": "2026-03-06T09:02:36.074Z"}}, {"model": "community.community", "pk": "1f59aa2e-4886-4c68-84fc-e07bb845ddb5", "fields": {"name": "Bayview 1212", "created_at": "2026-03-06T06:33:46.368Z", "updated_at": "2026-03-06T06:33:46.368Z"}}, {"model": "community.community", "pk": "21fc36b5-3d80-4bdd-8382-097106449d45", "fields": {"name": "dfsdafsdfasdaf", "created_at": "2026-02-24T07:09:17.260Z", "updated_at": "2026-02-24T07:09:17.260Z"}}, {"model": "community.community", "pk": "2804892d-6abb-4538-bc19-a6b22981a624", "fields": {"name": "Prairie", "created_at": "2026-02-24T04:35:17.488Z", "updated_at": "2026-02-24T04:35:17.488Z"}}, {"model": "community.community", "pk": "31162be4-e5ac-482b-88db-bdb101725847", "fields": {"name": "Springfield", "created_at": "2026-02-24T04:35:17.471Z", "updated_at": "2026-02-24T04:35:17.471Z"}}, {"model": "community.community", "pk": "34e44cf0-832a-43c3-9af6-b42c42eb390c", "fields": {"name": "dfgdfgdf", "created_at": "2026-03-06T07:54:03.767Z", "updated_at": "2026-03-06T07:54:03.767Z"}}, {"model": "community.community", "pk": "433e959f-034e-43e5-b827-f0cc3f939768", "fields": {"name": "Your Community Name", "created_at": "2026-03-06T06:48:11.901Z", "updated_at": "2026-03-06T06:48:11.901Z"}}, {"model": "community.community", "pk": "53341a0e-79dd-4901-b878-505e2f09f30f", "fields": {"name": "Bayview a", "created_at": "2026-02-26T08:08:57.077Z", "updated_at": "2026-02-26T08:08:57.077Z"}}, {"model": "community.community", "pk": "80d323ef-3415-423b-8e51-e15cb3da0104", "fields": {"name": "Sunset", "created_at": "2026-02-24T04:35:17.487Z", "updated_at": "2026-02-24T04:35:17.487Z"}}, {"model": "community.community", "pk": "83783754-98f4-4e07-a009-fa3fdf95191a", "fields": {"name": "sws", "created_at": "2026-03-09T08:38:14.755Z", "updated_at": "2026-03-09T08:38:14.755Z"}}, {"model": "community.community", "pk": "923cf29b-47f3-4df0-b367-fa807fc889a1", "fields": {"name": "New Test Community 123", "created_at": "2026-03-06T06:47:36.921Z", "updated_at": "2026-03-06T06:47:36.921Z"}}, {"model": "community.community", "pk": "a5eb9afa-b831-423d-97a3-3c1f687cb2e8", "fields": {"name": "New Community for backgorund task", "created_at": "2026-02-25T05:41:28.664Z", "updated_at": "2026-02-25T05:43:15.066Z"}}, {"model": "community.community", "pk": "ab579d13-f2c0-4520-a835-ed10ee67ba11", "fields": {"name": "Bayview", "created_at": "2026-02-24T04:35:17.485Z", "updated_at": "2026-02-25T06:22:46.016Z"}}, {"model": "community.community", "pk": "b0425424-3c40-414b-a22e-8a4f9a419191", "fields": {"name": "Hilltop", "created_at": "2026-02-24T04:35:17.479Z", "updated_at": "2026-02-24T04:35:17.479Z"}}, {"model": "community.community", "pk": "b9eaa77d-7ed5-4425-afb8-8abe476d2716", "fields": {"name": "shaurya", "created_at": "2026-02-25T06:27:07.506Z", "updated_at": "2026-02-25T06:27:07.506Z"}}, {"model": "community.community", "pk": "bee4b550-bf9c-4ebd-8b16-f632d6e816cc", "fields": {"name": "s", "created_at": "2026-02-24T07:09:48.722Z", "updated_at": "2026-02-24T07:21:05.289Z"}}, {"model": "community.community", "pk": "d0816620-ad1f-4558-b5e7-fbfaadc107dd", "fields": {"name": "Mountainview", "created_at": "2026-02-24T04:35:17.475Z", "updated_at": "2026-02-24T04:35:17.475Z"}}, {"model": "community.community", "pk": "d59d82f6-4621-4d46-b632-cce15b292088", "fields": {"name": "Riverside", "created_at": "2026-02-24T04:35:17.473Z", "updated_at": "2026-02-25T07:30:36.178Z"}}, {"model": "community.community", "pk": "db23d502-9258-40ae-89d7-81ea2587e8ba", "fields": {"name": "qqqqq", "created_at": "2026-02-27T11:53:00.703Z", "updated_at": "2026-02-27T11:53:00.703Z"}}, {"model": "community.community", "pk": "dbe69db6-a83d-428f-9c0a-7f045c27d798", "fields": {"name": "Valley", "created_at": "2026-02-24T04:35:17.481Z", "updated_at": "2026-02-27T09:40:51.605Z"}}, {"model": "community.community", "pk": "dbe69db6-a83d-428f-9c0a-7f045c27d799", "fields": {"name": "Markham", "created_at": "2026-03-09T08:37:17.913Z", "updated_at": "2026-03-09T08:37:17.913Z"}}, {"model": "community.community", "pk": "dbe69db6-a83d-428f-9c0a-7f045c27d800", "fields": {"name": "Vaughan", "created_at": "2026-03-09T08:37:17.914Z", "updated_at": "2026-03-09T08:37:17.914Z"}}, {"model": "community.community", "pk": "dbe69db6-a83d-428f-9c0a-7f045c27d801", "fields": {"name": "Richmond Hill", "created_at": "2026-03-09T08:37:17.915Z", "updated_at": "2026-03-09T08:37:17.915Z"}}, {"model": "community.community", "pk": "dbe69db6-a83d-428f-9c0a-7f045c27d802", "fields": {"name": "Toronto", "created_at": "2026-03-09T08:37:17.915Z", "updated_at": "2026-03-09T08:37:17.915Z"}}, {"model": "community.community", "pk": "e5821f4a-e84f-4a48-a5c5-c3025f7592a7", "fields": {"name": "Your Community Name111", "created_at": "2026-03-06T08:57:13.009Z", "updated_at": "2026-03-06T08:57:13.009Z"}}, {"model": "community.community", "pk": "f4ed7247-7594-4644-a368-f17ce493da92", "fields": {"name": "Updated Community pkill -f celery 111", "created_at": "2026-02-24T06:17:13.606Z", "updated_at": "2026-02-27T09:41:22.757Z"}}, {"model": "community.communitycensusdata", "pk": 7, "fields": {"community": "ab579d13-f2c0-4520-a835-ed10ee67ba11", "census_year": 4, "population": 51240, "tier": "Urban", "region": "Region 2", "zone": "1", "province": "Ontario", "is_active": true, "start_date": "2026-02-27T10:00:54Z", "end_date": "2028-02-27T10:00:56Z", "created_at": "2026-03-02T05:25:47.913Z", "updated_at": "2026-03-02T05:57:24.007Z", "sites": []}}, {"model": "community.communitycensusdata", "pk": 8, "fields": {"community": "53341a0e-79dd-4901-b878-505e2f09f30f", "census_year": 4, "population": 675000, "tier": "1", "region": "Lower Mainland", "zone": "Metro Vancouver", "province": "BC", "is_active": true, "start_date": null, "end_date": null, "created_at": "2026-03-02T05:25:47.916Z", "updated_at": "2026-03-02T05:57:20.959Z", "sites": []}}, {"model": "community.communitycensusdata", "pk": 19, "fields": {"community": "ab579d13-f2c0-4520-a835-ed10ee67ba11", "census_year": 11, "population": 51240, "tier": "Urban", "region": "Region 2", "zone": "1", "province": "Ontario", "is_active": true, "start_date": "2026-02-27T10:00:54Z", "end_date": "2028-02-27T10:00:56Z", "created_at": "2026-03-02T06:04:20.276Z", "updated_at": "2026-03-02T09:06:06.854Z", "sites": []}}, {"model": "community.communitycensusdata", "pk": 20, "fields": {"community": "53341a0e-79dd-4901-b878-505e2f09f30f", "census_year": 11, "population": 705000, "tier": "1", "region": "Lower Mainland", "zone": "Metro Vancouver", "province": "BC", "is_active": true, "start_date": null, "end_date": null, "created_at": "2026-03-02T06:04:20.277Z", "updated_at": "2026-03-02T06:24:03.709Z", "sites": []}}, {"model": "community.communitycensusdata", "pk": 21, "fields": {"community": "53341a0e-79dd-4901-b878-505e2f09f30f", "census_year": 12, "population": 675000, "tier": "1", "region": "Lower Mainland", "zone": "Metro Vancouver", "province": "BC", "is_active": true, "start_date": null, "end_date": null, "created_at": "2026-03-02T06:04:56.573Z", "updated_at": "2026-03-02T06:04:56.573Z", "sites": []}}, {"model": "community.communitycensusdata", "pk": 22, "fields": {"community": "53341a0e-79dd-4901-b878-505e2f09f30f", "census_year": 13, "population": 5000, "tier": "1", "region": "Lower Mainland", "zone": "Metro Vancouver", "province": "BC", "is_active": false, "start_date": "2026-03-02T10:36:59Z", "end_date": null, "created_at": "2026-03-02T06:07:46.014Z", "updated_at": "2026-03-05T10:21:22.712Z", "sites": []}}, {"model": "community.communitycensusdata", "pk": 24, "fields": {"community": "0173b598-602e-4fb9-8d55-6d97f9e941cb", "census_year": 13, "population": 85741, "tier": "Urban", "region": "Region 1", "zone": "s", "province": "Ontario", "is_active": true, "start_date": "2026-03-02T09:14:58Z", "end_date": "2028-03-02T12:41:28Z", "created_at": "2026-03-02T09:15:00.919Z", "updated_at": "2026-03-02T12:51:53.473Z", "sites": []}}, {"model": "community.communitycensusdata", "pk": 36, "fields": {"community": "0084db9a-c0b1-463e-b6df-4092661154d8", "census_year": 13, "population": 2500, "tier": "Urban", "region": "Region 2", "zone": "s", "province": "Ontario", "is_active": true, "start_date": "2026-03-05T11:52:39Z", "end_date": null, "created_at": "2026-03-05T11:52:40.462Z", "updated_at": "2026-03-05T14:31:04.439Z", "sites": []}}, {"model": "community.communitycensusdata", "pk": 37, "fields": {"community": "ab579d13-f2c0-4520-a835-ed10ee67ba11", "census_year": 13, "population": 675000, "tier": "1", "region": "Lower Mainland", "zone": "Metro Vancouver", "province": "BC", "is_active": true, "start_date": null, "end_date": null, "created_at": "2026-03-06T06:32:27.626Z", "updated_at": "2026-03-06T06:32:27.626Z", "sites": []}}, {"model": "community.communitycensusdata", "pk": 38, "fields": {"community": "1f59aa2e-4886-4c68-84fc-e07bb845ddb5", "census_year": 13, "population": 675000, "tier": "1", "region": "Lower Mainland", "zone": "Metro Vancouver", "province": "BC", "is_active": true, "start_date": null, "end_date": null, "created_at": "2026-03-06T06:33:46.373Z", "updated_at": "2026-03-06T06:33:46.373Z", "sites": []}}, {"model": "community.communitycensusdata", "pk": 39, "fields": {"community": "1f59aa2e-4886-4c68-84fc-e07bb845ddb5", "census_year": 12, "population": 675000, "tier": "1", "region": "Lower Mainland", "zone": "Metro Vancouver", "province": "BC", "is_active": true, "start_date": null, "end_date": null, "created_at": "2026-03-06T06:34:19.206Z", "updated_at": "2026-03-06T06:34:19.206Z", "sites": []}}, {"model": "community.communitycensusdata", "pk": 40, "fields": {"community": "923cf29b-47f3-4df0-b367-fa807fc889a1", "census_year": 13, "population": 675000, "tier": "1", "region": "Lower Mainland", "zone": "Metro Vancouver", "province": "BC", "is_active": true, "start_date": null, "end_date": null, "created_at": "2026-03-06T06:47:36.924Z", "updated_at": "2026-03-06T06:47:36.924Z", "sites": []}}, {"model": "community.communitycensusdata", "pk": 41, "fields": {"community": "0ee12818-f7f5-43d5-a480-49bcec8d5872", "census_year": 13, "population": 800000, "tier": "2", "region": "Fraser Valley", "zone": "Surrey", "province": "BC", "is_active": true, "start_date": null, "end_date": null, "created_at": "2026-03-06T06:48:11.903Z", "updated_at": "2026-03-09T11:07:50.558Z", "sites": []}}, {"model": "community.communitycensusdata", "pk": 44, "fields": {"community": "ab579d13-f2c0-4520-a835-ed10ee67ba11", "census_year": 17, "population": 675000, "tier": "1", "region": "Lower Mainland", "zone": "Metro Vancouver", "province": "BC", "is_active": true, "start_date": null, "end_date": null, "created_at": "2026-03-09T08:37:17.694Z", "updated_at": "2026-03-09T08:37:17.694Z", "sites": []}}, {"model": "community.communitycensusdata", "pk": 45, "fields": {"community": "1f59aa2e-4886-4c68-84fc-e07bb845ddb5", "census_year": 17, "population": 675000, "tier": "1", "region": "Lower Mainland", "zone": "Metro Vancouver", "province": "BC", "is_active": true, "start_date": null, "end_date": null, "created_at": "2026-03-09T08:37:17.765Z", "updated_at": "2026-03-09T08:37:17.765Z", "sites": []}}, {"model": "community.communitycensusdata", "pk": 46, "fields": {"community": "0084db9a-c0b1-463e-b6df-4092661154d8", "census_year": 17, "population": 2500, "tier": "Urban", "region": "Region 2", "zone": "s", "province": "Ontario", "is_active": true, "start_date": "2026-03-05T11:52:39Z", "end_date": null, "created_at": "2026-03-09T08:37:17.767Z", "updated_at": "2026-03-09T08:37:17.767Z", "sites": []}}, {"model": "community.communitycensusdata", "pk": 47, "fields": {"community": "0173b598-602e-4fb9-8d55-6d97f9e941cb", "census_year": 17, "population": 85741, "tier": "Urban", "region": "Region 1", "zone": "s", "province": "Ontario", "is_active": true, "start_date": "2026-03-02T09:14:58Z", "end_date": "2028-03-02T12:41:28Z", "created_at": "2026-03-09T08:37:17.768Z", "updated_at": "2026-03-09T08:37:17.768Z", "sites": []}}, {"model": "community.communitycensusdata", "pk": 48, "fields": {"community": "923cf29b-47f3-4df0-b367-fa807fc889a1", "census_year": 17, "population": 675000, "tier": "1", "region": "Lower Mainland", "zone": "Metro Vancouver", "province": "BC", "is_active": true, "start_date": null, "end_date": null, "created_at": "2026-03-09T08:37:17.770Z", "updated_at": "2026-03-09T08:37:17.770Z", "sites": []}}, {"model": "community.communitycensusdata", "pk": 49, "fields": {"community": "0ee12818-f7f5-43d5-a480-49bcec8d5872", "census_year": 17, "population": 800000, "tier": "2", "region": "Fraser Valley", "zone": "Surrey", "province": "BC", "is_active": true, "start_date": null, "end_date": null, "created_at": "2026-03-09T08:37:17.771Z", "updated_at": "2026-03-09T08:37:17.771Z", "sites": []}}, {"model": "community.communitycensusdata", "pk": 50, "fields": {"community": "ab579d13-f2c0-4520-a835-ed10ee67ba11", "census_year": 18, "population": 675000, "tier": "1", "region": "Lower Mainland", "zone": "Metro Vancouver", "province": "BC", "is_active": true, "start_date": null, "end_date": null, "created_at": "2026-03-09T08:37:17.847Z", "updated_at": "2026-03-09T08:37:17.847Z", "sites": []}}, {"model": "community.communitycensusdata", "pk": 51, "fields": {"community": "1f59aa2e-4886-4c68-84fc-e07bb845ddb5", "census_year": 18, "population": 675000, "tier": "1", "region": "Lower Mainland", "zone": "Metro Vancouver", "province": "BC", "is_active": true, "start_date": null, "end_date": null, "created_at": "2026-03-09T08:37:17.849Z", "updated_at": "2026-03-09T08:37:17.849Z", "sites": []}}, {"model": "community.communitycensusdata", "pk": 52, "fields": {"community": "0084db9a-c0b1-463e-b6df-4092661154d8", "census_year": 18, "population": 2500, "tier": "Urban", "region": "Region 2", "zone": "s", "province": "Ontario", "is_active": true, "start_date": "2026-03-05T11:52:39Z", "end_date": null, "created_at": "2026-03-09T08:37:17.850Z", "updated_at": "2026-03-09T08:37:17.850Z", "sites": []}}, {"model": "community.communitycensusdata", "pk": 53, "fields": {"community": "0173b598-602e-4fb9-8d55-6d97f9e941cb", "census_year": 18, "population": 85741, "tier": "Urban", "region": "Region 1", "zone": "s", "province": "Ontario", "is_active": true, "start_date": "2026-03-02T09:14:58Z", "end_date": "2028-03-02T12:41:28Z", "created_at": "2026-03-09T08:37:17.852Z", "updated_at": "2026-03-09T08:37:17.852Z", "sites": []}}, {"model": "community.communitycensusdata", "pk": 54, "fields": {"community": "923cf29b-47f3-4df0-b367-fa807fc889a1", "census_year": 18, "population": 675000, "tier": "1", "region": "Lower Mainland", "zone": "Metro Vancouver", "province": "BC", "is_active": true, "start_date": null, "end_date": null, "created_at": "2026-03-09T08:37:17.853Z", "updated_at": "2026-03-09T08:37:17.853Z", "sites": []}}, {"model": "community.communitycensusdata", "pk": 55, "fields": {"community": "0ee12818-f7f5-43d5-a480-49bcec8d5872", "census_year": 18, "population": 800000, "tier": "2", "region": "Fraser Valley", "zone": "Surrey", "province": "BC", "is_active": true, "start_date": null, "end_date": null, "created_at": "2026-03-09T08:37:17.856Z", "updated_at": "2026-03-09T08:37:17.856Z", "sites": []}}, {"model": "community.communitycensusdata", "pk": 56, "fields": {"community": "dbe69db6-a83d-428f-9c0a-7f045c27d798", "census_year": 17, "population": 15000, "tier": "Urban", "region": "Central", "zone": "North", "province": "Saskatchewan", "is_active": false, "start_date": "2023-12-31T18:30:00Z", "end_date": "2024-12-30T18:30:00Z", "created_at": "2026-03-09T08:37:17.917Z", "updated_at": "2026-03-09T08:37:17.917Z", "sites": []}}, {"model": "community.communitycensusdata", "pk": 57, "fields": {"community": "dbe69db6-a83d-428f-9c0a-7f045c27d798", "census_year": 18, "population": 14800, "tier": "Urban", "region": "Central", "zone": "North", "province": "Saskatchewan", "is_active": false, "start_date": "2022-12-31T18:30:00Z", "end_date": "2023-12-30T18:30:00Z", "created_at": "2026-03-09T08:37:17.919Z", "updated_at": "2026-03-09T08:37:17.919Z", "sites": []}}, {"model": "community.communitycensusdata", "pk": 58, "fields": {"community": "dbe69db6-a83d-428f-9c0a-7f045c27d799", "census_year": 17, "population": 35000, "tier": "Suburban", "region": "Central", "zone": "North", "province": "Ontario", "is_active": false, "start_date": "2023-12-31T18:30:00Z", "end_date": "2024-12-30T18:30:00Z", "created_at": "2026-03-09T08:37:17.921Z", "updated_at": "2026-03-09T08:37:17.921Z", "sites": []}}, {"model": "community.communitycensusdata", "pk": 59, "fields": {"community": "dbe69db6-a83d-428f-9c0a-7f045c27d799", "census_year": 18, "population": 34000, "tier": "Suburban", "region": "Central", "zone": "North", "province": "Ontario", "is_active": false, "start_date": "2022-12-31T18:30:00Z", "end_date": "2023-12-30T18:30:00Z", "created_at": "2026-03-09T08:37:17.923Z", "updated_at": "2026-03-09T08:37:17.924Z", "sites": []}}, {"model": "community.communitycensusdata", "pk": 60, "fields": {"community": "dbe69db6-a83d-428f-9c0a-7f045c27d800", "census_year": 17, "population": 32000, "tier": "Suburban", "region": "Central", "zone": "North", "province": "Ontario", "is_active": false, "start_date": "2023-12-31T18:30:00Z", "end_date": "2024-12-30T18:30:00Z", "created_at": "2026-03-09T08:37:17.927Z", "updated_at": "2026-03-09T08:37:17.927Z", "sites": []}}, {"model": "community.communitycensusdata", "pk": 61, "fields": {"community": "dbe69db6-a83d-428f-9c0a-7f045c27d801", "census_year": 17, "population": 22000, "tier": "Suburban", "region": "Central", "zone": "North", "province": "Ontario", "is_active": false, "start_date": "2023-12-31T18:30:00Z", "end_date": "2024-12-30T18:30:00Z", "created_at": "2026-03-09T08:37:17.930Z", "updated_at": "2026-03-09T08:37:17.930Z", "sites": []}}, {"model": "community.communitycensusdata", "pk": 62, "fields": {"community": "dbe69db6-a83d-428f-9c0a-7f045c27d802", "census_year": 17, "population": 2800000, "tier": "Urban", "region": "Central", "zone": "Central", "province": "Ontario", "is_active": false, "start_date": "2023-12-31T18:30:00Z", "end_date": "2024-12-30T18:30:00Z", "created_at": "2026-03-09T08:37:17.931Z", "updated_at": "2026-03-09T08:37:17.931Z", "sites": []}}, {"model": "community.communitycensusdata", "pk": 64, "fields": {"community": "b0425424-3c40-414b-a22e-8a4f9a419191", "census_year": 13, "population": 45222, "tier": "Suburban", "region": "Region 1", "zone": "North", "province": "Ontario", "is_active": true, "start_date": "2026-03-09T13:59:09Z", "end_date": null, "created_at": "2026-03-09T13:59:11.435Z", "updated_at": "2026-03-09T13:59:11.435Z", "sites": []}}, {"model": "community.adjacentcommunity", "pk": 1, "fields": {"from_community": "dbe69db6-a83d-428f-9c0a-7f045c27d798", "census_year": 17, "created_at": "2026-03-09T08:37:17.935Z", "updated_at": "2026-03-09T09:07:20.534Z", "to_communities": ["0173b598-602e-4fb9-8d55-6d97f9e941cb", "d0816620-ad1f-4558-b5e7-fbfaadc107dd", "923cf29b-47f3-4df0-b367-fa807fc889a1"]}}, {"model": "community.adjacentcommunity", "pk": 2, "fields": {"from_community": "dbe69db6-a83d-428f-9c0a-7f045c27d798", "census_year": 17, "created_at": "2026-03-09T08:37:17.937Z", "updated_at": "2026-03-09T09:07:26.733Z", "to_communities": ["0084db9a-c0b1-463e-b6df-4092661154d8", "dbe69db6-a83d-428f-9c0a-7f045c27d799", "a5eb9afa-b831-423d-97a3-3c1f687cb2e8", "dbe69db6-a83d-428f-9c0a-7f045c27d801"]}}, {"model": "community.adjacentcommunity", "pk": 9, "fields": {"from_community": "ab579d13-f2c0-4520-a835-ed10ee67ba11", "census_year": 13, "created_at": "2026-03-09T09:31:18.761Z", "updated_at": "2026-03-09T09:31:18.761Z", "to_communities": ["1f59aa2e-4886-4c68-84fc-e07bb845ddb5", "53341a0e-79dd-4901-b878-505e2f09f30f"]}}, {"model": "community.adjacentcommunity", "pk": 10, "fields": {"from_community": "1f59aa2e-4886-4c68-84fc-e07bb845ddb5", "census_year": 13, "created_at": "2026-03-09T09:31:18.765Z", "updated_at": "2026-03-09T09:31:18.765Z", "to_communities": ["ab579d13-f2c0-4520-a835-ed10ee67ba11"]}}, {"model": "community.adjacentcommunity", "pk": 11, "fields": {"from_community": "53341a0e-79dd-4901-b878-505e2f09f30f", "census_year": 13, "created_at": "2026-03-09T09:31:18.768Z", "updated_at": "2026-03-09T09:31:18.768Z", "to_communities": ["0084db9a-c0b1-463e-b6df-4092661154d8", "b0425424-3c40-414b-a22e-8a4f9a419191"]}}, {"model": "community.adjacentcommunity", "pk": 12, "fields": {"from_community": "0084db9a-c0b1-463e-b6df-4092661154d8", "census_year": 13, "created_at": "2026-03-09T09:35:12.581Z", "updated_at": "2026-03-09T09:35:12.581Z", "to_communities": ["923cf29b-47f3-4df0-b367-fa807fc889a1", "2804892d-6abb-4538-bc19-a6b22981a624"]}}, {"model": "complaince.compliancecalculation", "pk": 193, "fields": {"community": "53341a0e-79dd-4901-b878-505e2f09f30f", "census_year": 11, "program": "Paint", "required_sites": 0, "actual_sites": 0, "shortfall": 0, "excess": 0, "compliance_rate": "0.00", "calculation_date": "2026-03-02T08:58:53.784Z", "created_by": null, "created_at": "2026-03-02T08:58:53.784Z", "updated_at": "2026-03-05T14:37:17.678Z"}}, {"model": "complaince.compliancecalculation", "pk": 194, "fields": {"community": "53341a0e-79dd-4901-b878-505e2f09f30f", "census_year": 11, "program": "Lighting", "required_sites": 0, "actual_sites": 0, "shortfall": 0, "excess": 0, "compliance_rate": "0.00", "calculation_date": "2026-03-02T08:58:53.789Z", "created_by": null, "created_at": "2026-03-02T08:58:53.789Z", "updated_at": "2026-03-05T14:37:17.681Z"}}, {"model": "complaince.compliancecalculation", "pk": 195, "fields": {"community": "53341a0e-79dd-4901-b878-505e2f09f30f", "census_year": 11, "program": "Solvents", "required_sites": 0, "actual_sites": 0, "shortfall": 0, "excess": 0, "compliance_rate": "0.00", "calculation_date": "2026-03-02T08:58:53.794Z", "created_by": null, "created_at": "2026-03-02T08:58:53.794Z", "updated_at": "2026-03-05T14:37:17.683Z"}}, {"model": "complaince.compliancecalculation", "pk": 196, "fields": {"community": "53341a0e-79dd-4901-b878-505e2f09f30f", "census_year": 11, "program": "Pesticides", "required_sites": 0, "actual_sites": 0, "shortfall": 0, "excess": 0, "compliance_rate": "0.00", "calculation_date": "2026-03-02T08:58:53.802Z", "created_by": null, "created_at": "2026-03-02T08:58:53.802Z", "updated_at": "2026-03-05T14:37:17.685Z"}}, {"model": "complaince.compliancecalculation", "pk": 197, "fields": {"community": "ab579d13-f2c0-4520-a835-ed10ee67ba11", "census_year": 11, "program": "Paint", "required_sites": 0, "actual_sites": 0, "shortfall": 0, "excess": 0, "compliance_rate": "0.00", "calculation_date": "2026-03-02T09:06:06.960Z", "created_by": null, "created_at": "2026-03-02T09:06:06.960Z", "updated_at": "2026-03-05T14:37:19.697Z"}}, {"model": "complaince.compliancecalculation", "pk": 198, "fields": {"community": "ab579d13-f2c0-4520-a835-ed10ee67ba11", "census_year": 11, "program": "Lighting", "required_sites": 0, "actual_sites": 0, "shortfall": 0, "excess": 0, "compliance_rate": "0.00", "calculation_date": "2026-03-02T09:06:06.967Z", "created_by": null, "created_at": "2026-03-02T09:06:06.967Z", "updated_at": "2026-03-05T14:37:19.700Z"}}, {"model": "complaince.compliancecalculation", "pk": 199, "fields": {"community": "ab579d13-f2c0-4520-a835-ed10ee67ba11", "census_year": 11, "program": "Solvents", "required_sites": 0, "actual_sites": 0, "shortfall": 0, "excess": 0, "compliance_rate": "0.00", "calculation_date": "2026-03-02T09:06:06.971Z", "created_by": null, "created_at": "2026-03-02T09:06:06.971Z", "updated_at": "2026-03-05T14:37:19.703Z"}}, {"model": "complaince.compliancecalculation", "pk": 200, "fields": {"community": "ab579d13-f2c0-4520-a835-ed10ee67ba11", "census_year": 11, "program": "Pesticides", "required_sites": 0, "actual_sites": 0, "shortfall": 0, "excess": 0, "compliance_rate": "0.00", "calculation_date": "2026-03-02T09:06:06.976Z", "created_by": null, "created_at": "2026-03-02T09:06:06.976Z", "updated_at": "2026-03-05T14:37:19.706Z"}}, {"model": "complaince.compliancecalculation", "pk": 209, "fields": {"community": "0173b598-602e-4fb9-8d55-6d97f9e941cb", "census_year": 13, "program": "Paint", "required_sites": 3, "actual_sites": 0, "shortfall": 3, "excess": 0, "compliance_rate": "0.00", "calculation_date": "2026-03-02T10:15:47.830Z", "created_by": null, "created_at": "2026-03-02T10:15:47.830Z", "updated_at": "2026-03-05T14:37:17.698Z"}}, {"model": "complaince.compliancecalculation", "pk": 210, "fields": {"community": "0173b598-602e-4fb9-8d55-6d97f9e941cb", "census_year": 13, "program": "Lighting", "required_sites": 0, "actual_sites": 0, "shortfall": 0, "excess": 0, "compliance_rate": "0.00", "calculation_date": "2026-03-02T10:15:47.834Z", "created_by": null, "created_at": "2026-03-02T10:15:47.834Z", "updated_at": "2026-03-05T14:37:17.700Z"}}, {"model": "complaince.compliancecalculation", "pk": 211, "fields": {"community": "0173b598-602e-4fb9-8d55-6d97f9e941cb", "census_year": 13, "program": "Solvents", "required_sites": 0, "actual_sites": 0, "shortfall": 0, "excess": 0, "compliance_rate": "0.00", "calculation_date": "2026-03-02T10:15:47.840Z", "created_by": null, "created_at": "2026-03-02T10:15:47.840Z", "updated_at": "2026-03-05T14:37:17.702Z"}}, {"model": "complaince.compliancecalculation", "pk": 212, "fields": {"community": "0173b598-602e-4fb9-8d55-6d97f9e941cb", "census_year": 13, "program": "Pesticides", "required_sites": 0, "actual_sites": 0, "shortfall": 0, "excess": 0, "compliance_rate": "0.00", "calculation_date": "2026-03-02T10:15:47.844Z", "created_by": null, "created_at": "2026-03-02T10:15:47.844Z", "updated_at": "2026-03-05T14:37:17.704Z"}}, {"model": "complaince.compliancecalculation", "pk": 213, "fields": {"community": "53341a0e-79dd-4901-b878-505e2f09f30f", "census_year": 13, "program": "Paint", "required_sites": 0, "actual_sites": 0, "shortfall": 0, "excess": 0, "compliance_rate": "0.00", "calculation_date": "2026-03-02T10:19:59.802Z", "created_by": null, "created_at": "2026-03-02T10:19:59.802Z", "updated_at": "2026-03-02T10:48:49.683Z"}}, {"model": "complaince.compliancecalculation", "pk": 214, "fields": {"community": "53341a0e-79dd-4901-b878-505e2f09f30f", "census_year": 13, "program": "Lighting", "required_sites": 0, "actual_sites": 0, "shortfall": 0, "excess": 0, "compliance_rate": "0.00", "calculation_date": "2026-03-02T10:19:59.804Z", "created_by": null, "created_at": "2026-03-02T10:19:59.804Z", "updated_at": "2026-03-02T10:48:49.689Z"}}, {"model": "complaince.compliancecalculation", "pk": 215, "fields": {"community": "53341a0e-79dd-4901-b878-505e2f09f30f", "census_year": 13, "program": "Solvents", "required_sites": 0, "actual_sites": 0, "shortfall": 0, "excess": 0, "compliance_rate": "0.00", "calculation_date": "2026-03-02T10:19:59.806Z", "created_by": null, "created_at": "2026-03-02T10:19:59.806Z", "updated_at": "2026-03-02T10:48:49.694Z"}}, {"model": "complaince.compliancecalculation", "pk": 216, "fields": {"community": "53341a0e-79dd-4901-b878-505e2f09f30f", "census_year": 13, "program": "Pesticides", "required_sites": 0, "actual_sites": 0, "shortfall": 0, "excess": 0, "compliance_rate": "0.00", "calculation_date": "2026-03-02T10:19:59.807Z", "created_by": null, "created_at": "2026-03-02T10:19:59.808Z", "updated_at": "2026-03-02T10:48:49.701Z"}}, {"model": "complaince.compliancecalculation", "pk": 217, "fields": {"community": "0084db9a-c0b1-463e-b6df-4092661154d8", "census_year": 13, "program": "Paint", "required_sites": 1, "actual_sites": 2, "shortfall": 0, "excess": 1, "compliance_rate": "100.00", "calculation_date": "2026-03-02T10:23:53.435Z", "created_by": null, "created_at": "2026-03-02T10:23:53.435Z", "updated_at": "2026-03-05T14:37:17.714Z"}}, {"model": "complaince.compliancecalculation", "pk": 218, "fields": {"community": "0084db9a-c0b1-463e-b6df-4092661154d8", "census_year": 13, "program": "Lighting", "required_sites": 0, "actual_sites": 0, "shortfall": 0, "excess": 0, "compliance_rate": "0.00", "calculation_date": "2026-03-02T10:23:53.440Z", "created_by": null, "created_at": "2026-03-02T10:23:53.440Z", "updated_at": "2026-03-05T14:37:17.716Z"}}, {"model": "complaince.compliancecalculation", "pk": 219, "fields": {"community": "0084db9a-c0b1-463e-b6df-4092661154d8", "census_year": 13, "program": "Solvents", "required_sites": 0, "actual_sites": 0, "shortfall": 0, "excess": 0, "compliance_rate": "0.00", "calculation_date": "2026-03-02T10:23:53.444Z", "created_by": null, "created_at": "2026-03-02T10:23:53.444Z", "updated_at": "2026-03-09T13:55:42.067Z"}}, {"model": "complaince.compliancecalculation", "pk": 220, "fields": {"community": "0084db9a-c0b1-463e-b6df-4092661154d8", "census_year": 13, "program": "Pesticides", "required_sites": 0, "actual_sites": 0, "shortfall": 0, "excess": 0, "compliance_rate": "0.00", "calculation_date": "2026-03-02T10:23:53.448Z", "created_by": null, "created_at": "2026-03-02T10:23:53.448Z", "updated_at": "2026-03-05T14:37:17.720Z"}}, {"model": "complaince.compliancecalculation", "pk": 221, "fields": {"community": "53341a0e-79dd-4901-b878-505e2f09f30f", "census_year": 4, "program": "Paint", "required_sites": 15, "actual_sites": 2, "shortfall": 13, "excess": 0, "compliance_rate": "13.33", "calculation_date": "2026-03-02T10:59:37.713Z", "created_by": null, "created_at": "2026-03-02T10:59:37.713Z", "updated_at": "2026-03-05T14:37:18.682Z"}}, {"model": "complaince.compliancecalculation", "pk": 222, "fields": {"community": "53341a0e-79dd-4901-b878-505e2f09f30f", "census_year": 4, "program": "Lighting", "required_sites": 0, "actual_sites": 0, "shortfall": 0, "excess": 0, "compliance_rate": "0.00", "calculation_date": "2026-03-02T10:59:37.718Z", "created_by": null, "created_at": "2026-03-02T10:59:37.718Z", "updated_at": "2026-03-05T14:37:18.684Z"}}, {"model": "complaince.compliancecalculation", "pk": 223, "fields": {"community": "53341a0e-79dd-4901-b878-505e2f09f30f", "census_year": 4, "program": "Solvents", "required_sites": 0, "actual_sites": 0, "shortfall": 0, "excess": 0, "compliance_rate": "0.00", "calculation_date": "2026-03-02T10:59:37.722Z", "created_by": null, "created_at": "2026-03-02T10:59:37.722Z", "updated_at": "2026-03-05T14:37:18.686Z"}}, {"model": "complaince.compliancecalculation", "pk": 224, "fields": {"community": "53341a0e-79dd-4901-b878-505e2f09f30f", "census_year": 4, "program": "Pesticides", "required_sites": 0, "actual_sites": 0, "shortfall": 0, "excess": 0, "compliance_rate": "0.00", "calculation_date": "2026-03-02T10:59:37.728Z", "created_by": null, "created_at": "2026-03-02T10:59:37.728Z", "updated_at": "2026-03-05T14:37:18.688Z"}}, {"model": "complaince.compliancecalculation", "pk": 225, "fields": {"community": "ab579d13-f2c0-4520-a835-ed10ee67ba11", "census_year": 4, "program": "Paint", "required_sites": 2, "actual_sites": 0, "shortfall": 2, "excess": 0, "compliance_rate": "0.00", "calculation_date": "2026-03-02T11:20:13.639Z", "created_by": null, "created_at": "2026-03-02T11:20:13.639Z", "updated_at": "2026-03-05T14:37:17.663Z"}}, {"model": "complaince.compliancecalculation", "pk": 226, "fields": {"community": "ab579d13-f2c0-4520-a835-ed10ee67ba11", "census_year": 4, "program": "Lighting", "required_sites": 0, "actual_sites": 0, "shortfall": 0, "excess": 0, "compliance_rate": "0.00", "calculation_date": "2026-03-02T11:20:13.644Z", "created_by": null, "created_at": "2026-03-02T11:20:13.644Z", "updated_at": "2026-03-05T14:37:17.666Z"}}, {"model": "complaince.compliancecalculation", "pk": 227, "fields": {"community": "ab579d13-f2c0-4520-a835-ed10ee67ba11", "census_year": 4, "program": "Solvents", "required_sites": 0, "actual_sites": 0, "shortfall": 0, "excess": 0, "compliance_rate": "0.00", "calculation_date": "2026-03-02T11:20:13.649Z", "created_by": null, "created_at": "2026-03-02T11:20:13.649Z", "updated_at": "2026-03-05T14:37:17.668Z"}}, {"model": "complaince.compliancecalculation", "pk": 228, "fields": {"community": "ab579d13-f2c0-4520-a835-ed10ee67ba11", "census_year": 4, "program": "Pesticides", "required_sites": 0, "actual_sites": 0, "shortfall": 0, "excess": 0, "compliance_rate": "0.00", "calculation_date": "2026-03-02T11:20:13.653Z", "created_by": null, "created_at": "2026-03-02T11:20:13.653Z", "updated_at": "2026-03-05T14:37:17.671Z"}}, {"model": "complaince.compliancecalculation", "pk": 229, "fields": {"community": "53341a0e-79dd-4901-b878-505e2f09f30f", "census_year": 12, "program": "Paint", "required_sites": 0, "actual_sites": 0, "shortfall": 0, "excess": 0, "compliance_rate": "0.00", "calculation_date": "2026-03-05T11:26:11.805Z", "created_by": null, "created_at": "2026-03-05T11:26:11.805Z", "updated_at": "2026-03-05T14:37:18.698Z"}}, {"model": "complaince.compliancecalculation", "pk": 230, "fields": {"community": "53341a0e-79dd-4901-b878-505e2f09f30f", "census_year": 12, "program": "Lighting", "required_sites": 0, "actual_sites": 0, "shortfall": 0, "excess": 0, "compliance_rate": "0.00", "calculation_date": "2026-03-05T11:26:11.809Z", "created_by": null, "created_at": "2026-03-05T11:26:11.809Z", "updated_at": "2026-03-05T14:37:18.700Z"}}, {"model": "complaince.compliancecalculation", "pk": 231, "fields": {"community": "53341a0e-79dd-4901-b878-505e2f09f30f", "census_year": 12, "program": "Solvents", "required_sites": 0, "actual_sites": 0, "shortfall": 0, "excess": 0, "compliance_rate": "0.00", "calculation_date": "2026-03-05T11:26:11.812Z", "created_by": null, "created_at": "2026-03-05T11:26:11.812Z", "updated_at": "2026-03-05T14:37:18.701Z"}}, {"model": "complaince.compliancecalculation", "pk": 232, "fields": {"community": "53341a0e-79dd-4901-b878-505e2f09f30f", "census_year": 12, "program": "Pesticides", "required_sites": 0, "actual_sites": 0, "shortfall": 0, "excess": 0, "compliance_rate": "0.00", "calculation_date": "2026-03-05T11:26:11.815Z", "created_by": null, "created_at": "2026-03-05T11:26:11.815Z", "updated_at": "2026-03-05T14:37:18.703Z"}}, {"model": "complaince.compliancecalculation", "pk": 237, "fields": {"community": "1f59aa2e-4886-4c68-84fc-e07bb845ddb5", "census_year": 12, "program": "Paint", "required_sites": 0, "actual_sites": 0, "shortfall": 0, "excess": 0, "compliance_rate": "0.00", "calculation_date": "2026-03-09T13:55:42.016Z", "created_by": null, "created_at": "2026-03-09T13:55:42.016Z", "updated_at": "2026-03-09T13:55:42.016Z"}}, {"model": "complaince.compliancecalculation", "pk": 238, "fields": {"community": "1f59aa2e-4886-4c68-84fc-e07bb845ddb5", "census_year": 12, "program": "Lighting", "required_sites": 0, "actual_sites": 0, "shortfall": 0, "excess": 0, "compliance_rate": "0.00", "calculation_date": "2026-03-09T13:55:42.022Z", "created_by": null, "created_at": "2026-03-09T13:55:42.022Z", "updated_at": "2026-03-09T13:55:42.022Z"}}, {"model": "complaince.compliancecalculation", "pk": 239, "fields": {"community": "1f59aa2e-4886-4c68-84fc-e07bb845ddb5", "census_year": 12, "program": "Solvents", "required_sites": 0, "actual_sites": 0, "shortfall": 0, "excess": 0, "compliance_rate": "0.00", "calculation_date": "2026-03-09T13:55:42.026Z", "created_by": null, "created_at": "2026-03-09T13:55:42.026Z", "updated_at": "2026-03-09T13:55:42.026Z"}}, {"model": "complaince.compliancecalculation", "pk": 240, "fields": {"community": "1f59aa2e-4886-4c68-84fc-e07bb845ddb5", "census_year": 12, "program": "Pesticides", "required_sites": 0, "actual_sites": 0, "shortfall": 0, "excess": 0, "compliance_rate": "0.00", "calculation_date": "2026-03-09T13:55:42.031Z", "created_by": null, "created_at": "2026-03-09T13:55:42.031Z", "updated_at": "2026-03-09T13:55:42.031Z"}}, {"model": "complaince.compliancecalculation", "pk": 241, "fields": {"community": "e5821f4a-e84f-4a48-a5c5-c3025f7592a7", "census_year": 13, "program": "Paint", "required_sites": 0, "actual_sites": 0, "shortfall": 0, "excess": 0, "compliance_rate": "0.00", "calculation_date": "2026-03-09T13:55:42.051Z", "created_by": null, "created_at": "2026-03-09T13:55:42.051Z", "updated_at": "2026-03-09T13:55:42.051Z"}}, {"model": "complaince.compliancecalculation", "pk": 242, "fields": {"community": "e5821f4a-e84f-4a48-a5c5-c3025f7592a7", "census_year": 13, "program": "Lighting", "required_sites": 0, "actual_sites": 0, "shortfall": 0, "excess": 0, "compliance_rate": "0.00", "calculation_date": "2026-03-09T13:55:42.054Z", "created_by": null, "created_at": "2026-03-09T13:55:42.054Z", "updated_at": "2026-03-09T13:55:42.054Z"}}, {"model": "complaince.compliancecalculation", "pk": 243, "fields": {"community": "e5821f4a-e84f-4a48-a5c5-c3025f7592a7", "census_year": 13, "program": "Solvents", "required_sites": 0, "actual_sites": 0, "shortfall": 0, "excess": 0, "compliance_rate": "0.00", "calculation_date": "2026-03-09T13:55:42.055Z", "created_by": null, "created_at": "2026-03-09T13:55:42.055Z", "updated_at": "2026-03-09T13:55:42.055Z"}}, {"model": "complaince.compliancecalculation", "pk": 244, "fields": {"community": "e5821f4a-e84f-4a48-a5c5-c3025f7592a7", "census_year": 13, "program": "Pesticides", "required_sites": 0, "actual_sites": 0, "shortfall": 0, "excess": 0, "compliance_rate": "0.00", "calculation_date": "2026-03-09T13:55:42.057Z", "created_by": null, "created_at": "2026-03-09T13:55:42.057Z", "updated_at": "2026-03-09T13:55:42.057Z"}}, {"model": "complaince.compliancecalculation", "pk": 245, "fields": {"community": "ab579d13-f2c0-4520-a835-ed10ee67ba11", "census_year": 17, "program": "Paint", "required_sites": 15, "actual_sites": 0, "shortfall": 15, "excess": 0, "compliance_rate": "0.00", "calculation_date": "2026-03-09T13:55:42.088Z", "created_by": null, "created_at": "2026-03-09T13:55:42.088Z", "updated_at": "2026-03-09T13:55:44.601Z"}}, {"model": "complaince.compliancecalculation", "pk": 246, "fields": {"community": "ab579d13-f2c0-4520-a835-ed10ee67ba11", "census_year": 17, "program": "Lighting", "required_sites": 0, "actual_sites": 0, "shortfall": 0, "excess": 0, "compliance_rate": "0.00", "calculation_date": "2026-03-09T13:55:42.091Z", "created_by": null, "created_at": "2026-03-09T13:55:42.091Z", "updated_at": "2026-03-09T13:55:44.603Z"}}, {"model": "complaince.compliancecalculation", "pk": 247, "fields": {"community": "ab579d13-f2c0-4520-a835-ed10ee67ba11", "census_year": 17, "program": "Solvents", "required_sites": 0, "actual_sites": 0, "shortfall": 0, "excess": 0, "compliance_rate": "0.00", "calculation_date": "2026-03-09T13:55:42.097Z", "created_by": null, "created_at": "2026-03-09T13:55:42.097Z", "updated_at": "2026-03-09T13:55:44.605Z"}}, {"model": "complaince.compliancecalculation", "pk": 248, "fields": {"community": "ab579d13-f2c0-4520-a835-ed10ee67ba11", "census_year": 17, "program": "Pesticides", "required_sites": 0, "actual_sites": 0, "shortfall": 0, "excess": 0, "compliance_rate": "0.00", "calculation_date": "2026-03-09T13:55:42.100Z", "created_by": null, "created_at": "2026-03-09T13:55:42.100Z", "updated_at": "2026-03-09T13:55:44.607Z"}}, {"model": "complaince.compliancecalculation", "pk": 249, "fields": {"community": "0173b598-602e-4fb9-8d55-6d97f9e941cb", "census_year": 17, "program": "Solvents", "required_sites": 0, "actual_sites": 0, "shortfall": 0, "excess": 0, "compliance_rate": "0.00", "calculation_date": "2026-03-09T13:55:42.106Z", "created_by": null, "created_at": "2026-03-09T13:55:42.106Z", "updated_at": "2026-03-09T13:55:49.553Z"}}, {"model": "complaince.compliancecalculation", "pk": 250, "fields": {"community": "53341a0e-79dd-4901-b878-505e2f09f30f", "census_year": 17, "program": "Paint", "required_sites": 0, "actual_sites": 0, "shortfall": 0, "excess": 0, "compliance_rate": "0.00", "calculation_date": "2026-03-09T13:55:42.112Z", "created_by": null, "created_at": "2026-03-09T13:55:42.112Z", "updated_at": "2026-03-09T13:55:43.540Z"}}, {"model": "complaince.compliancecalculation", "pk": 251, "fields": {"community": "53341a0e-79dd-4901-b878-505e2f09f30f", "census_year": 17, "program": "Lighting", "required_sites": 0, "actual_sites": 0, "shortfall": 0, "excess": 0, "compliance_rate": "0.00", "calculation_date": "2026-03-09T13:55:42.115Z", "created_by": null, "created_at": "2026-03-09T13:55:42.115Z", "updated_at": "2026-03-09T13:55:42.228Z"}}, {"model": "complaince.compliancecalculation", "pk": 252, "fields": {"community": "53341a0e-79dd-4901-b878-505e2f09f30f", "census_year": 17, "program": "Solvents", "required_sites": 0, "actual_sites": 0, "shortfall": 0, "excess": 0, "compliance_rate": "0.00", "calculation_date": "2026-03-09T13:55:42.117Z", "created_by": null, "created_at": "2026-03-09T13:55:42.117Z", "updated_at": "2026-03-09T13:55:42.232Z"}}, {"model": "complaince.compliancecalculation", "pk": 253, "fields": {"community": "53341a0e-79dd-4901-b878-505e2f09f30f", "census_year": 17, "program": "Pesticides", "required_sites": 0, "actual_sites": 0, "shortfall": 0, "excess": 0, "compliance_rate": "0.00", "calculation_date": "2026-03-09T13:55:42.119Z", "created_by": null, "created_at": "2026-03-09T13:55:42.119Z", "updated_at": "2026-03-09T13:55:42.234Z"}}, {"model": "complaince.compliancecalculation", "pk": 254, "fields": {"community": "0173b598-602e-4fb9-8d55-6d97f9e941cb", "census_year": 17, "program": "Paint", "required_sites": 3, "actual_sites": 0, "shortfall": 3, "excess": 0, "compliance_rate": "0.00", "calculation_date": "2026-03-09T13:55:42.136Z", "created_by": null, "created_at": "2026-03-09T13:55:42.136Z", "updated_at": "2026-03-09T13:55:49.549Z"}}, {"model": "complaince.compliancecalculation", "pk": 255, "fields": {"community": "0173b598-602e-4fb9-8d55-6d97f9e941cb", "census_year": 17, "program": "Lighting", "required_sites": 0, "actual_sites": 0, "shortfall": 0, "excess": 0, "compliance_rate": "0.00", "calculation_date": "2026-03-09T13:55:42.139Z", "created_by": null, "created_at": "2026-03-09T13:55:42.139Z", "updated_at": "2026-03-09T13:55:49.551Z"}}, {"model": "complaince.compliancecalculation", "pk": 256, "fields": {"community": "0173b598-602e-4fb9-8d55-6d97f9e941cb", "census_year": 17, "program": "Pesticides", "required_sites": 0, "actual_sites": 0, "shortfall": 0, "excess": 0, "compliance_rate": "0.00", "calculation_date": "2026-03-09T13:55:42.146Z", "created_by": null, "created_at": "2026-03-09T13:55:42.146Z", "updated_at": "2026-03-09T13:55:49.554Z"}}, {"model": "complaince.compliancecalculation", "pk": 257, "fields": {"community": "0173b598-602e-4fb9-8d55-6d97f9e941cb", "census_year": 18, "program": "Lighting", "required_sites": 0, "actual_sites": 0, "shortfall": 0, "excess": 0, "compliance_rate": "0.00", "calculation_date": "2026-03-09T13:55:42.153Z", "created_by": null, "created_at": "2026-03-09T13:55:42.153Z", "updated_at": "2026-03-09T13:55:46.541Z"}}, {"model": "complaince.compliancecalculation", "pk": 258, "fields": {"community": "0173b598-602e-4fb9-8d55-6d97f9e941cb", "census_year": 18, "program": "Solvents", "required_sites": 0, "actual_sites": 0, "shortfall": 0, "excess": 0, "compliance_rate": "0.00", "calculation_date": "2026-03-09T13:55:42.160Z", "created_by": null, "created_at": "2026-03-09T13:55:42.160Z", "updated_at": "2026-03-09T13:55:46.543Z"}}, {"model": "complaince.compliancecalculation", "pk": 259, "fields": {"community": "53341a0e-79dd-4901-b878-505e2f09f30f", "census_year": 18, "program": "Paint", "required_sites": 0, "actual_sites": 0, "shortfall": 0, "excess": 0, "compliance_rate": "0.00", "calculation_date": "2026-03-09T13:55:42.166Z", "created_by": null, "created_at": "2026-03-09T13:55:42.166Z", "updated_at": "2026-03-09T13:55:43.685Z"}}, {"model": "complaince.compliancecalculation", "pk": 260, "fields": {"community": "53341a0e-79dd-4901-b878-505e2f09f30f", "census_year": 18, "program": "Lighting", "required_sites": 0, "actual_sites": 0, "shortfall": 0, "excess": 0, "compliance_rate": "0.00", "calculation_date": "2026-03-09T13:55:42.169Z", "created_by": null, "created_at": "2026-03-09T13:55:42.169Z", "updated_at": "2026-03-09T13:55:42.288Z"}}, {"model": "complaince.compliancecalculation", "pk": 261, "fields": {"community": "53341a0e-79dd-4901-b878-505e2f09f30f", "census_year": 18, "program": "Solvents", "required_sites": 0, "actual_sites": 0, "shortfall": 0, "excess": 0, "compliance_rate": "0.00", "calculation_date": "2026-03-09T13:55:42.171Z", "created_by": null, "created_at": "2026-03-09T13:55:42.171Z", "updated_at": "2026-03-09T13:55:42.291Z"}}, {"model": "complaince.compliancecalculation", "pk": 262, "fields": {"community": "53341a0e-79dd-4901-b878-505e2f09f30f", "census_year": 18, "program": "Pesticides", "required_sites": 0, "actual_sites": 0, "shortfall": 0, "excess": 0, "compliance_rate": "0.00", "calculation_date": "2026-03-09T13:55:42.174Z", "created_by": null, "created_at": "2026-03-09T13:55:42.174Z", "updated_at": "2026-03-09T13:55:42.293Z"}}, {"model": "complaince.compliancecalculation", "pk": 263, "fields": {"community": "0084db9a-c0b1-463e-b6df-4092661154d8", "census_year": 18, "program": "Paint", "required_sites": 1, "actual_sites": 2, "shortfall": 0, "excess": 1, "compliance_rate": "100.00", "calculation_date": "2026-03-09T13:55:42.185Z", "created_by": null, "created_at": "2026-03-09T13:55:42.185Z", "updated_at": "2026-03-09T13:55:49.635Z"}}, {"model": "complaince.compliancecalculation", "pk": 264, "fields": {"community": "0084db9a-c0b1-463e-b6df-4092661154d8", "census_year": 18, "program": "Lighting", "required_sites": 0, "actual_sites": 0, "shortfall": 0, "excess": 0, "compliance_rate": "0.00", "calculation_date": "2026-03-09T13:55:42.189Z", "created_by": null, "created_at": "2026-03-09T13:55:42.189Z", "updated_at": "2026-03-09T13:55:49.637Z"}}, {"model": "complaince.compliancecalculation", "pk": 265, "fields": {"community": "0084db9a-c0b1-463e-b6df-4092661154d8", "census_year": 18, "program": "Solvents", "required_sites": 0, "actual_sites": 0, "shortfall": 0, "excess": 0, "compliance_rate": "0.00", "calculation_date": "2026-03-09T13:55:42.192Z", "created_by": null, "created_at": "2026-03-09T13:55:42.192Z", "updated_at": "2026-03-09T13:55:49.639Z"}}, {"model": "complaince.compliancecalculation", "pk": 266, "fields": {"community": "0084db9a-c0b1-463e-b6df-4092661154d8", "census_year": 18, "program": "Pesticides", "required_sites": 0, "actual_sites": 0, "shortfall": 0, "excess": 0, "compliance_rate": "0.00", "calculation_date": "2026-03-09T13:55:42.196Z", "created_by": null, "created_at": "2026-03-09T13:55:42.196Z", "updated_at": "2026-03-09T13:55:49.641Z"}}, {"model": "complaince.compliancecalculation", "pk": 267, "fields": {"community": "0084db9a-c0b1-463e-b6df-4092661154d8", "census_year": 17, "program": "Paint", "required_sites": 1, "actual_sites": 2, "shortfall": 0, "excess": 1, "compliance_rate": "100.00", "calculation_date": "2026-03-09T13:55:42.209Z", "created_by": null, "created_at": "2026-03-09T13:55:42.209Z", "updated_at": "2026-03-09T13:55:45.390Z"}}, {"model": "complaince.compliancecalculation", "pk": 268, "fields": {"community": "83783754-98f4-4e07-a009-fa3fdf95191a", "census_year": 4, "program": "Paint", "required_sites": 0, "actual_sites": 0, "shortfall": 0, "excess": 0, "compliance_rate": "0.00", "calculation_date": "2026-03-09T13:55:42.316Z", "created_by": null, "created_at": "2026-03-09T13:55:42.316Z", "updated_at": "2026-03-09T13:55:42.316Z"}}, {"model": "complaince.compliancecalculation", "pk": 269, "fields": {"community": "83783754-98f4-4e07-a009-fa3fdf95191a", "census_year": 4, "program": "Lighting", "required_sites": 0, "actual_sites": 0, "shortfall": 0, "excess": 0, "compliance_rate": "0.00", "calculation_date": "2026-03-09T13:55:42.319Z", "created_by": null, "created_at": "2026-03-09T13:55:42.319Z", "updated_at": "2026-03-09T13:55:42.319Z"}}, {"model": "complaince.compliancecalculation", "pk": 270, "fields": {"community": "83783754-98f4-4e07-a009-fa3fdf95191a", "census_year": 4, "program": "Solvents", "required_sites": 0, "actual_sites": 0, "shortfall": 0, "excess": 0, "compliance_rate": "0.00", "calculation_date": "2026-03-09T13:55:42.321Z", "created_by": null, "created_at": "2026-03-09T13:55:42.321Z", "updated_at": "2026-03-09T13:55:42.321Z"}}, {"model": "complaince.compliancecalculation", "pk": 271, "fields": {"community": "83783754-98f4-4e07-a009-fa3fdf95191a", "census_year": 4, "program": "Pesticides", "required_sites": 0, "actual_sites": 0, "shortfall": 0, "excess": 0, "compliance_rate": "0.00", "calculation_date": "2026-03-09T13:55:42.323Z", "created_by": null, "created_at": "2026-03-09T13:55:42.323Z", "updated_at": "2026-03-09T13:55:42.323Z"}}, {"model": "complaince.compliancecalculation", "pk": 272, "fields": {"community": "b0425424-3c40-414b-a22e-8a4f9a419191", "census_year": 13, "program": "Lighting", "required_sites": 0, "actual_sites": 0, "shortfall": 0, "excess": 0, "compliance_rate": "0.00", "calculation_date": "2026-03-09T13:55:42.333Z", "created_by": null, "created_at": "2026-03-09T13:55:42.333Z", "updated_at": "2026-03-09T14:25:14.299Z"}}, {"model": "complaince.compliancecalculation", "pk": 273, "fields": {"community": "1f59aa2e-4886-4c68-84fc-e07bb845ddb5", "census_year": 13, "program": "Paint", "required_sites": 15, "actual_sites": 0, "shortfall": 15, "excess": 0, "compliance_rate": "0.00", "calculation_date": "2026-03-09T13:55:42.345Z", "created_by": null, "created_at": "2026-03-09T13:55:42.345Z", "updated_at": "2026-03-09T13:55:42.496Z"}}, {"model": "complaince.compliancecalculation", "pk": 274, "fields": {"community": "1f59aa2e-4886-4c68-84fc-e07bb845ddb5", "census_year": 13, "program": "Lighting", "required_sites": 0, "actual_sites": 0, "shortfall": 0, "excess": 0, "compliance_rate": "0.00", "calculation_date": "2026-03-09T13:55:42.350Z", "created_by": null, "created_at": "2026-03-09T13:55:42.350Z", "updated_at": "2026-03-09T13:55:42.499Z"}}, {"model": "complaince.compliancecalculation", "pk": 275, "fields": {"community": "1f59aa2e-4886-4c68-84fc-e07bb845ddb5", "census_year": 13, "program": "Solvents", "required_sites": 0, "actual_sites": 0, "shortfall": 0, "excess": 0, "compliance_rate": "0.00", "calculation_date": "2026-03-09T13:55:42.353Z", "created_by": null, "created_at": "2026-03-09T13:55:42.353Z", "updated_at": "2026-03-09T13:55:42.501Z"}}, {"model": "complaince.compliancecalculation", "pk": 276, "fields": {"community": "1f59aa2e-4886-4c68-84fc-e07bb845ddb5", "census_year": 13, "program": "Pesticides", "required_sites": 0, "actual_sites": 0, "shortfall": 0, "excess": 0, "compliance_rate": "0.00", "calculation_date": "2026-03-09T13:55:42.356Z", "created_by": null, "created_at": "2026-03-09T13:55:42.356Z", "updated_at": "2026-03-09T13:55:42.504Z"}}, {"model": "complaince.compliancecalculation", "pk": 277, "fields": {"community": "923cf29b-47f3-4df0-b367-fa807fc889a1", "census_year": 17, "program": "Paint", "required_sites": 15, "actual_sites": 0, "shortfall": 15, "excess": 0, "compliance_rate": "0.00", "calculation_date": "2026-03-09T13:55:42.367Z", "created_by": null, "created_at": "2026-03-09T13:55:42.367Z", "updated_at": "2026-03-09T13:55:42.367Z"}}, {"model": "complaince.compliancecalculation", "pk": 278, "fields": {"community": "923cf29b-47f3-4df0-b367-fa807fc889a1", "census_year": 17, "program": "Lighting", "required_sites": 0, "actual_sites": 0, "shortfall": 0, "excess": 0, "compliance_rate": "0.00", "calculation_date": "2026-03-09T13:55:42.371Z", "created_by": null, "created_at": "2026-03-09T13:55:42.371Z", "updated_at": "2026-03-09T13:55:42.371Z"}}, {"model": "complaince.compliancecalculation", "pk": 279, "fields": {"community": "923cf29b-47f3-4df0-b367-fa807fc889a1", "census_year": 17, "program": "Solvents", "required_sites": 0, "actual_sites": 0, "shortfall": 0, "excess": 0, "compliance_rate": "0.00", "calculation_date": "2026-03-09T13:55:42.374Z", "created_by": null, "created_at": "2026-03-09T13:55:42.374Z", "updated_at": "2026-03-09T13:55:42.374Z"}}, {"model": "complaince.compliancecalculation", "pk": 280, "fields": {"community": "923cf29b-47f3-4df0-b367-fa807fc889a1", "census_year": 17, "program": "Pesticides", "required_sites": 0, "actual_sites": 0, "shortfall": 0, "excess": 0, "compliance_rate": "0.00", "calculation_date": "2026-03-09T13:55:42.377Z", "created_by": null, "created_at": "2026-03-09T13:55:42.377Z", "updated_at": "2026-03-09T13:55:42.377Z"}}, {"model": "complaince.compliancecalculation", "pk": 281, "fields": {"community": "0084db9a-c0b1-463e-b6df-4092661154d8", "census_year": 17, "program": "Lighting", "required_sites": 0, "actual_sites": 0, "shortfall": 0, "excess": 0, "compliance_rate": "0.00", "calculation_date": "2026-03-09T13:55:42.388Z", "created_by": null, "created_at": "2026-03-09T13:55:42.388Z", "updated_at": "2026-03-09T13:55:45.392Z"}}, {"model": "complaince.compliancecalculation", "pk": 282, "fields": {"community": "0084db9a-c0b1-463e-b6df-4092661154d8", "census_year": 17, "program": "Solvents", "required_sites": 0, "actual_sites": 0, "shortfall": 0, "excess": 0, "compliance_rate": "0.00", "calculation_date": "2026-03-09T13:55:42.391Z", "created_by": null, "created_at": "2026-03-09T13:55:42.391Z", "updated_at": "2026-03-09T13:55:45.394Z"}}, {"model": "complaince.compliancecalculation", "pk": 283, "fields": {"community": "0084db9a-c0b1-463e-b6df-4092661154d8", "census_year": 17, "program": "Pesticides", "required_sites": 0, "actual_sites": 0, "shortfall": 0, "excess": 0, "compliance_rate": "0.00", "calculation_date": "2026-03-09T13:55:42.395Z", "created_by": null, "created_at": "2026-03-09T13:55:42.395Z", "updated_at": "2026-03-09T13:55:45.396Z"}}, {"model": "complaince.compliancecalculation", "pk": 284, "fields": {"community": "ab579d13-f2c0-4520-a835-ed10ee67ba11", "census_year": 18, "program": "Paint", "required_sites": 15, "actual_sites": 0, "shortfall": 15, "excess": 0, "compliance_rate": "0.00", "calculation_date": "2026-03-09T13:55:42.452Z", "created_by": null, "created_at": "2026-03-09T13:55:42.452Z", "updated_at": "2026-03-09T13:55:42.452Z"}}, {"model": "complaince.compliancecalculation", "pk": 285, "fields": {"community": "ab579d13-f2c0-4520-a835-ed10ee67ba11", "census_year": 18, "program": "Lighting", "required_sites": 0, "actual_sites": 0, "shortfall": 0, "excess": 0, "compliance_rate": "0.00", "calculation_date": "2026-03-09T13:55:42.455Z", "created_by": null, "created_at": "2026-03-09T13:55:42.455Z", "updated_at": "2026-03-09T13:55:42.455Z"}}, {"model": "complaince.compliancecalculation", "pk": 286, "fields": {"community": "ab579d13-f2c0-4520-a835-ed10ee67ba11", "census_year": 18, "program": "Solvents", "required_sites": 0, "actual_sites": 0, "shortfall": 0, "excess": 0, "compliance_rate": "0.00", "calculation_date": "2026-03-09T13:55:42.458Z", "created_by": null, "created_at": "2026-03-09T13:55:42.458Z", "updated_at": "2026-03-09T13:55:42.458Z"}}, {"model": "complaince.compliancecalculation", "pk": 287, "fields": {"community": "ab579d13-f2c0-4520-a835-ed10ee67ba11", "census_year": 18, "program": "Pesticides", "required_sites": 0, "actual_sites": 0, "shortfall": 0, "excess": 0, "compliance_rate": "0.00", "calculation_date": "2026-03-09T13:55:42.463Z", "created_by": null, "created_at": "2026-03-09T13:55:42.463Z", "updated_at": "2026-03-09T13:55:42.463Z"}}, {"model": "complaince.compliancecalculation", "pk": 288, "fields": {"community": "0173b598-602e-4fb9-8d55-6d97f9e941cb", "census_year": 18, "program": "Paint", "required_sites": 3, "actual_sites": 0, "shortfall": 3, "excess": 0, "compliance_rate": "0.00", "calculation_date": "2026-03-09T13:55:42.474Z", "created_by": null, "created_at": "2026-03-09T13:55:42.474Z", "updated_at": "2026-03-09T13:55:46.539Z"}}, {"model": "complaince.compliancecalculation", "pk": 289, "fields": {"community": "0173b598-602e-4fb9-8d55-6d97f9e941cb", "census_year": 18, "program": "Pesticides", "required_sites": 0, "actual_sites": 0, "shortfall": 0, "excess": 0, "compliance_rate": "0.00", "calculation_date": "2026-03-09T13:55:42.483Z", "created_by": null, "created_at": "2026-03-09T13:55:42.483Z", "updated_at": "2026-03-09T13:55:46.546Z"}}, {"model": "complaince.compliancecalculation", "pk": 290, "fields": {"community": "ab579d13-f2c0-4520-a835-ed10ee67ba11", "census_year": 13, "program": "Paint", "required_sites": 15, "actual_sites": 0, "shortfall": 15, "excess": 0, "compliance_rate": "0.00", "calculation_date": "2026-03-09T13:55:43.036Z", "created_by": null, "created_at": "2026-03-09T13:55:43.036Z", "updated_at": "2026-03-09T13:55:44.347Z"}}, {"model": "complaince.compliancecalculation", "pk": 291, "fields": {"community": "ab579d13-f2c0-4520-a835-ed10ee67ba11", "census_year": 13, "program": "Lighting", "required_sites": 0, "actual_sites": 0, "shortfall": 0, "excess": 0, "compliance_rate": "0.00", "calculation_date": "2026-03-09T13:55:43.038Z", "created_by": null, "created_at": "2026-03-09T13:55:43.038Z", "updated_at": "2026-03-09T13:55:44.350Z"}}, {"model": "complaince.compliancecalculation", "pk": 292, "fields": {"community": "ab579d13-f2c0-4520-a835-ed10ee67ba11", "census_year": 13, "program": "Solvents", "required_sites": 0, "actual_sites": 0, "shortfall": 0, "excess": 0, "compliance_rate": "0.00", "calculation_date": "2026-03-09T13:55:43.531Z", "created_by": null, "created_at": "2026-03-09T13:55:43.531Z", "updated_at": "2026-03-09T13:55:44.352Z"}}, {"model": "complaince.compliancecalculation", "pk": 293, "fields": {"community": "ab579d13-f2c0-4520-a835-ed10ee67ba11", "census_year": 13, "program": "Pesticides", "required_sites": 0, "actual_sites": 0, "shortfall": 0, "excess": 0, "compliance_rate": "0.00", "calculation_date": "2026-03-09T13:55:43.535Z", "created_by": null, "created_at": "2026-03-09T13:55:43.535Z", "updated_at": "2026-03-09T13:55:44.354Z"}}, {"model": "complaince.compliancecalculation", "pk": 294, "fields": {"community": "b0425424-3c40-414b-a22e-8a4f9a419191", "census_year": 13, "program": "Paint", "required_sites": 2, "actual_sites": 1, "shortfall": 1, "excess": 0, "compliance_rate": "50.00", "calculation_date": "2026-03-09T13:55:43.611Z", "created_by": null, "created_at": "2026-03-09T13:55:43.611Z", "updated_at": "2026-03-09T14:25:14.296Z"}}, {"model": "complaince.compliancecalculation", "pk": 295, "fields": {"community": "923cf29b-47f3-4df0-b367-fa807fc889a1", "census_year": 13, "program": "Paint", "required_sites": 15, "actual_sites": 0, "shortfall": 15, "excess": 0, "compliance_rate": "0.00", "calculation_date": "2026-03-09T13:55:43.660Z", "created_by": null, "created_at": "2026-03-09T13:55:43.660Z", "updated_at": "2026-03-09T13:55:43.660Z"}}, {"model": "complaince.compliancecalculation", "pk": 296, "fields": {"community": "923cf29b-47f3-4df0-b367-fa807fc889a1", "census_year": 13, "program": "Lighting", "required_sites": 0, "actual_sites": 0, "shortfall": 0, "excess": 0, "compliance_rate": "0.00", "calculation_date": "2026-03-09T13:55:43.665Z", "created_by": null, "created_at": "2026-03-09T13:55:43.665Z", "updated_at": "2026-03-09T13:55:43.665Z"}}, {"model": "complaince.compliancecalculation", "pk": 297, "fields": {"community": "923cf29b-47f3-4df0-b367-fa807fc889a1", "census_year": 13, "program": "Solvents", "required_sites": 0, "actual_sites": 0, "shortfall": 0, "excess": 0, "compliance_rate": "0.00", "calculation_date": "2026-03-09T13:55:43.668Z", "created_by": null, "created_at": "2026-03-09T13:55:43.668Z", "updated_at": "2026-03-09T13:55:43.668Z"}}, {"model": "complaince.compliancecalculation", "pk": 298, "fields": {"community": "923cf29b-47f3-4df0-b367-fa807fc889a1", "census_year": 13, "program": "Pesticides", "required_sites": 0, "actual_sites": 0, "shortfall": 0, "excess": 0, "compliance_rate": "0.00", "calculation_date": "2026-03-09T13:55:43.671Z", "created_by": null, "created_at": "2026-03-09T13:55:43.671Z", "updated_at": "2026-03-09T13:55:43.671Z"}}, {"model": "complaince.compliancecalculation", "pk": 299, "fields": {"community": "0ee12818-f7f5-43d5-a480-49bcec8d5872", "census_year": 13, "program": "Paint", "required_sites": 15, "actual_sites": 0, "shortfall": 15, "excess": 0, "compliance_rate": "0.00", "calculation_date": "2026-03-09T13:55:43.732Z", "created_by": null, "created_at": "2026-03-09T13:55:43.732Z", "updated_at": "2026-03-09T13:55:48.545Z"}}, {"model": "complaince.compliancecalculation", "pk": 300, "fields": {"community": "0ee12818-f7f5-43d5-a480-49bcec8d5872", "census_year": 13, "program": "Lighting", "required_sites": 0, "actual_sites": 0, "shortfall": 0, "excess": 0, "compliance_rate": "0.00", "calculation_date": "2026-03-09T13:55:43.734Z", "created_by": null, "created_at": "2026-03-09T13:55:43.735Z", "updated_at": "2026-03-09T13:55:48.547Z"}}, {"model": "complaince.compliancecalculation", "pk": 301, "fields": {"community": "0ee12818-f7f5-43d5-a480-49bcec8d5872", "census_year": 13, "program": "Solvents", "required_sites": 0, "actual_sites": 0, "shortfall": 0, "excess": 0, "compliance_rate": "0.00", "calculation_date": "2026-03-09T13:55:43.736Z", "created_by": null, "created_at": "2026-03-09T13:55:43.736Z", "updated_at": "2026-03-09T13:55:48.549Z"}}, {"model": "complaince.compliancecalculation", "pk": 302, "fields": {"community": "0ee12818-f7f5-43d5-a480-49bcec8d5872", "census_year": 13, "program": "Pesticides", "required_sites": 0, "actual_sites": 0, "shortfall": 0, "excess": 0, "compliance_rate": "0.00", "calculation_date": "2026-03-09T13:55:43.738Z", "created_by": null, "created_at": "2026-03-09T13:55:43.738Z", "updated_at": "2026-03-09T13:55:48.551Z"}}, {"model": "complaince.compliancecalculation", "pk": 303, "fields": {"community": "433e959f-034e-43e5-b827-f0cc3f939768", "census_year": 13, "program": "Paint", "required_sites": 0, "actual_sites": 0, "shortfall": 0, "excess": 0, "compliance_rate": "0.00", "calculation_date": "2026-03-09T13:55:45.535Z", "created_by": null, "created_at": "2026-03-09T13:55:45.535Z", "updated_at": "2026-03-09T13:55:45.535Z"}}, {"model": "complaince.compliancecalculation", "pk": 304, "fields": {"community": "433e959f-034e-43e5-b827-f0cc3f939768", "census_year": 13, "program": "Lighting", "required_sites": 0, "actual_sites": 0, "shortfall": 0, "excess": 0, "compliance_rate": "0.00", "calculation_date": "2026-03-09T13:55:45.537Z", "created_by": null, "created_at": "2026-03-09T13:55:45.537Z", "updated_at": "2026-03-09T13:55:45.537Z"}}, {"model": "complaince.compliancecalculation", "pk": 305, "fields": {"community": "433e959f-034e-43e5-b827-f0cc3f939768", "census_year": 13, "program": "Solvents", "required_sites": 0, "actual_sites": 0, "shortfall": 0, "excess": 0, "compliance_rate": "0.00", "calculation_date": "2026-03-09T13:55:45.538Z", "created_by": null, "created_at": "2026-03-09T13:55:45.538Z", "updated_at": "2026-03-09T13:55:45.538Z"}}, {"model": "complaince.compliancecalculation", "pk": 306, "fields": {"community": "433e959f-034e-43e5-b827-f0cc3f939768", "census_year": 13, "program": "Pesticides", "required_sites": 0, "actual_sites": 0, "shortfall": 0, "excess": 0, "compliance_rate": "0.00", "calculation_date": "2026-03-09T13:55:45.540Z", "created_by": null, "created_at": "2026-03-09T13:55:45.540Z", "updated_at": "2026-03-09T13:55:45.540Z"}}, {"model": "complaince.compliancecalculation", "pk": 307, "fields": {"community": "923cf29b-47f3-4df0-b367-fa807fc889a1", "census_year": 18, "program": "Paint", "required_sites": 15, "actual_sites": 0, "shortfall": 15, "excess": 0, "compliance_rate": "0.00", "calculation_date": "2026-03-09T13:55:47.586Z", "created_by": null, "created_at": "2026-03-09T13:55:47.586Z", "updated_at": "2026-03-09T13:55:47.586Z"}}, {"model": "complaince.compliancecalculation", "pk": 308, "fields": {"community": "923cf29b-47f3-4df0-b367-fa807fc889a1", "census_year": 18, "program": "Lighting", "required_sites": 0, "actual_sites": 0, "shortfall": 0, "excess": 0, "compliance_rate": "0.00", "calculation_date": "2026-03-09T13:55:47.588Z", "created_by": null, "created_at": "2026-03-09T13:55:47.588Z", "updated_at": "2026-03-09T13:55:47.588Z"}}, {"model": "complaince.compliancecalculation", "pk": 309, "fields": {"community": "923cf29b-47f3-4df0-b367-fa807fc889a1", "census_year": 18, "program": "Solvents", "required_sites": 0, "actual_sites": 0, "shortfall": 0, "excess": 0, "compliance_rate": "0.00", "calculation_date": "2026-03-09T13:55:47.590Z", "created_by": null, "created_at": "2026-03-09T13:55:47.590Z", "updated_at": "2026-03-09T13:55:47.590Z"}}, {"model": "complaince.compliancecalculation", "pk": 310, "fields": {"community": "923cf29b-47f3-4df0-b367-fa807fc889a1", "census_year": 18, "program": "Pesticides", "required_sites": 0, "actual_sites": 0, "shortfall": 0, "excess": 0, "compliance_rate": "0.00", "calculation_date": "2026-03-09T13:55:47.592Z", "created_by": null, "created_at": "2026-03-09T13:55:47.592Z", "updated_at": "2026-03-09T13:55:47.592Z"}}, {"model": "complaince.compliancecalculation", "pk": 311, "fields": {"community": "1f59aa2e-4886-4c68-84fc-e07bb845ddb5", "census_year": 17, "program": "Paint", "required_sites": 15, "actual_sites": 0, "shortfall": 15, "excess": 0, "compliance_rate": "0.00", "calculation_date": "2026-03-09T13:55:48.382Z", "created_by": null, "created_at": "2026-03-09T13:55:48.382Z", "updated_at": "2026-03-09T13:55:48.382Z"}}, {"model": "complaince.compliancecalculation", "pk": 312, "fields": {"community": "1f59aa2e-4886-4c68-84fc-e07bb845ddb5", "census_year": 17, "program": "Lighting", "required_sites": 0, "actual_sites": 0, "shortfall": 0, "excess": 0, "compliance_rate": "0.00", "calculation_date": "2026-03-09T13:55:48.384Z", "created_by": null, "created_at": "2026-03-09T13:55:48.384Z", "updated_at": "2026-03-09T13:55:48.384Z"}}, {"model": "complaince.compliancecalculation", "pk": 313, "fields": {"community": "1f59aa2e-4886-4c68-84fc-e07bb845ddb5", "census_year": 17, "program": "Solvents", "required_sites": 0, "actual_sites": 0, "shortfall": 0, "excess": 0, "compliance_rate": "0.00", "calculation_date": "2026-03-09T13:55:48.386Z", "created_by": null, "created_at": "2026-03-09T13:55:48.386Z", "updated_at": "2026-03-09T13:55:48.386Z"}}, {"model": "complaince.compliancecalculation", "pk": 314, "fields": {"community": "1f59aa2e-4886-4c68-84fc-e07bb845ddb5", "census_year": 17, "program": "Pesticides", "required_sites": 0, "actual_sites": 0, "shortfall": 0, "excess": 0, "compliance_rate": "0.00", "calculation_date": "2026-03-09T13:55:48.388Z", "created_by": null, "created_at": "2026-03-09T13:55:48.388Z", "updated_at": "2026-03-09T13:55:48.388Z"}}, {"model": "complaince.compliancecalculation", "pk": 315, "fields": {"community": "b0425424-3c40-414b-a22e-8a4f9a419191", "census_year": 13, "program": "Solvents", "required_sites": 0, "actual_sites": 0, "shortfall": 0, "excess": 0, "compliance_rate": "0.00", "calculation_date": "2026-03-09T13:59:11.449Z", "created_by": null, "created_at": "2026-03-09T13:59:11.449Z", "updated_at": "2026-03-09T14:25:14.302Z"}}, {"model": "complaince.compliancecalculation", "pk": 316, "fields": {"community": "b0425424-3c40-414b-a22e-8a4f9a419191", "census_year": 13, "program": "Pesticides", "required_sites": 0, "actual_sites": 0, "shortfall": 0, "excess": 0, "compliance_rate": "0.00", "calculation_date": "2026-03-09T13:59:11.451Z", "created_by": null, "created_at": "2026-03-09T13:59:11.451Z", "updated_at": "2026-03-09T14:25:14.304Z"}}, {"model": "regulatory_rules.regulatoryrule", "pk": "00f1b12a-366f-4cc4-9259-4c59055da1ac", "fields": {"name": "Rule 3", "description": "Description 3", "created_at": "2026-02-24T04:35:11.854Z", "updated_at": "2026-02-24T04:35:11.854Z"}}, {"model": "regulatory_rules.regulatoryrule", "pk": "05effed6-6030-4db5-9c53-2cc37085462e", "fields": {"name": "Rule 6", "description": null, "created_at": "2026-02-24T04:35:11.864Z", "updated_at": "2026-02-24T04:35:11.864Z"}}, {"model": "regulatory_rules.regulatoryrule", "pk": "09765baf-4a7c-4859-bcec-da15562c6a5b", "fields": {"name": "Rule 9", "description": "", "created_at": "2026-02-23T13:14:40.506Z", "updated_at": "2026-02-24T06:12:45.378Z"}}, {"model": "regulatory_rules.regulatoryrule", "pk": "14f80a2c-774f-454f-881e-dcddcf883d66", "fields": {"name": "Rule 5", "description": null, "created_at": "2026-02-24T04:35:11.861Z", "updated_at": "2026-02-24T04:35:11.861Z"}}, {"model": "regulatory_rules.regulatoryrule", "pk": "29323663-302a-4a0a-a5bd-0f44bf107e77", "fields": {"name": "Rule 8", "description": null, "created_at": "2026-02-23T13:14:40.504Z", "updated_at": "2026-02-24T04:49:34.349Z"}}, {"model": "regulatory_rules.regulatoryrule", "pk": "2e663005-6917-4d93-9596-e5619349da7d", "fields": {"name": "Rule 9", "description": "Description 9", "created_at": "2026-02-24T04:38:58.180Z", "updated_at": "2026-02-24T04:38:58.180Z"}}, {"model": "regulatory_rules.regulatoryrule", "pk": "33051d7e-5445-4728-8697-b97b55bdc236", "fields": {"name": "Rule 8", "description": "Description 8", "created_at": "2026-02-24T04:38:58.177Z", "updated_at": "2026-02-24T04:38:58.177Z"}}, {"model": "regulatory_rules.regulatoryrule", "pk": "469c0da1-98f5-4bc8-926f-737df497ca9b", "fields": {"name": "Expired Rule", "description": "This rule is expired", "created_at": "2026-02-24T04:35:11.857Z", "updated_at": "2026-02-24T04:35:11.857Z"}}, {"model": "regulatory_rules.regulatoryrule", "pk": "522fc16e-2e03-4104-a7b7-4d05c6ef2ad4", "fields": {"name": "Rule 5", "description": "Description 5", "created_at": "2026-02-24T04:38:58.167Z", "updated_at": "2026-02-24T04:38:58.167Z"}}, {"model": "regulatory_rules.regulatoryrule", "pk": "616750ee-3755-4a3a-8d3a-7d1706e02cef", "fields": {"name": "Rule 4", "description": null, "created_at": "2026-02-23T13:14:40.491Z", "updated_at": "2026-02-24T04:49:34.340Z"}}, {"model": "regulatory_rules.regulatoryrule", "pk": "6aad1130-5f31-4840-b656-e5f31577bbed", "fields": {"name": "Rule 7", "description": null, "created_at": "2026-02-24T04:35:11.869Z", "updated_at": "2026-02-24T04:35:11.869Z"}}, {"model": "regulatory_rules.regulatoryrule", "pk": "77729e96-74ff-473a-9549-9fec71e6b2fe", "fields": {"name": "Rule 6", "description": null, "created_at": "2026-02-23T13:14:40.497Z", "updated_at": "2026-02-24T04:49:34.345Z"}}, {"model": "regulatory_rules.regulatoryrule", "pk": "7bf6f7e6-6653-460a-ba1e-2882860f55f5", "fields": {"name": "Rule 2", "description": "Description 2", "created_at": "2026-02-24T04:35:11.851Z", "updated_at": "2026-02-24T04:35:11.851Z"}}, {"model": "regulatory_rules.regulatoryrule", "pk": "7e33d828-f602-4a32-85a5-e1b56f6865cb", "fields": {"name": "Rule 7", "description": "Description 7", "created_at": "2026-02-24T04:38:58.174Z", "updated_at": "2026-02-24T04:38:58.174Z"}}, {"model": "regulatory_rules.regulatoryrule", "pk": "89c4b811-96a0-45db-a86c-65aef52bde2a", "fields": {"name": "Rule 10", "description": null, "created_at": "2026-02-23T13:14:40.509Z", "updated_at": "2026-02-24T04:49:34.353Z"}}, {"model": "regulatory_rules.regulatoryrule", "pk": "9ea6d636-9c71-409c-a449-3f1338452dfb", "fields": {"name": "Rule 7", "description": null, "created_at": "2026-02-23T13:14:40.501Z", "updated_at": "2026-02-24T04:49:34.347Z"}}, {"model": "regulatory_rules.regulatoryrule", "pk": "a3d85d9f-25b8-4b19-9e0b-d8f37de9a990", "fields": {"name": "New Rule", "description": "Description", "created_at": "2026-02-23T13:20:26.810Z", "updated_at": "2026-02-24T04:49:34.355Z"}}, {"model": "regulatory_rules.regulatoryrule", "pk": "a9e1f7a0-3bd3-4413-a15d-098a387124f4", "fields": {"name": "Rule 8", "description": null, "created_at": "2026-02-24T04:35:11.872Z", "updated_at": "2026-02-24T04:35:11.872Z"}}, {"model": "regulatory_rules.regulatoryrule", "pk": "b3d98db6-5145-4398-97f0-97a129fac1ee", "fields": {"name": "Rule 1", "description": null, "created_at": "2026-02-23T13:14:40.483Z", "updated_at": "2026-02-24T04:49:34.331Z"}}, {"model": "regulatory_rules.regulatoryrule", "pk": "b6f06e56-cb9c-430e-8c87-071fee14df2b", "fields": {"name": "Rule 1", "description": "Description 1", "created_at": "2026-02-24T04:35:11.847Z", "updated_at": "2026-02-24T04:35:11.847Z"}}, {"model": "regulatory_rules.regulatoryrule", "pk": "bd5a26d8-1f1d-412c-a245-2c7b8849006d", "fields": {"name": "Rule 10", "description": "Description 10", "created_at": "2026-02-24T04:38:58.184Z", "updated_at": "2026-02-24T04:38:58.184Z"}}, {"model": "regulatory_rules.regulatoryrule", "pk": "c8b6c6c1-5996-4467-a098-b787c41cdb85", "fields": {"name": "Rule 9", "description": "", "created_at": "2026-02-24T04:35:11.875Z", "updated_at": "2026-02-24T06:12:16.427Z"}}, {"model": "regulatory_rules.regulatoryrule", "pk": "cb2766ff-6e7a-487e-9106-639c59950a73", "fields": {"name": "Rule 5", "description": "", "created_at": "2026-02-23T13:14:40.493Z", "updated_at": "2026-02-24T06:12:10.694Z"}}, {"model": "regulatory_rules.regulatoryrule", "pk": "d8436eda-4890-4c12-bc1b-5ad7f94f891c", "fields": {"name": "Rule 6", "description": "Description 6", "created_at": "2026-02-24T04:38:58.170Z", "updated_at": "2026-02-24T04:38:58.170Z"}}, {"model": "regulatory_rules.regulatoryrule", "pk": "f205a925-ece3-4640-8b01-d72f06bd93d1", "fields": {"name": "Rule 10", "description": "", "created_at": "2026-02-24T04:35:11.878Z", "updated_at": "2026-02-24T10:30:15.690Z"}}, {"model": "regulatory_rules.regulatoryrulecensusdata", "pk": 1, "fields": {"regulatory_rule": "a3d85d9f-25b8-4b19-9e0b-d8f37de9a990", "census_year": 4, "program": "Paint", "category": "HSP", "rule_type": "Site Requirements", "min_population": 1, "max_population": 250000, "site_per_population": 40000, "base_required_sites": 1, "event_offset_percentage": null, "reallocation_percentage": null, "is_active": true, "start_date": "2026-03-02T06:14:08Z", "end_date": null, "created_at": "2026-03-02T06:14:09.389Z", "updated_at": "2026-03-02T11:20:13.621Z"}}, {"model": "regulatory_rules.regulatoryrulecensusdata", "pk": 3, "fields": {"regulatory_rule": "b3d98db6-5145-4398-97f0-97a129fac1ee", "census_year": 13, "program": "Paint", "category": "HSP", "rule_type": "Site Requirements", "min_population": 1, "max_population": 100000, "site_per_population": 30000, "base_required_sites": 1, "event_offset_percentage": null, "reallocation_percentage": null, "is_active": true, "start_date": "2026-03-02T10:41:46Z", "end_date": null, "created_at": "2026-03-02T10:41:50.128Z", "updated_at": "2026-03-05T14:30:46.479Z"}}, {"model": "regulatory_rules.regulatoryrulecensusdata", "pk": 10, "fields": {"regulatory_rule": "a3d85d9f-25b8-4b19-9e0b-d8f37de9a990", "census_year": 17, "program": "Paint", "category": "HSP", "rule_type": "Site Requirements", "min_population": 1, "max_population": 250000, "site_per_population": 40000, "base_required_sites": 1, "event_offset_percentage": null, "reallocation_percentage": null, "is_active": true, "start_date": "2026-03-02T06:14:08Z", "end_date": null, "created_at": "2026-03-09T08:37:17.821Z", "updated_at": "2026-03-09T08:37:17.821Z"}}, {"model": "regulatory_rules.regulatoryrulecensusdata", "pk": 11, "fields": {"regulatory_rule": "b3d98db6-5145-4398-97f0-97a129fac1ee", "census_year": 17, "program": "Paint", "category": "HSP", "rule_type": "Site Requirements", "min_population": 1, "max_population": 100000, "site_per_population": 30000, "base_required_sites": 1, "event_offset_percentage": null, "reallocation_percentage": null, "is_active": true, "start_date": "2026-03-02T10:41:46Z", "end_date": null, "created_at": "2026-03-09T08:37:17.827Z", "updated_at": "2026-03-09T08:37:17.827Z"}}, {"model": "regulatory_rules.regulatoryrulecensusdata", "pk": 12, "fields": {"regulatory_rule": "a3d85d9f-25b8-4b19-9e0b-d8f37de9a990", "census_year": 18, "program": "Paint", "category": "HSP", "rule_type": "Site Requirements", "min_population": 1, "max_population": 250000, "site_per_population": 40000, "base_required_sites": 1, "event_offset_percentage": null, "reallocation_percentage": null, "is_active": true, "start_date": "2026-03-02T06:14:08Z", "end_date": null, "created_at": "2026-03-09T08:37:17.904Z", "updated_at": "2026-03-09T08:37:17.904Z"}}, {"model": "regulatory_rules.regulatoryrulecensusdata", "pk": 13, "fields": {"regulatory_rule": "b3d98db6-5145-4398-97f0-97a129fac1ee", "census_year": 18, "program": "Paint", "category": "HSP", "rule_type": "Site Requirements", "min_population": 1, "max_population": 100000, "site_per_population": 30000, "base_required_sites": 1, "event_offset_percentage": null, "reallocation_percentage": null, "is_active": true, "start_date": "2026-03-02T10:41:46Z", "end_date": null, "created_at": "2026-03-09T08:37:17.908Z", "updated_at": "2026-03-09T08:37:17.908Z"}}, {"model": "test_check.community", "pk": "89b29314-dbba-4dc6-9fb9-9317f6e4bc0a", "fields": {"name": "Ottawa", "population": 1017449, "tier": "Single", "region": "Eastern", "zone": "East", "province": "Ontario", "is_active": true, "start_date": null, "end_date": null, "created_at": "2026-02-26T12:29:18.747Z", "updated_at": "2026-02-26T12:29:18.747Z", "census_years": [3, 6, 9], "sites": ["0ced8571-b3d2-4e3c-bc54-ed1b266d9095"]}}, {"model": "test_check.community", "pk": "e4d4e632-06b2-480e-abb6-500312a2d9d4", "fields": {"name": "Toronto", "population": 2800000, "tier": "Single", "region": "Central", "zone": "GTA", "province": "Ontario", "is_active": true, "start_date": "2026-02-26T10:43:03Z", "end_date": "2027-02-26T10:43:05Z", "created_at": "2026-02-26T10:43:09.954Z", "updated_at": "2026-02-26T12:27:50.040Z", "census_years": [4, 6, 9], "sites": ["0ced8571-b3d2-4e3c-bc54-ed1b266d9095"]}}, {"model": "test_check.community", "pk": "f5c54b20-daa1-4494-9bc9-28b985cd7461", "fields": {"name": "a", "population": 14050, "tier": "single", "region": "a", "zone": "1", "province": "ontario", "is_active": false, "start_date": "2026-02-26T10:29:08Z", "end_date": "2027-02-26T10:29:09Z", "created_at": "2026-02-26T10:29:15.390Z", "updated_at": "2026-02-26T12:37:12.734Z", "census_years": [3, 4], "sites": ["0ced8571-b3d2-4e3c-bc54-ed1b266d9095"]}}, {"model": "test_check.censusyear", "pk": 3, "fields": {"year": 2021, "sites": []}}, {"model": "test_check.censusyear", "pk": 4, "fields": {"year": 2012, "sites": []}}, {"model": "test_check.censusyear", "pk": 6, "fields": {"year": 2025, "sites": []}}, {"model": "test_check.censusyear", "pk": 9, "fields": {"year": 2019, "sites": ["0ced8571-b3d2-4e3c-bc54-ed1b266d9095"]}}, {"model": "test_check.site", "pk": "0ced8571-b3d2-4e3c-bc54-ed1b266d9095", "fields": {"site_name": "aaaa", "site_type": "Collection Site", "operator_type": "Distributor", "service_partner": "dd", "address_line_1": "168 John Street", "address_line_2": "Apt 5", "address_city": "Barrie", "address_postal_code": "L4N 2L2", "is_active": true, "site_start_date": "2026-02-26T10:32:31Z", "site_end_date": "2027-02-26T10:32:33Z", "region": "Region 2", "service_area": null, "address_latitude": null, "address_longitude": null, "program_paint": false, "program_paint_start_date": null, "program_paint_end_date": null, "program_lights": false, "program_lights_start_date": null, "program_lights_end_date": null, "program_solvents": false, "program_solvents_start_date": null, "program_solvents_end_date": null, "program_pesticides": false, "program_pesticides_start_date": null, "program_pesticides_end_date": null, "program_fertilizers": false, "program_fertilizers_start_date": null, "program_fertilizers_end_date": null, "latitude": null, "longitude": null, "created_at": "2026-02-26T10:32:53.661Z", "updated_at": "2026-02-27T09:12:39.757Z"}}]